[2026-02-12 08:40:05] production.ERROR: Target class [App\Http\Middleware\Authenticate] does not exist. {"exception":"[object] (Illuminate\\Contracts\\Container\\BindingResolutionException(code: 0): Target class [App\\Http\\Middleware\\Authenticate] does not exist. at /var/www/woodson/thehub/vendor/laravel/framework/src/Illuminate/Container/Container.php:961)
[stacktrace]
#0 /var/www/woodson/thehub/vendor/laravel/framework/src/Illuminate/Container/Container.php(832): Illuminate\\Container\\Container->build()
#1 /var/www/woodson/thehub/vendor/laravel/framework/src/Illuminate/Foundation/Application.php(1078): Illuminate\\Container\\Container->resolve()
#2 /var/www/woodson/thehub/vendor/laravel/framework/src/Illuminate/Container/Container.php(763): Illuminate\\Foundation\\Application->resolve()
#3 /var/www/woodson/thehub/vendor/laravel/framework/src/Illuminate/Foundation/Application.php(1058): Illuminate\\Container\\Container->make()
#4 /var/www/woodson/thehub/vendor/laravel/framework/src/Illuminate/Pipeline/Pipeline.php(198): Illuminate\\Foundation\\Application->make()
#5 /var/www/woodson/thehub/vendor/laravel/framework/src/Illuminate/Routing/Middleware/SubstituteBindings.php(51): Illuminate\\Pipeline\\Pipeline->Illuminate\\Pipeline\\{closure}()
#6 /var/www/woodson/thehub/vendor/laravel/framework/src/Illuminate/Pipeline/Pipeline.php(209): Illuminate\\Routing\\Middleware\\SubstituteBindings->handle()
#7 /var/www/woodson/thehub/vendor/laravel/framework/src/Illuminate/Foundation/Http/Middleware/VerifyCsrfToken.php(88): Illuminate\\Pipeline\\Pipeline->Illuminate\\Pipeline\\{closure}()
#8 /var/www/woodson/thehub/vendor/laravel/framework/src/Illuminate/Pipeline/Pipeline.php(209): Illuminate\\Foundation\\Http\\Middleware\\VerifyCsrfToken->handle()
#9 /var/www/woodson/thehub/vendor/laravel/framework/src/Illuminate/View/Middleware/ShareErrorsFromSession.php(49): Illuminate\\Pipeline\\Pipeline->Illuminate\\Pipeline\\{closure}()
#10 /var/www/woodson/thehub/vendor/laravel/framework/src/Illuminate/Pipeline/Pipeline.php(209): Illuminate\\View\\Middleware\\ShareErrorsFromSession->handle()
#11 /var/www/woodson/thehub/vendor/laravel/framework/src/Illuminate/Session/Middleware/StartSession.php(121): Illuminate\\Pipeline\\Pipeline->Illuminate\\Pipeline\\{closure}()
#12 /var/www/woodson/thehub/vendor/laravel/framework/src/Illuminate/Session/Middleware/StartSession.php(64): Illuminate\\Session\\Middleware\\StartSession->handleStatefulRequest()
#13 /var/www/woodson/thehub/vendor/laravel/framework/src/Illuminate/Pipeline/Pipeline.php(209): Illuminate\\Session\\Middleware\\StartSession->handle()
#14 /var/www/woodson/thehub/vendor/laravel/framework/src/Illuminate/Cookie/Middleware/AddQueuedCookiesToResponse.php(37): Illuminate\\Pipeline\\Pipeline->Illuminate\\Pipeline\\{closure}()
#15 /var/www/woodson/thehub/vendor/laravel/framework/src/Illuminate/Pipeline/Pipeline.php(209): Illuminate\\Cookie\\Middleware\\AddQueuedCookiesToResponse->handle()
#16 /var/www/woodson/thehub/vendor/laravel/framework/src/Illuminate/Cookie/Middleware/EncryptCookies.php(75): Illuminate\\Pipeline\\Pipeline->Illuminate\\Pipeline\\{closure}()
#17 /var/www/woodson/thehub/vendor/laravel/framework/src/Illuminate/Pipeline/Pipeline.php(209): Illuminate\\Cookie\\Middleware\\EncryptCookies->handle()
#18 /var/www/woodson/thehub/vendor/laravel/framework/src/Illuminate/Pipeline/Pipeline.php(127): Illuminate\\Pipeline\\Pipeline->Illuminate\\Pipeline\\{closure}()
#19 /var/www/woodson/thehub/vendor/laravel/framework/src/Illuminate/Routing/Router.php(807): Illuminate\\Pipeline\\Pipeline->then()
#20 /var/www/woodson/thehub/vendor/laravel/framework/src/Illuminate/Routing/Router.php(786): Illuminate\\Routing\\Router->runRouteWithinStack()
#21 /var/www/woodson/thehub/vendor/laravel/framework/src/Illuminate/Routing/Router.php(750): Illuminate\\Routing\\Router->runRoute()
#22 /var/www/woodson/thehub/vendor/laravel/framework/src/Illuminate/Routing/Router.php(739): Illuminate\\Routing\\Router->dispatchToRoute()
#23 /var/www/woodson/thehub/vendor/laravel/framework/src/Illuminate/Foundation/Http/Kernel.php(201): Illuminate\\Routing\\Router->dispatch()
#24 /var/www/woodson/thehub/vendor/laravel/framework/src/Illuminate/Pipeline/Pipeline.php(170): Illuminate\\Foundation\\Http\\Kernel->Illuminate\\Foundation\\Http\\{closure}()
#25 /var/www/woodson/thehub/vendor/laravel/framework/src/Illuminate/Foundation/Http/Middleware/TransformsRequest.php(21): Illuminate\\Pipeline\\Pipeline->Illuminate\\Pipeline\\{closure}()
#26 /var/www/woodson/thehub/vendor/laravel/framework/src/Illuminate/Foundation/Http/Middleware/ConvertEmptyStringsToNull.php(31): Illuminate\\Foundation\\Http\\Middleware\\TransformsRequest->handle()
#27 /var/www/woodson/thehub/vendor/laravel/framework/src/Illuminate/Pipeline/Pipeline.php(209): Illuminate\\Foundation\\Http\\Middleware\\ConvertEmptyStringsToNull->handle()
#28 /var/www/woodson/thehub/vendor/laravel/framework/src/Illuminate/Foundation/Http/Middleware/TransformsRequest.php(21): Illuminate\\Pipeline\\Pipeline->Illuminate\\Pipeline\\{closure}()
#29 /var/www/woodson/thehub/vendor/laravel/framework/src/Illuminate/Foundation/Http/Middleware/TrimStrings.php(51): Illuminate\\Foundation\\Http\\Middleware\\TransformsRequest->handle()
#30 /var/www/woodson/thehub/vendor/laravel/framework/src/Illuminate/Pipeline/Pipeline.php(209): Illuminate\\Foundation\\Http\\Middleware\\TrimStrings->handle()
#31 /var/www/woodson/thehub/vendor/laravel/framework/src/Illuminate/Http/Middleware/ValidatePostSize.php(27): Illuminate\\Pipeline\\Pipeline->Illuminate\\Pipeline\\{closure}()
#32 /var/www/woodson/thehub/vendor/laravel/framework/src/Illuminate/Pipeline/Pipeline.php(209): Illuminate\\Http\\Middleware\\ValidatePostSize->handle()
#33 /var/www/woodson/thehub/vendor/laravel/framework/src/Illuminate/Foundation/Http/Middleware/PreventRequestsDuringMaintenance.php(110): Illuminate\\Pipeline\\Pipeline->Illuminate\\Pipeline\\{closure}()
#34 /var/www/woodson/thehub/vendor/laravel/framework/src/Illuminate/Pipeline/Pipeline.php(209): Illuminate\\Foundation\\Http\\Middleware\\PreventRequestsDuringMaintenance->handle()
#35 /var/www/woodson/thehub/vendor/laravel/framework/src/Illuminate/Http/Middleware/HandleCors.php(49): Illuminate\\Pipeline\\Pipeline->Illuminate\\Pipeline\\{closure}()
#36 /var/www/woodson/thehub/vendor/laravel/framework/src/Illuminate/Pipeline/Pipeline.php(209): Illuminate\\Http\\Middleware\\HandleCors->handle()
#37 /var/www/woodson/thehub/vendor/laravel/framework/src/Illuminate/Http/Middleware/TrustProxies.php(58): Illuminate\\Pipeline\\Pipeline->Illuminate\\Pipeline\\{closure}()
#38 /var/www/woodson/thehub/vendor/laravel/framework/src/Illuminate/Pipeline/Pipeline.php(209): Illuminate\\Http\\Middleware\\TrustProxies->handle()
#39 /var/www/woodson/thehub/vendor/laravel/framework/src/Illuminate/Foundation/Http/Middleware/InvokeDeferredCallbacks.php(22): Illuminate\\Pipeline\\Pipeline->Illuminate\\Pipeline\\{closure}()
#40 /var/www/woodson/thehub/vendor/laravel/framework/src/Illuminate/Pipeline/Pipeline.php(209): Illuminate\\Foundation\\Http\\Middleware\\InvokeDeferredCallbacks->handle()
#41 /var/www/woodson/thehub/vendor/laravel/framework/src/Illuminate/Pipeline/Pipeline.php(127): Illuminate\\Pipeline\\Pipeline->Illuminate\\Pipeline\\{closure}()
#42 /var/www/woodson/thehub/vendor/laravel/framework/src/Illuminate/Foundation/Http/Kernel.php(176): Illuminate\\Pipeline\\Pipeline->then()
#43 /var/www/woodson/thehub/vendor/laravel/framework/src/Illuminate/Foundation/Http/Kernel.php(145): Illuminate\\Foundation\\Http\\Kernel->sendRequestThroughRouter()
#44 /var/www/woodson/thehub/public/laravel.php(34): Illuminate\\Foundation\\Http\\Kernel->handle()
#45 {main}

[previous exception] [object] (ReflectionException(code: -1): Class \"App\\Http\\Middleware\\Authenticate\" does not exist at /var/www/woodson/thehub/vendor/laravel/framework/src/Illuminate/Container/Container.php:959)
[stacktrace]
#0 /var/www/woodson/thehub/vendor/laravel/framework/src/Illuminate/Container/Container.php(959): ReflectionClass->__construct()
#1 /var/www/woodson/thehub/vendor/laravel/framework/src/Illuminate/Container/Container.php(832): Illuminate\\Container\\Container->build()
#2 /var/www/woodson/thehub/vendor/laravel/framework/src/Illuminate/Foundation/Application.php(1078): Illuminate\\Container\\Container->resolve()
#3 /var/www/woodson/thehub/vendor/laravel/framework/src/Illuminate/Container/Container.php(763): Illuminate\\Foundation\\Application->resolve()
#4 /var/www/woodson/thehub/vendor/laravel/framework/src/Illuminate/Foundation/Application.php(1058): Illuminate\\Container\\Container->make()
#5 /var/www/woodson/thehub/vendor/laravel/framework/src/Illuminate/Pipeline/Pipeline.php(198): Illuminate\\Foundation\\Application->make()
#6 /var/www/woodson/thehub/vendor/laravel/framework/src/Illuminate/Routing/Middleware/SubstituteBindings.php(51): Illuminate\\Pipeline\\Pipeline->Illuminate\\Pipeline\\{closure}()
#7 /var/www/woodson/thehub/vendor/laravel/framework/src/Illuminate/Pipeline/Pipeline.php(209): Illuminate\\Routing\\Middleware\\SubstituteBindings->handle()
#8 /var/www/woodson/thehub/vendor/laravel/framework/src/Illuminate/Foundation/Http/Middleware/VerifyCsrfToken.php(88): Illuminate\\Pipeline\\Pipeline->Illuminate\\Pipeline\\{closure}()
#9 /var/www/woodson/thehub/vendor/laravel/framework/src/Illuminate/Pipeline/Pipeline.php(209): Illuminate\\Foundation\\Http\\Middleware\\VerifyCsrfToken->handle()
#10 /var/www/woodson/thehub/vendor/laravel/framework/src/Illuminate/View/Middleware/ShareErrorsFromSession.php(49): Illuminate\\Pipeline\\Pipeline->Illuminate\\Pipeline\\{closure}()
#11 /var/www/woodson/thehub/vendor/laravel/framework/src/Illuminate/Pipeline/Pipeline.php(209): Illuminate\\View\\Middleware\\ShareErrorsFromSession->handle()
#12 /var/www/woodson/thehub/vendor/laravel/framework/src/Illuminate/Session/Middleware/StartSession.php(121): Illuminate\\Pipeline\\Pipeline->Illuminate\\Pipeline\\{closure}()
#13 /var/www/woodson/thehub/vendor/laravel/framework/src/Illuminate/Session/Middleware/StartSession.php(64): Illuminate\\Session\\Middleware\\StartSession->handleStatefulRequest()
#14 /var/www/woodson/thehub/vendor/laravel/framework/src/Illuminate/Pipeline/Pipeline.php(209): Illuminate\\Session\\Middleware\\StartSession->handle()
#15 /var/www/woodson/thehub/vendor/laravel/framework/src/Illuminate/Cookie/Middleware/AddQueuedCookiesToResponse.php(37): Illuminate\\Pipeline\\Pipeline->Illuminate\\Pipeline\\{closure}()
#16 /var/www/woodson/thehub/vendor/laravel/framework/src/Illuminate/Pipeline/Pipeline.php(209): Illuminate\\Cookie\\Middleware\\AddQueuedCookiesToResponse->handle()
#17 /var/www/woodson/thehub/vendor/laravel/framework/src/Illuminate/Cookie/Middleware/EncryptCookies.php(75): Illuminate\\Pipeline\\Pipeline->Illuminate\\Pipeline\\{closure}()
#18 /var/www/woodson/thehub/vendor/laravel/framework/src/Illuminate/Pipeline/Pipeline.php(209): Illuminate\\Cookie\\Middleware\\EncryptCookies->handle()
#19 /var/www/woodson/thehub/vendor/laravel/framework/src/Illuminate/Pipeline/Pipeline.php(127): Illuminate\\Pipeline\\Pipeline->Illuminate\\Pipeline\\{closure}()
#20 /var/www/woodson/thehub/vendor/laravel/framework/src/Illuminate/Routing/Router.php(807): Illuminate\\Pipeline\\Pipeline->then()
#21 /var/www/woodson/thehub/vendor/laravel/framework/src/Illuminate/Routing/Router.php(786): Illuminate\\Routing\\Router->runRouteWithinStack()
#22 /var/www/woodson/thehub/vendor/laravel/framework/src/Illuminate/Routing/Router.php(750): Illuminate\\Routing\\Router->runRoute()
#23 /var/www/woodson/thehub/vendor/laravel/framework/src/Illuminate/Routing/Router.php(739): Illuminate\\Routing\\Router->dispatchToRoute()
#24 /var/www/woodson/thehub/vendor/laravel/framework/src/Illuminate/Foundation/Http/Kernel.php(201): Illuminate\\Routing\\Router->dispatch()
#25 /var/www/woodson/thehub/vendor/laravel/framework/src/Illuminate/Pipeline/Pipeline.php(170): Illuminate\\Foundation\\Http\\Kernel->Illuminate\\Foundation\\Http\\{closure}()
#26 /var/www/woodson/thehub/vendor/laravel/framework/src/Illuminate/Foundation/Http/Middleware/TransformsRequest.php(21): Illuminate\\Pipeline\\Pipeline->Illuminate\\Pipeline\\{closure}()
#27 /var/www/woodson/thehub/vendor/laravel/framework/src/Illuminate/Foundation/Http/Middleware/ConvertEmptyStringsToNull.php(31): Illuminate\\Foundation\\Http\\Middleware\\TransformsRequest->handle()
#28 /var/www/woodson/thehub/vendor/laravel/framework/src/Illuminate/Pipeline/Pipeline.php(209): Illuminate\\Foundation\\Http\\Middleware\\ConvertEmptyStringsToNull->handle()
#29 /var/www/woodson/thehub/vendor/laravel/framework/src/Illuminate/Foundation/Http/Middleware/TransformsRequest.php(21): Illuminate\\Pipeline\\Pipeline->Illuminate\\Pipeline\\{closure}()
#30 /var/www/woodson/thehub/vendor/laravel/framework/src/Illuminate/Foundation/Http/Middleware/TrimStrings.php(51): Illuminate\\Foundation\\Http\\Middleware\\TransformsRequest->handle()
#31 /var/www/woodson/thehub/vendor/laravel/framework/src/Illuminate/Pipeline/Pipeline.php(209): Illuminate\\Foundation\\Http\\Middleware\\TrimStrings->handle()
#32 /var/www/woodson/thehub/vendor/laravel/framework/src/Illuminate/Http/Middleware/ValidatePostSize.php(27): Illuminate\\Pipeline\\Pipeline->Illuminate\\Pipeline\\{closure}()
#33 /var/www/woodson/thehub/vendor/laravel/framework/src/Illuminate/Pipeline/Pipeline.php(209): Illuminate\\Http\\Middleware\\ValidatePostSize->handle()
#34 /var/www/woodson/thehub/vendor/laravel/framework/src/Illuminate/Foundation/Http/Middleware/PreventRequestsDuringMaintenance.php(110): Illuminate\\Pipeline\\Pipeline->Illuminate\\Pipeline\\{closure}()
#35 /var/www/woodson/thehub/vendor/laravel/framework/src/Illuminate/Pipeline/Pipeline.php(209): Illuminate\\Foundation\\Http\\Middleware\\PreventRequestsDuringMaintenance->handle()
#36 /var/www/woodson/thehub/vendor/laravel/framework/src/Illuminate/Http/Middleware/HandleCors.php(49): Illuminate\\Pipeline\\Pipeline->Illuminate\\Pipeline\\{closure}()
#37 /var/www/woodson/thehub/vendor/laravel/framework/src/Illuminate/Pipeline/Pipeline.php(209): Illuminate\\Http\\Middleware\\HandleCors->handle()
#38 /var/www/woodson/thehub/vendor/laravel/framework/src/Illuminate/Http/Middleware/TrustProxies.php(58): Illuminate\\Pipeline\\Pipeline->Illuminate\\Pipeline\\{closure}()
#39 /var/www/woodson/thehub/vendor/laravel/framework/src/Illuminate/Pipeline/Pipeline.php(209): Illuminate\\Http\\Middleware\\TrustProxies->handle()
#40 /var/www/woodson/thehub/vendor/laravel/framework/src/Illuminate/Foundation/Http/Middleware/InvokeDeferredCallbacks.php(22): Illuminate\\Pipeline\\Pipeline->Illuminate\\Pipeline\\{closure}()
#41 /var/www/woodson/thehub/vendor/laravel/framework/src/Illuminate/Pipeline/Pipeline.php(209): Illuminate\\Foundation\\Http\\Middleware\\InvokeDeferredCallbacks->handle()
#42 /var/www/woodson/thehub/vendor/laravel/framework/src/Illuminate/Pipeline/Pipeline.php(127): Illuminate\\Pipeline\\Pipeline->Illuminate\\Pipeline\\{closure}()
#43 /var/www/woodson/thehub/vendor/laravel/framework/src/Illuminate/Foundation/Http/Kernel.php(176): Illuminate\\Pipeline\\Pipeline->then()
#44 /var/www/woodson/thehub/vendor/laravel/framework/src/Illuminate/Foundation/Http/Kernel.php(145): Illuminate\\Foundation\\Http\\Kernel->sendRequestThroughRouter()
#45 /var/www/woodson/thehub/public/laravel.php(34): Illuminate\\Foundation\\Http\\Kernel->handle()
#46 {main}
"} 
[2026-02-12 08:40:05] production.ERROR: Target class [App\Http\Middleware\Authenticate] does not exist. {"exception":"[object] (Illuminate\\Contracts\\Container\\BindingResolutionException(code: 0): Target class [App\\Http\\Middleware\\Authenticate] does not exist. at /var/www/woodson/thehub/vendor/laravel/framework/src/Illuminate/Container/Container.php:961)
[stacktrace]
#0 /var/www/woodson/thehub/vendor/laravel/framework/src/Illuminate/Container/Container.php(832): Illuminate\\Container\\Container->build()
#1 /var/www/woodson/thehub/vendor/laravel/framework/src/Illuminate/Foundation/Application.php(1078): Illuminate\\Container\\Container->resolve()
#2 /var/www/woodson/thehub/vendor/laravel/framework/src/Illuminate/Container/Container.php(763): Illuminate\\Foundation\\Application->resolve()
#3 /var/www/woodson/thehub/vendor/laravel/framework/src/Illuminate/Foundation/Application.php(1058): Illuminate\\Container\\Container->make()
#4 /var/www/woodson/thehub/vendor/laravel/framework/src/Illuminate/Foundation/Http/Kernel.php(258): Illuminate\\Foundation\\Application->make()
#5 /var/www/woodson/thehub/vendor/laravel/framework/src/Illuminate/Foundation/Http/Kernel.php(216): Illuminate\\Foundation\\Http\\Kernel->terminateMiddleware()
#6 /var/www/woodson/thehub/public/laravel.php(40): Illuminate\\Foundation\\Http\\Kernel->terminate()
#7 {main}

[previous exception] [object] (ReflectionException(code: -1): Class \"App\\Http\\Middleware\\Authenticate\" does not exist at /var/www/woodson/thehub/vendor/laravel/framework/src/Illuminate/Container/Container.php:959)
[stacktrace]
#0 /var/www/woodson/thehub/vendor/laravel/framework/src/Illuminate/Container/Container.php(959): ReflectionClass->__construct()
#1 /var/www/woodson/thehub/vendor/laravel/framework/src/Illuminate/Container/Container.php(832): Illuminate\\Container\\Container->build()
#2 /var/www/woodson/thehub/vendor/laravel/framework/src/Illuminate/Foundation/Application.php(1078): Illuminate\\Container\\Container->resolve()
#3 /var/www/woodson/thehub/vendor/laravel/framework/src/Illuminate/Container/Container.php(763): Illuminate\\Foundation\\Application->resolve()
#4 /var/www/woodson/thehub/vendor/laravel/framework/src/Illuminate/Foundation/Application.php(1058): Illuminate\\Container\\Container->make()
#5 /var/www/woodson/thehub/vendor/laravel/framework/src/Illuminate/Foundation/Http/Kernel.php(258): Illuminate\\Foundation\\Application->make()
#6 /var/www/woodson/thehub/vendor/laravel/framework/src/Illuminate/Foundation/Http/Kernel.php(216): Illuminate\\Foundation\\Http\\Kernel->terminateMiddleware()
#7 /var/www/woodson/thehub/public/laravel.php(40): Illuminate\\Foundation\\Http\\Kernel->terminate()
#8 {main}
"} 
[2026-02-12 08:40:11] production.ERROR: Target class [App\Http\Middleware\Authenticate] does not exist. {"exception":"[object] (Illuminate\\Contracts\\Container\\BindingResolutionException(code: 0): Target class [App\\Http\\Middleware\\Authenticate] does not exist. at /var/www/woodson/thehub/vendor/laravel/framework/src/Illuminate/Container/Container.php:961)
[stacktrace]
#0 /var/www/woodson/thehub/vendor/laravel/framework/src/Illuminate/Container/Container.php(832): Illuminate\\Container\\Container->build()
#1 /var/www/woodson/thehub/vendor/laravel/framework/src/Illuminate/Foundation/Application.php(1078): Illuminate\\Container\\Container->resolve()
#2 /var/www/woodson/thehub/vendor/laravel/framework/src/Illuminate/Container/Container.php(763): Illuminate\\Foundation\\Application->resolve()
#3 /var/www/woodson/thehub/vendor/laravel/framework/src/Illuminate/Foundation/Application.php(1058): Illuminate\\Container\\Container->make()
#4 /var/www/woodson/thehub/vendor/laravel/framework/src/Illuminate/Pipeline/Pipeline.php(198): Illuminate\\Foundation\\Application->make()
#5 /var/www/woodson/thehub/vendor/laravel/framework/src/Illuminate/Routing/Middleware/SubstituteBindings.php(51): Illuminate\\Pipeline\\Pipeline->Illuminate\\Pipeline\\{closure}()
#6 /var/www/woodson/thehub/vendor/laravel/framework/src/Illuminate/Pipeline/Pipeline.php(209): Illuminate\\Routing\\Middleware\\SubstituteBindings->handle()
#7 /var/www/woodson/thehub/vendor/laravel/framework/src/Illuminate/Foundation/Http/Middleware/VerifyCsrfToken.php(88): Illuminate\\Pipeline\\Pipeline->Illuminate\\Pipeline\\{closure}()
#8 /var/www/woodson/thehub/vendor/laravel/framework/src/Illuminate/Pipeline/Pipeline.php(209): Illuminate\\Foundation\\Http\\Middleware\\VerifyCsrfToken->handle()
#9 /var/www/woodson/thehub/vendor/laravel/framework/src/Illuminate/View/Middleware/ShareErrorsFromSession.php(49): Illuminate\\Pipeline\\Pipeline->Illuminate\\Pipeline\\{closure}()
#10 /var/www/woodson/thehub/vendor/laravel/framework/src/Illuminate/Pipeline/Pipeline.php(209): Illuminate\\View\\Middleware\\ShareErrorsFromSession->handle()
#11 /var/www/woodson/thehub/vendor/laravel/framework/src/Illuminate/Session/Middleware/StartSession.php(121): Illuminate\\Pipeline\\Pipeline->Illuminate\\Pipeline\\{closure}()
#12 /var/www/woodson/thehub/vendor/laravel/framework/src/Illuminate/Session/Middleware/StartSession.php(64): Illuminate\\Session\\Middleware\\StartSession->handleStatefulRequest()
#13 /var/www/woodson/thehub/vendor/laravel/framework/src/Illuminate/Pipeline/Pipeline.php(209): Illuminate\\Session\\Middleware\\StartSession->handle()
#14 /var/www/woodson/thehub/vendor/laravel/framework/src/Illuminate/Cookie/Middleware/AddQueuedCookiesToResponse.php(37): Illuminate\\Pipeline\\Pipeline->Illuminate\\Pipeline\\{closure}()
#15 /var/www/woodson/thehub/vendor/laravel/framework/src/Illuminate/Pipeline/Pipeline.php(209): Illuminate\\Cookie\\Middleware\\AddQueuedCookiesToResponse->handle()
#16 /var/www/woodson/thehub/vendor/laravel/framework/src/Illuminate/Cookie/Middleware/EncryptCookies.php(75): Illuminate\\Pipeline\\Pipeline->Illuminate\\Pipeline\\{closure}()
#17 /var/www/woodson/thehub/vendor/laravel/framework/src/Illuminate/Pipeline/Pipeline.php(209): Illuminate\\Cookie\\Middleware\\EncryptCookies->handle()
#18 /var/www/woodson/thehub/vendor/laravel/framework/src/Illuminate/Pipeline/Pipeline.php(127): Illuminate\\Pipeline\\Pipeline->Illuminate\\Pipeline\\{closure}()
#19 /var/www/woodson/thehub/vendor/laravel/framework/src/Illuminate/Routing/Router.php(807): Illuminate\\Pipeline\\Pipeline->then()
#20 /var/www/woodson/thehub/vendor/laravel/framework/src/Illuminate/Routing/Router.php(786): Illuminate\\Routing\\Router->runRouteWithinStack()
#21 /var/www/woodson/thehub/vendor/laravel/framework/src/Illuminate/Routing/Router.php(750): Illuminate\\Routing\\Router->runRoute()
#22 /var/www/woodson/thehub/vendor/laravel/framework/src/Illuminate/Routing/Router.php(739): Illuminate\\Routing\\Router->dispatchToRoute()
#23 /var/www/woodson/thehub/vendor/laravel/framework/src/Illuminate/Foundation/Http/Kernel.php(201): Illuminate\\Routing\\Router->dispatch()
#24 /var/www/woodson/thehub/vendor/laravel/framework/src/Illuminate/Pipeline/Pipeline.php(170): Illuminate\\Foundation\\Http\\Kernel->Illuminate\\Foundation\\Http\\{closure}()
#25 /var/www/woodson/thehub/vendor/laravel/framework/src/Illuminate/Foundation/Http/Middleware/TransformsRequest.php(21): Illuminate\\Pipeline\\Pipeline->Illuminate\\Pipeline\\{closure}()
#26 /var/www/woodson/thehub/vendor/laravel/framework/src/Illuminate/Foundation/Http/Middleware/ConvertEmptyStringsToNull.php(31): Illuminate\\Foundation\\Http\\Middleware\\TransformsRequest->handle()
#27 /var/www/woodson/thehub/vendor/laravel/framework/src/Illuminate/Pipeline/Pipeline.php(209): Illuminate\\Foundation\\Http\\Middleware\\ConvertEmptyStringsToNull->handle()
#28 /var/www/woodson/thehub/vendor/laravel/framework/src/Illuminate/Foundation/Http/Middleware/TransformsRequest.php(21): Illuminate\\Pipeline\\Pipeline->Illuminate\\Pipeline\\{closure}()
#29 /var/www/woodson/thehub/vendor/laravel/framework/src/Illuminate/Foundation/Http/Middleware/TrimStrings.php(51): Illuminate\\Foundation\\Http\\Middleware\\TransformsRequest->handle()
#30 /var/www/woodson/thehub/vendor/laravel/framework/src/Illuminate/Pipeline/Pipeline.php(209): Illuminate\\Foundation\\Http\\Middleware\\TrimStrings->handle()
#31 /var/www/woodson/thehub/vendor/laravel/framework/src/Illuminate/Http/Middleware/ValidatePostSize.php(27): Illuminate\\Pipeline\\Pipeline->Illuminate\\Pipeline\\{closure}()
#32 /var/www/woodson/thehub/vendor/laravel/framework/src/Illuminate/Pipeline/Pipeline.php(209): Illuminate\\Http\\Middleware\\ValidatePostSize->handle()
#33 /var/www/woodson/thehub/vendor/laravel/framework/src/Illuminate/Foundation/Http/Middleware/PreventRequestsDuringMaintenance.php(110): Illuminate\\Pipeline\\Pipeline->Illuminate\\Pipeline\\{closure}()
#34 /var/www/woodson/thehub/vendor/laravel/framework/src/Illuminate/Pipeline/Pipeline.php(209): Illuminate\\Foundation\\Http\\Middleware\\PreventRequestsDuringMaintenance->handle()
#35 /var/www/woodson/thehub/vendor/laravel/framework/src/Illuminate/Http/Middleware/HandleCors.php(49): Illuminate\\Pipeline\\Pipeline->Illuminate\\Pipeline\\{closure}()
#36 /var/www/woodson/thehub/vendor/laravel/framework/src/Illuminate/Pipeline/Pipeline.php(209): Illuminate\\Http\\Middleware\\HandleCors->handle()
#37 /var/www/woodson/thehub/vendor/laravel/framework/src/Illuminate/Http/Middleware/TrustProxies.php(58): Illuminate\\Pipeline\\Pipeline->Illuminate\\Pipeline\\{closure}()
#38 /var/www/woodson/thehub/vendor/laravel/framework/src/Illuminate/Pipeline/Pipeline.php(209): Illuminate\\Http\\Middleware\\TrustProxies->handle()
#39 /var/www/woodson/thehub/vendor/laravel/framework/src/Illuminate/Foundation/Http/Middleware/InvokeDeferredCallbacks.php(22): Illuminate\\Pipeline\\Pipeline->Illuminate\\Pipeline\\{closure}()
#40 /var/www/woodson/thehub/vendor/laravel/framework/src/Illuminate/Pipeline/Pipeline.php(209): Illuminate\\Foundation\\Http\\Middleware\\InvokeDeferredCallbacks->handle()
#41 /var/www/woodson/thehub/vendor/laravel/framework/src/Illuminate/Pipeline/Pipeline.php(127): Illuminate\\Pipeline\\Pipeline->Illuminate\\Pipeline\\{closure}()
#42 /var/www/woodson/thehub/vendor/laravel/framework/src/Illuminate/Foundation/Http/Kernel.php(176): Illuminate\\Pipeline\\Pipeline->then()
#43 /var/www/woodson/thehub/vendor/laravel/framework/src/Illuminate/Foundation/Http/Kernel.php(145): Illuminate\\Foundation\\Http\\Kernel->sendRequestThroughRouter()
#44 /var/www/woodson/thehub/public/laravel.php(34): Illuminate\\Foundation\\Http\\Kernel->handle()
#45 {main}

[previous exception] [object] (ReflectionException(code: -1): Class \"App\\Http\\Middleware\\Authenticate\" does not exist at /var/www/woodson/thehub/vendor/laravel/framework/src/Illuminate/Container/Container.php:959)
[stacktrace]
#0 /var/www/woodson/thehub/vendor/laravel/framework/src/Illuminate/Container/Container.php(959): ReflectionClass->__construct()
#1 /var/www/woodson/thehub/vendor/laravel/framework/src/Illuminate/Container/Container.php(832): Illuminate\\Container\\Container->build()
#2 /var/www/woodson/thehub/vendor/laravel/framework/src/Illuminate/Foundation/Application.php(1078): Illuminate\\Container\\Container->resolve()
#3 /var/www/woodson/thehub/vendor/laravel/framework/src/Illuminate/Container/Container.php(763): Illuminate\\Foundation\\Application->resolve()
#4 /var/www/woodson/thehub/vendor/laravel/framework/src/Illuminate/Foundation/Application.php(1058): Illuminate\\Container\\Container->make()
#5 /var/www/woodson/thehub/vendor/laravel/framework/src/Illuminate/Pipeline/Pipeline.php(198): Illuminate\\Foundation\\Application->make()
#6 /var/www/woodson/thehub/vendor/laravel/framework/src/Illuminate/Routing/Middleware/SubstituteBindings.php(51): Illuminate\\Pipeline\\Pipeline->Illuminate\\Pipeline\\{closure}()
#7 /var/www/woodson/thehub/vendor/laravel/framework/src/Illuminate/Pipeline/Pipeline.php(209): Illuminate\\Routing\\Middleware\\SubstituteBindings->handle()
#8 /var/www/woodson/thehub/vendor/laravel/framework/src/Illuminate/Foundation/Http/Middleware/VerifyCsrfToken.php(88): Illuminate\\Pipeline\\Pipeline->Illuminate\\Pipeline\\{closure}()
#9 /var/www/woodson/thehub/vendor/laravel/framework/src/Illuminate/Pipeline/Pipeline.php(209): Illuminate\\Foundation\\Http\\Middleware\\VerifyCsrfToken->handle()
#10 /var/www/woodson/thehub/vendor/laravel/framework/src/Illuminate/View/Middleware/ShareErrorsFromSession.php(49): Illuminate\\Pipeline\\Pipeline->Illuminate\\Pipeline\\{closure}()
#11 /var/www/woodson/thehub/vendor/laravel/framework/src/Illuminate/Pipeline/Pipeline.php(209): Illuminate\\View\\Middleware\\ShareErrorsFromSession->handle()
#12 /var/www/woodson/thehub/vendor/laravel/framework/src/Illuminate/Session/Middleware/StartSession.php(121): Illuminate\\Pipeline\\Pipeline->Illuminate\\Pipeline\\{closure}()
#13 /var/www/woodson/thehub/vendor/laravel/framework/src/Illuminate/Session/Middleware/StartSession.php(64): Illuminate\\Session\\Middleware\\StartSession->handleStatefulRequest()
#14 /var/www/woodson/thehub/vendor/laravel/framework/src/Illuminate/Pipeline/Pipeline.php(209): Illuminate\\Session\\Middleware\\StartSession->handle()
#15 /var/www/woodson/thehub/vendor/laravel/framework/src/Illuminate/Cookie/Middleware/AddQueuedCookiesToResponse.php(37): Illuminate\\Pipeline\\Pipeline->Illuminate\\Pipeline\\{closure}()
#16 /var/www/woodson/thehub/vendor/laravel/framework/src/Illuminate/Pipeline/Pipeline.php(209): Illuminate\\Cookie\\Middleware\\AddQueuedCookiesToResponse->handle()
#17 /var/www/woodson/thehub/vendor/laravel/framework/src/Illuminate/Cookie/Middleware/EncryptCookies.php(75): Illuminate\\Pipeline\\Pipeline->Illuminate\\Pipeline\\{closure}()
#18 /var/www/woodson/thehub/vendor/laravel/framework/src/Illuminate/Pipeline/Pipeline.php(209): Illuminate\\Cookie\\Middleware\\EncryptCookies->handle()
#19 /var/www/woodson/thehub/vendor/laravel/framework/src/Illuminate/Pipeline/Pipeline.php(127): Illuminate\\Pipeline\\Pipeline->Illuminate\\Pipeline\\{closure}()
#20 /var/www/woodson/thehub/vendor/laravel/framework/src/Illuminate/Routing/Router.php(807): Illuminate\\Pipeline\\Pipeline->then()
#21 /var/www/woodson/thehub/vendor/laravel/framework/src/Illuminate/Routing/Router.php(786): Illuminate\\Routing\\Router->runRouteWithinStack()
#22 /var/www/woodson/thehub/vendor/laravel/framework/src/Illuminate/Routing/Router.php(750): Illuminate\\Routing\\Router->runRoute()
#23 /var/www/woodson/thehub/vendor/laravel/framework/src/Illuminate/Routing/Router.php(739): Illuminate\\Routing\\Router->dispatchToRoute()
#24 /var/www/woodson/thehub/vendor/laravel/framework/src/Illuminate/Foundation/Http/Kernel.php(201): Illuminate\\Routing\\Router->dispatch()
#25 /var/www/woodson/thehub/vendor/laravel/framework/src/Illuminate/Pipeline/Pipeline.php(170): Illuminate\\Foundation\\Http\\Kernel->Illuminate\\Foundation\\Http\\{closure}()
#26 /var/www/woodson/thehub/vendor/laravel/framework/src/Illuminate/Foundation/Http/Middleware/TransformsRequest.php(21): Illuminate\\Pipeline\\Pipeline->Illuminate\\Pipeline\\{closure}()
#27 /var/www/woodson/thehub/vendor/laravel/framework/src/Illuminate/Foundation/Http/Middleware/ConvertEmptyStringsToNull.php(31): Illuminate\\Foundation\\Http\\Middleware\\TransformsRequest->handle()
#28 /var/www/woodson/thehub/vendor/laravel/framework/src/Illuminate/Pipeline/Pipeline.php(209): Illuminate\\Foundation\\Http\\Middleware\\ConvertEmptyStringsToNull->handle()
#29 /var/www/woodson/thehub/vendor/laravel/framework/src/Illuminate/Foundation/Http/Middleware/TransformsRequest.php(21): Illuminate\\Pipeline\\Pipeline->Illuminate\\Pipeline\\{closure}()
#30 /var/www/woodson/thehub/vendor/laravel/framework/src/Illuminate/Foundation/Http/Middleware/TrimStrings.php(51): Illuminate\\Foundation\\Http\\Middleware\\TransformsRequest->handle()
#31 /var/www/woodson/thehub/vendor/laravel/framework/src/Illuminate/Pipeline/Pipeline.php(209): Illuminate\\Foundation\\Http\\Middleware\\TrimStrings->handle()
#32 /var/www/woodson/thehub/vendor/laravel/framework/src/Illuminate/Http/Middleware/ValidatePostSize.php(27): Illuminate\\Pipeline\\Pipeline->Illuminate\\Pipeline\\{closure}()
#33 /var/www/woodson/thehub/vendor/laravel/framework/src/Illuminate/Pipeline/Pipeline.php(209): Illuminate\\Http\\Middleware\\ValidatePostSize->handle()
#34 /var/www/woodson/thehub/vendor/laravel/framework/src/Illuminate/Foundation/Http/Middleware/PreventRequestsDuringMaintenance.php(110): Illuminate\\Pipeline\\Pipeline->Illuminate\\Pipeline\\{closure}()
#35 /var/www/woodson/thehub/vendor/laravel/framework/src/Illuminate/Pipeline/Pipeline.php(209): Illuminate\\Foundation\\Http\\Middleware\\PreventRequestsDuringMaintenance->handle()
#36 /var/www/woodson/thehub/vendor/laravel/framework/src/Illuminate/Http/Middleware/HandleCors.php(49): Illuminate\\Pipeline\\Pipeline->Illuminate\\Pipeline\\{closure}()
#37 /var/www/woodson/thehub/vendor/laravel/framework/src/Illuminate/Pipeline/Pipeline.php(209): Illuminate\\Http\\Middleware\\HandleCors->handle()
#38 /var/www/woodson/thehub/vendor/laravel/framework/src/Illuminate/Http/Middleware/TrustProxies.php(58): Illuminate\\Pipeline\\Pipeline->Illuminate\\Pipeline\\{closure}()
#39 /var/www/woodson/thehub/vendor/laravel/framework/src/Illuminate/Pipeline/Pipeline.php(209): Illuminate\\Http\\Middleware\\TrustProxies->handle()
#40 /var/www/woodson/thehub/vendor/laravel/framework/src/Illuminate/Foundation/Http/Middleware/InvokeDeferredCallbacks.php(22): Illuminate\\Pipeline\\Pipeline->Illuminate\\Pipeline\\{closure}()
#41 /var/www/woodson/thehub/vendor/laravel/framework/src/Illuminate/Pipeline/Pipeline.php(209): Illuminate\\Foundation\\Http\\Middleware\\InvokeDeferredCallbacks->handle()
#42 /var/www/woodson/thehub/vendor/laravel/framework/src/Illuminate/Pipeline/Pipeline.php(127): Illuminate\\Pipeline\\Pipeline->Illuminate\\Pipeline\\{closure}()
#43 /var/www/woodson/thehub/vendor/laravel/framework/src/Illuminate/Foundation/Http/Kernel.php(176): Illuminate\\Pipeline\\Pipeline->then()
#44 /var/www/woodson/thehub/vendor/laravel/framework/src/Illuminate/Foundation/Http/Kernel.php(145): Illuminate\\Foundation\\Http\\Kernel->sendRequestThroughRouter()
#45 /var/www/woodson/thehub/public/laravel.php(34): Illuminate\\Foundation\\Http\\Kernel->handle()
#46 {main}
"} 
[2026-02-12 08:40:11] production.ERROR: Target class [App\Http\Middleware\Authenticate] does not exist. {"exception":"[object] (Illuminate\\Contracts\\Container\\BindingResolutionException(code: 0): Target class [App\\Http\\Middleware\\Authenticate] does not exist. at /var/www/woodson/thehub/vendor/laravel/framework/src/Illuminate/Container/Container.php:961)
[stacktrace]
#0 /var/www/woodson/thehub/vendor/laravel/framework/src/Illuminate/Container/Container.php(832): Illuminate\\Container\\Container->build()
#1 /var/www/woodson/thehub/vendor/laravel/framework/src/Illuminate/Foundation/Application.php(1078): Illuminate\\Container\\Container->resolve()
#2 /var/www/woodson/thehub/vendor/laravel/framework/src/Illuminate/Container/Container.php(763): Illuminate\\Foundation\\Application->resolve()
#3 /var/www/woodson/thehub/vendor/laravel/framework/src/Illuminate/Foundation/Application.php(1058): Illuminate\\Container\\Container->make()
#4 /var/www/woodson/thehub/vendor/laravel/framework/src/Illuminate/Foundation/Http/Kernel.php(258): Illuminate\\Foundation\\Application->make()
#5 /var/www/woodson/thehub/vendor/laravel/framework/src/Illuminate/Foundation/Http/Kernel.php(216): Illuminate\\Foundation\\Http\\Kernel->terminateMiddleware()
#6 /var/www/woodson/thehub/public/laravel.php(40): Illuminate\\Foundation\\Http\\Kernel->terminate()
#7 {main}

[previous exception] [object] (ReflectionException(code: -1): Class \"App\\Http\\Middleware\\Authenticate\" does not exist at /var/www/woodson/thehub/vendor/laravel/framework/src/Illuminate/Container/Container.php:959)
[stacktrace]
#0 /var/www/woodson/thehub/vendor/laravel/framework/src/Illuminate/Container/Container.php(959): ReflectionClass->__construct()
#1 /var/www/woodson/thehub/vendor/laravel/framework/src/Illuminate/Container/Container.php(832): Illuminate\\Container\\Container->build()
#2 /var/www/woodson/thehub/vendor/laravel/framework/src/Illuminate/Foundation/Application.php(1078): Illuminate\\Container\\Container->resolve()
#3 /var/www/woodson/thehub/vendor/laravel/framework/src/Illuminate/Container/Container.php(763): Illuminate\\Foundation\\Application->resolve()
#4 /var/www/woodson/thehub/vendor/laravel/framework/src/Illuminate/Foundation/Application.php(1058): Illuminate\\Container\\Container->make()
#5 /var/www/woodson/thehub/vendor/laravel/framework/src/Illuminate/Foundation/Http/Kernel.php(258): Illuminate\\Foundation\\Application->make()
#6 /var/www/woodson/thehub/vendor/laravel/framework/src/Illuminate/Foundation/Http/Kernel.php(216): Illuminate\\Foundation\\Http\\Kernel->terminateMiddleware()
#7 /var/www/woodson/thehub/public/laravel.php(40): Illuminate\\Foundation\\Http\\Kernel->terminate()
#8 {main}
"} 
[2026-02-12 08:41:00] production.ERROR: Target class [App\Http\Middleware\Authenticate] does not exist. {"exception":"[object] (Illuminate\\Contracts\\Container\\BindingResolutionException(code: 0): Target class [App\\Http\\Middleware\\Authenticate] does not exist. at /var/www/woodson/thehub/vendor/laravel/framework/src/Illuminate/Container/Container.php:961)
[stacktrace]
#0 /var/www/woodson/thehub/vendor/laravel/framework/src/Illuminate/Container/Container.php(832): Illuminate\\Container\\Container->build()
#1 /var/www/woodson/thehub/vendor/laravel/framework/src/Illuminate/Foundation/Application.php(1078): Illuminate\\Container\\Container->resolve()
#2 /var/www/woodson/thehub/vendor/laravel/framework/src/Illuminate/Container/Container.php(763): Illuminate\\Foundation\\Application->resolve()
#3 /var/www/woodson/thehub/vendor/laravel/framework/src/Illuminate/Foundation/Application.php(1058): Illuminate\\Container\\Container->make()
#4 /var/www/woodson/thehub/vendor/laravel/framework/src/Illuminate/Pipeline/Pipeline.php(198): Illuminate\\Foundation\\Application->make()
#5 /var/www/woodson/thehub/vendor/laravel/framework/src/Illuminate/Routing/Middleware/SubstituteBindings.php(51): Illuminate\\Pipeline\\Pipeline->Illuminate\\Pipeline\\{closure}()
#6 /var/www/woodson/thehub/vendor/laravel/framework/src/Illuminate/Pipeline/Pipeline.php(209): Illuminate\\Routing\\Middleware\\SubstituteBindings->handle()
#7 /var/www/woodson/thehub/vendor/laravel/framework/src/Illuminate/Foundation/Http/Middleware/VerifyCsrfToken.php(88): Illuminate\\Pipeline\\Pipeline->Illuminate\\Pipeline\\{closure}()
#8 /var/www/woodson/thehub/vendor/laravel/framework/src/Illuminate/Pipeline/Pipeline.php(209): Illuminate\\Foundation\\Http\\Middleware\\VerifyCsrfToken->handle()
#9 /var/www/woodson/thehub/vendor/laravel/framework/src/Illuminate/View/Middleware/ShareErrorsFromSession.php(49): Illuminate\\Pipeline\\Pipeline->Illuminate\\Pipeline\\{closure}()
#10 /var/www/woodson/thehub/vendor/laravel/framework/src/Illuminate/Pipeline/Pipeline.php(209): Illuminate\\View\\Middleware\\ShareErrorsFromSession->handle()
#11 /var/www/woodson/thehub/vendor/laravel/framework/src/Illuminate/Session/Middleware/StartSession.php(121): Illuminate\\Pipeline\\Pipeline->Illuminate\\Pipeline\\{closure}()
#12 /var/www/woodson/thehub/vendor/laravel/framework/src/Illuminate/Session/Middleware/StartSession.php(64): Illuminate\\Session\\Middleware\\StartSession->handleStatefulRequest()
#13 /var/www/woodson/thehub/vendor/laravel/framework/src/Illuminate/Pipeline/Pipeline.php(209): Illuminate\\Session\\Middleware\\StartSession->handle()
#14 /var/www/woodson/thehub/vendor/laravel/framework/src/Illuminate/Cookie/Middleware/AddQueuedCookiesToResponse.php(37): Illuminate\\Pipeline\\Pipeline->Illuminate\\Pipeline\\{closure}()
#15 /var/www/woodson/thehub/vendor/laravel/framework/src/Illuminate/Pipeline/Pipeline.php(209): Illuminate\\Cookie\\Middleware\\AddQueuedCookiesToResponse->handle()
#16 /var/www/woodson/thehub/vendor/laravel/framework/src/Illuminate/Cookie/Middleware/EncryptCookies.php(75): Illuminate\\Pipeline\\Pipeline->Illuminate\\Pipeline\\{closure}()
#17 /var/www/woodson/thehub/vendor/laravel/framework/src/Illuminate/Pipeline/Pipeline.php(209): Illuminate\\Cookie\\Middleware\\EncryptCookies->handle()
#18 /var/www/woodson/thehub/vendor/laravel/framework/src/Illuminate/Pipeline/Pipeline.php(127): Illuminate\\Pipeline\\Pipeline->Illuminate\\Pipeline\\{closure}()
#19 /var/www/woodson/thehub/vendor/laravel/framework/src/Illuminate/Routing/Router.php(807): Illuminate\\Pipeline\\Pipeline->then()
#20 /var/www/woodson/thehub/vendor/laravel/framework/src/Illuminate/Routing/Router.php(786): Illuminate\\Routing\\Router->runRouteWithinStack()
#21 /var/www/woodson/thehub/vendor/laravel/framework/src/Illuminate/Routing/Router.php(750): Illuminate\\Routing\\Router->runRoute()
#22 /var/www/woodson/thehub/vendor/laravel/framework/src/Illuminate/Routing/Router.php(739): Illuminate\\Routing\\Router->dispatchToRoute()
#23 /var/www/woodson/thehub/vendor/laravel/framework/src/Illuminate/Foundation/Http/Kernel.php(201): Illuminate\\Routing\\Router->dispatch()
#24 /var/www/woodson/thehub/vendor/laravel/framework/src/Illuminate/Pipeline/Pipeline.php(170): Illuminate\\Foundation\\Http\\Kernel->Illuminate\\Foundation\\Http\\{closure}()
#25 /var/www/woodson/thehub/vendor/laravel/framework/src/Illuminate/Foundation/Http/Middleware/TransformsRequest.php(21): Illuminate\\Pipeline\\Pipeline->Illuminate\\Pipeline\\{closure}()
#26 /var/www/woodson/thehub/vendor/laravel/framework/src/Illuminate/Foundation/Http/Middleware/ConvertEmptyStringsToNull.php(31): Illuminate\\Foundation\\Http\\Middleware\\TransformsRequest->handle()
#27 /var/www/woodson/thehub/vendor/laravel/framework/src/Illuminate/Pipeline/Pipeline.php(209): Illuminate\\Foundation\\Http\\Middleware\\ConvertEmptyStringsToNull->handle()
#28 /var/www/woodson/thehub/vendor/laravel/framework/src/Illuminate/Foundation/Http/Middleware/TransformsRequest.php(21): Illuminate\\Pipeline\\Pipeline->Illuminate\\Pipeline\\{closure}()
#29 /var/www/woodson/thehub/vendor/laravel/framework/src/Illuminate/Foundation/Http/Middleware/TrimStrings.php(51): Illuminate\\Foundation\\Http\\Middleware\\TransformsRequest->handle()
#30 /var/www/woodson/thehub/vendor/laravel/framework/src/Illuminate/Pipeline/Pipeline.php(209): Illuminate\\Foundation\\Http\\Middleware\\TrimStrings->handle()
#31 /var/www/woodson/thehub/vendor/laravel/framework/src/Illuminate/Http/Middleware/ValidatePostSize.php(27): Illuminate\\Pipeline\\Pipeline->Illuminate\\Pipeline\\{closure}()
#32 /var/www/woodson/thehub/vendor/laravel/framework/src/Illuminate/Pipeline/Pipeline.php(209): Illuminate\\Http\\Middleware\\ValidatePostSize->handle()
#33 /var/www/woodson/thehub/vendor/laravel/framework/src/Illuminate/Foundation/Http/Middleware/PreventRequestsDuringMaintenance.php(110): Illuminate\\Pipeline\\Pipeline->Illuminate\\Pipeline\\{closure}()
#34 /var/www/woodson/thehub/vendor/laravel/framework/src/Illuminate/Pipeline/Pipeline.php(209): Illuminate\\Foundation\\Http\\Middleware\\PreventRequestsDuringMaintenance->handle()
#35 /var/www/woodson/thehub/vendor/laravel/framework/src/Illuminate/Http/Middleware/HandleCors.php(49): Illuminate\\Pipeline\\Pipeline->Illuminate\\Pipeline\\{closure}()
#36 /var/www/woodson/thehub/vendor/laravel/framework/src/Illuminate/Pipeline/Pipeline.php(209): Illuminate\\Http\\Middleware\\HandleCors->handle()
#37 /var/www/woodson/thehub/vendor/laravel/framework/src/Illuminate/Http/Middleware/TrustProxies.php(58): Illuminate\\Pipeline\\Pipeline->Illuminate\\Pipeline\\{closure}()
#38 /var/www/woodson/thehub/vendor/laravel/framework/src/Illuminate/Pipeline/Pipeline.php(209): Illuminate\\Http\\Middleware\\TrustProxies->handle()
#39 /var/www/woodson/thehub/vendor/laravel/framework/src/Illuminate/Foundation/Http/Middleware/InvokeDeferredCallbacks.php(22): Illuminate\\Pipeline\\Pipeline->Illuminate\\Pipeline\\{closure}()
#40 /var/www/woodson/thehub/vendor/laravel/framework/src/Illuminate/Pipeline/Pipeline.php(209): Illuminate\\Foundation\\Http\\Middleware\\InvokeDeferredCallbacks->handle()
#41 /var/www/woodson/thehub/vendor/laravel/framework/src/Illuminate/Pipeline/Pipeline.php(127): Illuminate\\Pipeline\\Pipeline->Illuminate\\Pipeline\\{closure}()
#42 /var/www/woodson/thehub/vendor/laravel/framework/src/Illuminate/Foundation/Http/Kernel.php(176): Illuminate\\Pipeline\\Pipeline->then()
#43 /var/www/woodson/thehub/vendor/laravel/framework/src/Illuminate/Foundation/Http/Kernel.php(145): Illuminate\\Foundation\\Http\\Kernel->sendRequestThroughRouter()
#44 /var/www/woodson/thehub/public/laravel.php(34): Illuminate\\Foundation\\Http\\Kernel->handle()
#45 {main}

[previous exception] [object] (ReflectionException(code: -1): Class \"App\\Http\\Middleware\\Authenticate\" does not exist at /var/www/woodson/thehub/vendor/laravel/framework/src/Illuminate/Container/Container.php:959)
[stacktrace]
#0 /var/www/woodson/thehub/vendor/laravel/framework/src/Illuminate/Container/Container.php(959): ReflectionClass->__construct()
#1 /var/www/woodson/thehub/vendor/laravel/framework/src/Illuminate/Container/Container.php(832): Illuminate\\Container\\Container->build()
#2 /var/www/woodson/thehub/vendor/laravel/framework/src/Illuminate/Foundation/Application.php(1078): Illuminate\\Container\\Container->resolve()
#3 /var/www/woodson/thehub/vendor/laravel/framework/src/Illuminate/Container/Container.php(763): Illuminate\\Foundation\\Application->resolve()
#4 /var/www/woodson/thehub/vendor/laravel/framework/src/Illuminate/Foundation/Application.php(1058): Illuminate\\Container\\Container->make()
#5 /var/www/woodson/thehub/vendor/laravel/framework/src/Illuminate/Pipeline/Pipeline.php(198): Illuminate\\Foundation\\Application->make()
#6 /var/www/woodson/thehub/vendor/laravel/framework/src/Illuminate/Routing/Middleware/SubstituteBindings.php(51): Illuminate\\Pipeline\\Pipeline->Illuminate\\Pipeline\\{closure}()
#7 /var/www/woodson/thehub/vendor/laravel/framework/src/Illuminate/Pipeline/Pipeline.php(209): Illuminate\\Routing\\Middleware\\SubstituteBindings->handle()
#8 /var/www/woodson/thehub/vendor/laravel/framework/src/Illuminate/Foundation/Http/Middleware/VerifyCsrfToken.php(88): Illuminate\\Pipeline\\Pipeline->Illuminate\\Pipeline\\{closure}()
#9 /var/www/woodson/thehub/vendor/laravel/framework/src/Illuminate/Pipeline/Pipeline.php(209): Illuminate\\Foundation\\Http\\Middleware\\VerifyCsrfToken->handle()
#10 /var/www/woodson/thehub/vendor/laravel/framework/src/Illuminate/View/Middleware/ShareErrorsFromSession.php(49): Illuminate\\Pipeline\\Pipeline->Illuminate\\Pipeline\\{closure}()
#11 /var/www/woodson/thehub/vendor/laravel/framework/src/Illuminate/Pipeline/Pipeline.php(209): Illuminate\\View\\Middleware\\ShareErrorsFromSession->handle()
#12 /var/www/woodson/thehub/vendor/laravel/framework/src/Illuminate/Session/Middleware/StartSession.php(121): Illuminate\\Pipeline\\Pipeline->Illuminate\\Pipeline\\{closure}()
#13 /var/www/woodson/thehub/vendor/laravel/framework/src/Illuminate/Session/Middleware/StartSession.php(64): Illuminate\\Session\\Middleware\\StartSession->handleStatefulRequest()
#14 /var/www/woodson/thehub/vendor/laravel/framework/src/Illuminate/Pipeline/Pipeline.php(209): Illuminate\\Session\\Middleware\\StartSession->handle()
#15 /var/www/woodson/thehub/vendor/laravel/framework/src/Illuminate/Cookie/Middleware/AddQueuedCookiesToResponse.php(37): Illuminate\\Pipeline\\Pipeline->Illuminate\\Pipeline\\{closure}()
#16 /var/www/woodson/thehub/vendor/laravel/framework/src/Illuminate/Pipeline/Pipeline.php(209): Illuminate\\Cookie\\Middleware\\AddQueuedCookiesToResponse->handle()
#17 /var/www/woodson/thehub/vendor/laravel/framework/src/Illuminate/Cookie/Middleware/EncryptCookies.php(75): Illuminate\\Pipeline\\Pipeline->Illuminate\\Pipeline\\{closure}()
#18 /var/www/woodson/thehub/vendor/laravel/framework/src/Illuminate/Pipeline/Pipeline.php(209): Illuminate\\Cookie\\Middleware\\EncryptCookies->handle()
#19 /var/www/woodson/thehub/vendor/laravel/framework/src/Illuminate/Pipeline/Pipeline.php(127): Illuminate\\Pipeline\\Pipeline->Illuminate\\Pipeline\\{closure}()
#20 /var/www/woodson/thehub/vendor/laravel/framework/src/Illuminate/Routing/Router.php(807): Illuminate\\Pipeline\\Pipeline->then()
#21 /var/www/woodson/thehub/vendor/laravel/framework/src/Illuminate/Routing/Router.php(786): Illuminate\\Routing\\Router->runRouteWithinStack()
#22 /var/www/woodson/thehub/vendor/laravel/framework/src/Illuminate/Routing/Router.php(750): Illuminate\\Routing\\Router->runRoute()
#23 /var/www/woodson/thehub/vendor/laravel/framework/src/Illuminate/Routing/Router.php(739): Illuminate\\Routing\\Router->dispatchToRoute()
#24 /var/www/woodson/thehub/vendor/laravel/framework/src/Illuminate/Foundation/Http/Kernel.php(201): Illuminate\\Routing\\Router->dispatch()
#25 /var/www/woodson/thehub/vendor/laravel/framework/src/Illuminate/Pipeline/Pipeline.php(170): Illuminate\\Foundation\\Http\\Kernel->Illuminate\\Foundation\\Http\\{closure}()
#26 /var/www/woodson/thehub/vendor/laravel/framework/src/Illuminate/Foundation/Http/Middleware/TransformsRequest.php(21): Illuminate\\Pipeline\\Pipeline->Illuminate\\Pipeline\\{closure}()
#27 /var/www/woodson/thehub/vendor/laravel/framework/src/Illuminate/Foundation/Http/Middleware/ConvertEmptyStringsToNull.php(31): Illuminate\\Foundation\\Http\\Middleware\\TransformsRequest->handle()
#28 /var/www/woodson/thehub/vendor/laravel/framework/src/Illuminate/Pipeline/Pipeline.php(209): Illuminate\\Foundation\\Http\\Middleware\\ConvertEmptyStringsToNull->handle()
#29 /var/www/woodson/thehub/vendor/laravel/framework/src/Illuminate/Foundation/Http/Middleware/TransformsRequest.php(21): Illuminate\\Pipeline\\Pipeline->Illuminate\\Pipeline\\{closure}()
#30 /var/www/woodson/thehub/vendor/laravel/framework/src/Illuminate/Foundation/Http/Middleware/TrimStrings.php(51): Illuminate\\Foundation\\Http\\Middleware\\TransformsRequest->handle()
#31 /var/www/woodson/thehub/vendor/laravel/framework/src/Illuminate/Pipeline/Pipeline.php(209): Illuminate\\Foundation\\Http\\Middleware\\TrimStrings->handle()
#32 /var/www/woodson/thehub/vendor/laravel/framework/src/Illuminate/Http/Middleware/ValidatePostSize.php(27): Illuminate\\Pipeline\\Pipeline->Illuminate\\Pipeline\\{closure}()
#33 /var/www/woodson/thehub/vendor/laravel/framework/src/Illuminate/Pipeline/Pipeline.php(209): Illuminate\\Http\\Middleware\\ValidatePostSize->handle()
#34 /var/www/woodson/thehub/vendor/laravel/framework/src/Illuminate/Foundation/Http/Middleware/PreventRequestsDuringMaintenance.php(110): Illuminate\\Pipeline\\Pipeline->Illuminate\\Pipeline\\{closure}()
#35 /var/www/woodson/thehub/vendor/laravel/framework/src/Illuminate/Pipeline/Pipeline.php(209): Illuminate\\Foundation\\Http\\Middleware\\PreventRequestsDuringMaintenance->handle()
#36 /var/www/woodson/thehub/vendor/laravel/framework/src/Illuminate/Http/Middleware/HandleCors.php(49): Illuminate\\Pipeline\\Pipeline->Illuminate\\Pipeline\\{closure}()
#37 /var/www/woodson/thehub/vendor/laravel/framework/src/Illuminate/Pipeline/Pipeline.php(209): Illuminate\\Http\\Middleware\\HandleCors->handle()
#38 /var/www/woodson/thehub/vendor/laravel/framework/src/Illuminate/Http/Middleware/TrustProxies.php(58): Illuminate\\Pipeline\\Pipeline->Illuminate\\Pipeline\\{closure}()
#39 /var/www/woodson/thehub/vendor/laravel/framework/src/Illuminate/Pipeline/Pipeline.php(209): Illuminate\\Http\\Middleware\\TrustProxies->handle()
#40 /var/www/woodson/thehub/vendor/laravel/framework/src/Illuminate/Foundation/Http/Middleware/InvokeDeferredCallbacks.php(22): Illuminate\\Pipeline\\Pipeline->Illuminate\\Pipeline\\{closure}()
#41 /var/www/woodson/thehub/vendor/laravel/framework/src/Illuminate/Pipeline/Pipeline.php(209): Illuminate\\Foundation\\Http\\Middleware\\InvokeDeferredCallbacks->handle()
#42 /var/www/woodson/thehub/vendor/laravel/framework/src/Illuminate/Pipeline/Pipeline.php(127): Illuminate\\Pipeline\\Pipeline->Illuminate\\Pipeline\\{closure}()
#43 /var/www/woodson/thehub/vendor/laravel/framework/src/Illuminate/Foundation/Http/Kernel.php(176): Illuminate\\Pipeline\\Pipeline->then()
#44 /var/www/woodson/thehub/vendor/laravel/framework/src/Illuminate/Foundation/Http/Kernel.php(145): Illuminate\\Foundation\\Http\\Kernel->sendRequestThroughRouter()
#45 /var/www/woodson/thehub/public/laravel.php(34): Illuminate\\Foundation\\Http\\Kernel->handle()
#46 {main}
"} 
[2026-02-12 08:41:00] production.ERROR: Target class [App\Http\Middleware\Authenticate] does not exist. {"exception":"[object] (Illuminate\\Contracts\\Container\\BindingResolutionException(code: 0): Target class [App\\Http\\Middleware\\Authenticate] does not exist. at /var/www/woodson/thehub/vendor/laravel/framework/src/Illuminate/Container/Container.php:961)
[stacktrace]
#0 /var/www/woodson/thehub/vendor/laravel/framework/src/Illuminate/Container/Container.php(832): Illuminate\\Container\\Container->build()
#1 /var/www/woodson/thehub/vendor/laravel/framework/src/Illuminate/Foundation/Application.php(1078): Illuminate\\Container\\Container->resolve()
#2 /var/www/woodson/thehub/vendor/laravel/framework/src/Illuminate/Container/Container.php(763): Illuminate\\Foundation\\Application->resolve()
#3 /var/www/woodson/thehub/vendor/laravel/framework/src/Illuminate/Foundation/Application.php(1058): Illuminate\\Container\\Container->make()
#4 /var/www/woodson/thehub/vendor/laravel/framework/src/Illuminate/Foundation/Http/Kernel.php(258): Illuminate\\Foundation\\Application->make()
#5 /var/www/woodson/thehub/vendor/laravel/framework/src/Illuminate/Foundation/Http/Kernel.php(216): Illuminate\\Foundation\\Http\\Kernel->terminateMiddleware()
#6 /var/www/woodson/thehub/public/laravel.php(40): Illuminate\\Foundation\\Http\\Kernel->terminate()
#7 {main}

[previous exception] [object] (ReflectionException(code: -1): Class \"App\\Http\\Middleware\\Authenticate\" does not exist at /var/www/woodson/thehub/vendor/laravel/framework/src/Illuminate/Container/Container.php:959)
[stacktrace]
#0 /var/www/woodson/thehub/vendor/laravel/framework/src/Illuminate/Container/Container.php(959): ReflectionClass->__construct()
#1 /var/www/woodson/thehub/vendor/laravel/framework/src/Illuminate/Container/Container.php(832): Illuminate\\Container\\Container->build()
#2 /var/www/woodson/thehub/vendor/laravel/framework/src/Illuminate/Foundation/Application.php(1078): Illuminate\\Container\\Container->resolve()
#3 /var/www/woodson/thehub/vendor/laravel/framework/src/Illuminate/Container/Container.php(763): Illuminate\\Foundation\\Application->resolve()
#4 /var/www/woodson/thehub/vendor/laravel/framework/src/Illuminate/Foundation/Application.php(1058): Illuminate\\Container\\Container->make()
#5 /var/www/woodson/thehub/vendor/laravel/framework/src/Illuminate/Foundation/Http/Kernel.php(258): Illuminate\\Foundation\\Application->make()
#6 /var/www/woodson/thehub/vendor/laravel/framework/src/Illuminate/Foundation/Http/Kernel.php(216): Illuminate\\Foundation\\Http\\Kernel->terminateMiddleware()
#7 /var/www/woodson/thehub/public/laravel.php(40): Illuminate\\Foundation\\Http\\Kernel->terminate()
#8 {main}
"} 
[2026-02-12 08:41:06] production.ERROR: Target class [App\Http\Middleware\Authenticate] does not exist. {"exception":"[object] (Illuminate\\Contracts\\Container\\BindingResolutionException(code: 0): Target class [App\\Http\\Middleware\\Authenticate] does not exist. at /var/www/woodson/thehub/vendor/laravel/framework/src/Illuminate/Container/Container.php:961)
[stacktrace]
#0 /var/www/woodson/thehub/vendor/laravel/framework/src/Illuminate/Container/Container.php(832): Illuminate\\Container\\Container->build()
#1 /var/www/woodson/thehub/vendor/laravel/framework/src/Illuminate/Foundation/Application.php(1078): Illuminate\\Container\\Container->resolve()
#2 /var/www/woodson/thehub/vendor/laravel/framework/src/Illuminate/Container/Container.php(763): Illuminate\\Foundation\\Application->resolve()
#3 /var/www/woodson/thehub/vendor/laravel/framework/src/Illuminate/Foundation/Application.php(1058): Illuminate\\Container\\Container->make()
#4 /var/www/woodson/thehub/vendor/laravel/framework/src/Illuminate/Pipeline/Pipeline.php(198): Illuminate\\Foundation\\Application->make()
#5 /var/www/woodson/thehub/vendor/laravel/framework/src/Illuminate/Routing/Middleware/SubstituteBindings.php(51): Illuminate\\Pipeline\\Pipeline->Illuminate\\Pipeline\\{closure}()
#6 /var/www/woodson/thehub/vendor/laravel/framework/src/Illuminate/Pipeline/Pipeline.php(209): Illuminate\\Routing\\Middleware\\SubstituteBindings->handle()
#7 /var/www/woodson/thehub/vendor/laravel/framework/src/Illuminate/Foundation/Http/Middleware/VerifyCsrfToken.php(88): Illuminate\\Pipeline\\Pipeline->Illuminate\\Pipeline\\{closure}()
#8 /var/www/woodson/thehub/vendor/laravel/framework/src/Illuminate/Pipeline/Pipeline.php(209): Illuminate\\Foundation\\Http\\Middleware\\VerifyCsrfToken->handle()
#9 /var/www/woodson/thehub/vendor/laravel/framework/src/Illuminate/View/Middleware/ShareErrorsFromSession.php(49): Illuminate\\Pipeline\\Pipeline->Illuminate\\Pipeline\\{closure}()
#10 /var/www/woodson/thehub/vendor/laravel/framework/src/Illuminate/Pipeline/Pipeline.php(209): Illuminate\\View\\Middleware\\ShareErrorsFromSession->handle()
#11 /var/www/woodson/thehub/vendor/laravel/framework/src/Illuminate/Session/Middleware/StartSession.php(121): Illuminate\\Pipeline\\Pipeline->Illuminate\\Pipeline\\{closure}()
#12 /var/www/woodson/thehub/vendor/laravel/framework/src/Illuminate/Session/Middleware/StartSession.php(64): Illuminate\\Session\\Middleware\\StartSession->handleStatefulRequest()
#13 /var/www/woodson/thehub/vendor/laravel/framework/src/Illuminate/Pipeline/Pipeline.php(209): Illuminate\\Session\\Middleware\\StartSession->handle()
#14 /var/www/woodson/thehub/vendor/laravel/framework/src/Illuminate/Cookie/Middleware/AddQueuedCookiesToResponse.php(37): Illuminate\\Pipeline\\Pipeline->Illuminate\\Pipeline\\{closure}()
#15 /var/www/woodson/thehub/vendor/laravel/framework/src/Illuminate/Pipeline/Pipeline.php(209): Illuminate\\Cookie\\Middleware\\AddQueuedCookiesToResponse->handle()
#16 /var/www/woodson/thehub/vendor/laravel/framework/src/Illuminate/Cookie/Middleware/EncryptCookies.php(75): Illuminate\\Pipeline\\Pipeline->Illuminate\\Pipeline\\{closure}()
#17 /var/www/woodson/thehub/vendor/laravel/framework/src/Illuminate/Pipeline/Pipeline.php(209): Illuminate\\Cookie\\Middleware\\EncryptCookies->handle()
#18 /var/www/woodson/thehub/vendor/laravel/framework/src/Illuminate/Pipeline/Pipeline.php(127): Illuminate\\Pipeline\\Pipeline->Illuminate\\Pipeline\\{closure}()
#19 /var/www/woodson/thehub/vendor/laravel/framework/src/Illuminate/Routing/Router.php(807): Illuminate\\Pipeline\\Pipeline->then()
#20 /var/www/woodson/thehub/vendor/laravel/framework/src/Illuminate/Routing/Router.php(786): Illuminate\\Routing\\Router->runRouteWithinStack()
#21 /var/www/woodson/thehub/vendor/laravel/framework/src/Illuminate/Routing/Router.php(750): Illuminate\\Routing\\Router->runRoute()
#22 /var/www/woodson/thehub/vendor/laravel/framework/src/Illuminate/Routing/Router.php(739): Illuminate\\Routing\\Router->dispatchToRoute()
#23 /var/www/woodson/thehub/vendor/laravel/framework/src/Illuminate/Foundation/Http/Kernel.php(201): Illuminate\\Routing\\Router->dispatch()
#24 /var/www/woodson/thehub/vendor/laravel/framework/src/Illuminate/Pipeline/Pipeline.php(170): Illuminate\\Foundation\\Http\\Kernel->Illuminate\\Foundation\\Http\\{closure}()
#25 /var/www/woodson/thehub/vendor/laravel/framework/src/Illuminate/Foundation/Http/Middleware/TransformsRequest.php(21): Illuminate\\Pipeline\\Pipeline->Illuminate\\Pipeline\\{closure}()
#26 /var/www/woodson/thehub/vendor/laravel/framework/src/Illuminate/Foundation/Http/Middleware/ConvertEmptyStringsToNull.php(31): Illuminate\\Foundation\\Http\\Middleware\\TransformsRequest->handle()
#27 /var/www/woodson/thehub/vendor/laravel/framework/src/Illuminate/Pipeline/Pipeline.php(209): Illuminate\\Foundation\\Http\\Middleware\\ConvertEmptyStringsToNull->handle()
#28 /var/www/woodson/thehub/vendor/laravel/framework/src/Illuminate/Foundation/Http/Middleware/TransformsRequest.php(21): Illuminate\\Pipeline\\Pipeline->Illuminate\\Pipeline\\{closure}()
#29 /var/www/woodson/thehub/vendor/laravel/framework/src/Illuminate/Foundation/Http/Middleware/TrimStrings.php(51): Illuminate\\Foundation\\Http\\Middleware\\TransformsRequest->handle()
#30 /var/www/woodson/thehub/vendor/laravel/framework/src/Illuminate/Pipeline/Pipeline.php(209): Illuminate\\Foundation\\Http\\Middleware\\TrimStrings->handle()
#31 /var/www/woodson/thehub/vendor/laravel/framework/src/Illuminate/Http/Middleware/ValidatePostSize.php(27): Illuminate\\Pipeline\\Pipeline->Illuminate\\Pipeline\\{closure}()
#32 /var/www/woodson/thehub/vendor/laravel/framework/src/Illuminate/Pipeline/Pipeline.php(209): Illuminate\\Http\\Middleware\\ValidatePostSize->handle()
#33 /var/www/woodson/thehub/vendor/laravel/framework/src/Illuminate/Foundation/Http/Middleware/PreventRequestsDuringMaintenance.php(110): Illuminate\\Pipeline\\Pipeline->Illuminate\\Pipeline\\{closure}()
#34 /var/www/woodson/thehub/vendor/laravel/framework/src/Illuminate/Pipeline/Pipeline.php(209): Illuminate\\Foundation\\Http\\Middleware\\PreventRequestsDuringMaintenance->handle()
#35 /var/www/woodson/thehub/vendor/laravel/framework/src/Illuminate/Http/Middleware/HandleCors.php(49): Illuminate\\Pipeline\\Pipeline->Illuminate\\Pipeline\\{closure}()
#36 /var/www/woodson/thehub/vendor/laravel/framework/src/Illuminate/Pipeline/Pipeline.php(209): Illuminate\\Http\\Middleware\\HandleCors->handle()
#37 /var/www/woodson/thehub/vendor/laravel/framework/src/Illuminate/Http/Middleware/TrustProxies.php(58): Illuminate\\Pipeline\\Pipeline->Illuminate\\Pipeline\\{closure}()
#38 /var/www/woodson/thehub/vendor/laravel/framework/src/Illuminate/Pipeline/Pipeline.php(209): Illuminate\\Http\\Middleware\\TrustProxies->handle()
#39 /var/www/woodson/thehub/vendor/laravel/framework/src/Illuminate/Foundation/Http/Middleware/InvokeDeferredCallbacks.php(22): Illuminate\\Pipeline\\Pipeline->Illuminate\\Pipeline\\{closure}()
#40 /var/www/woodson/thehub/vendor/laravel/framework/src/Illuminate/Pipeline/Pipeline.php(209): Illuminate\\Foundation\\Http\\Middleware\\InvokeDeferredCallbacks->handle()
#41 /var/www/woodson/thehub/vendor/laravel/framework/src/Illuminate/Pipeline/Pipeline.php(127): Illuminate\\Pipeline\\Pipeline->Illuminate\\Pipeline\\{closure}()
#42 /var/www/woodson/thehub/vendor/laravel/framework/src/Illuminate/Foundation/Http/Kernel.php(176): Illuminate\\Pipeline\\Pipeline->then()
#43 /var/www/woodson/thehub/vendor/laravel/framework/src/Illuminate/Foundation/Http/Kernel.php(145): Illuminate\\Foundation\\Http\\Kernel->sendRequestThroughRouter()
#44 /var/www/woodson/thehub/public/laravel.php(34): Illuminate\\Foundation\\Http\\Kernel->handle()
#45 {main}

[previous exception] [object] (ReflectionException(code: -1): Class \"App\\Http\\Middleware\\Authenticate\" does not exist at /var/www/woodson/thehub/vendor/laravel/framework/src/Illuminate/Container/Container.php:959)
[stacktrace]
#0 /var/www/woodson/thehub/vendor/laravel/framework/src/Illuminate/Container/Container.php(959): ReflectionClass->__construct()
#1 /var/www/woodson/thehub/vendor/laravel/framework/src/Illuminate/Container/Container.php(832): Illuminate\\Container\\Container->build()
#2 /var/www/woodson/thehub/vendor/laravel/framework/src/Illuminate/Foundation/Application.php(1078): Illuminate\\Container\\Container->resolve()
#3 /var/www/woodson/thehub/vendor/laravel/framework/src/Illuminate/Container/Container.php(763): Illuminate\\Foundation\\Application->resolve()
#4 /var/www/woodson/thehub/vendor/laravel/framework/src/Illuminate/Foundation/Application.php(1058): Illuminate\\Container\\Container->make()
#5 /var/www/woodson/thehub/vendor/laravel/framework/src/Illuminate/Pipeline/Pipeline.php(198): Illuminate\\Foundation\\Application->make()
#6 /var/www/woodson/thehub/vendor/laravel/framework/src/Illuminate/Routing/Middleware/SubstituteBindings.php(51): Illuminate\\Pipeline\\Pipeline->Illuminate\\Pipeline\\{closure}()
#7 /var/www/woodson/thehub/vendor/laravel/framework/src/Illuminate/Pipeline/Pipeline.php(209): Illuminate\\Routing\\Middleware\\SubstituteBindings->handle()
#8 /var/www/woodson/thehub/vendor/laravel/framework/src/Illuminate/Foundation/Http/Middleware/VerifyCsrfToken.php(88): Illuminate\\Pipeline\\Pipeline->Illuminate\\Pipeline\\{closure}()
#9 /var/www/woodson/thehub/vendor/laravel/framework/src/Illuminate/Pipeline/Pipeline.php(209): Illuminate\\Foundation\\Http\\Middleware\\VerifyCsrfToken->handle()
#10 /var/www/woodson/thehub/vendor/laravel/framework/src/Illuminate/View/Middleware/ShareErrorsFromSession.php(49): Illuminate\\Pipeline\\Pipeline->Illuminate\\Pipeline\\{closure}()
#11 /var/www/woodson/thehub/vendor/laravel/framework/src/Illuminate/Pipeline/Pipeline.php(209): Illuminate\\View\\Middleware\\ShareErrorsFromSession->handle()
#12 /var/www/woodson/thehub/vendor/laravel/framework/src/Illuminate/Session/Middleware/StartSession.php(121): Illuminate\\Pipeline\\Pipeline->Illuminate\\Pipeline\\{closure}()
#13 /var/www/woodson/thehub/vendor/laravel/framework/src/Illuminate/Session/Middleware/StartSession.php(64): Illuminate\\Session\\Middleware\\StartSession->handleStatefulRequest()
#14 /var/www/woodson/thehub/vendor/laravel/framework/src/Illuminate/Pipeline/Pipeline.php(209): Illuminate\\Session\\Middleware\\StartSession->handle()
#15 /var/www/woodson/thehub/vendor/laravel/framework/src/Illuminate/Cookie/Middleware/AddQueuedCookiesToResponse.php(37): Illuminate\\Pipeline\\Pipeline->Illuminate\\Pipeline\\{closure}()
#16 /var/www/woodson/thehub/vendor/laravel/framework/src/Illuminate/Pipeline/Pipeline.php(209): Illuminate\\Cookie\\Middleware\\AddQueuedCookiesToResponse->handle()
#17 /var/www/woodson/thehub/vendor/laravel/framework/src/Illuminate/Cookie/Middleware/EncryptCookies.php(75): Illuminate\\Pipeline\\Pipeline->Illuminate\\Pipeline\\{closure}()
#18 /var/www/woodson/thehub/vendor/laravel/framework/src/Illuminate/Pipeline/Pipeline.php(209): Illuminate\\Cookie\\Middleware\\EncryptCookies->handle()
#19 /var/www/woodson/thehub/vendor/laravel/framework/src/Illuminate/Pipeline/Pipeline.php(127): Illuminate\\Pipeline\\Pipeline->Illuminate\\Pipeline\\{closure}()
#20 /var/www/woodson/thehub/vendor/laravel/framework/src/Illuminate/Routing/Router.php(807): Illuminate\\Pipeline\\Pipeline->then()
#21 /var/www/woodson/thehub/vendor/laravel/framework/src/Illuminate/Routing/Router.php(786): Illuminate\\Routing\\Router->runRouteWithinStack()
#22 /var/www/woodson/thehub/vendor/laravel/framework/src/Illuminate/Routing/Router.php(750): Illuminate\\Routing\\Router->runRoute()
#23 /var/www/woodson/thehub/vendor/laravel/framework/src/Illuminate/Routing/Router.php(739): Illuminate\\Routing\\Router->dispatchToRoute()
#24 /var/www/woodson/thehub/vendor/laravel/framework/src/Illuminate/Foundation/Http/Kernel.php(201): Illuminate\\Routing\\Router->dispatch()
#25 /var/www/woodson/thehub/vendor/laravel/framework/src/Illuminate/Pipeline/Pipeline.php(170): Illuminate\\Foundation\\Http\\Kernel->Illuminate\\Foundation\\Http\\{closure}()
#26 /var/www/woodson/thehub/vendor/laravel/framework/src/Illuminate/Foundation/Http/Middleware/TransformsRequest.php(21): Illuminate\\Pipeline\\Pipeline->Illuminate\\Pipeline\\{closure}()
#27 /var/www/woodson/thehub/vendor/laravel/framework/src/Illuminate/Foundation/Http/Middleware/ConvertEmptyStringsToNull.php(31): Illuminate\\Foundation\\Http\\Middleware\\TransformsRequest->handle()
#28 /var/www/woodson/thehub/vendor/laravel/framework/src/Illuminate/Pipeline/Pipeline.php(209): Illuminate\\Foundation\\Http\\Middleware\\ConvertEmptyStringsToNull->handle()
#29 /var/www/woodson/thehub/vendor/laravel/framework/src/Illuminate/Foundation/Http/Middleware/TransformsRequest.php(21): Illuminate\\Pipeline\\Pipeline->Illuminate\\Pipeline\\{closure}()
#30 /var/www/woodson/thehub/vendor/laravel/framework/src/Illuminate/Foundation/Http/Middleware/TrimStrings.php(51): Illuminate\\Foundation\\Http\\Middleware\\TransformsRequest->handle()
#31 /var/www/woodson/thehub/vendor/laravel/framework/src/Illuminate/Pipeline/Pipeline.php(209): Illuminate\\Foundation\\Http\\Middleware\\TrimStrings->handle()
#32 /var/www/woodson/thehub/vendor/laravel/framework/src/Illuminate/Http/Middleware/ValidatePostSize.php(27): Illuminate\\Pipeline\\Pipeline->Illuminate\\Pipeline\\{closure}()
#33 /var/www/woodson/thehub/vendor/laravel/framework/src/Illuminate/Pipeline/Pipeline.php(209): Illuminate\\Http\\Middleware\\ValidatePostSize->handle()
#34 /var/www/woodson/thehub/vendor/laravel/framework/src/Illuminate/Foundation/Http/Middleware/PreventRequestsDuringMaintenance.php(110): Illuminate\\Pipeline\\Pipeline->Illuminate\\Pipeline\\{closure}()
#35 /var/www/woodson/thehub/vendor/laravel/framework/src/Illuminate/Pipeline/Pipeline.php(209): Illuminate\\Foundation\\Http\\Middleware\\PreventRequestsDuringMaintenance->handle()
#36 /var/www/woodson/thehub/vendor/laravel/framework/src/Illuminate/Http/Middleware/HandleCors.php(49): Illuminate\\Pipeline\\Pipeline->Illuminate\\Pipeline\\{closure}()
#37 /var/www/woodson/thehub/vendor/laravel/framework/src/Illuminate/Pipeline/Pipeline.php(209): Illuminate\\Http\\Middleware\\HandleCors->handle()
#38 /var/www/woodson/thehub/vendor/laravel/framework/src/Illuminate/Http/Middleware/TrustProxies.php(58): Illuminate\\Pipeline\\Pipeline->Illuminate\\Pipeline\\{closure}()
#39 /var/www/woodson/thehub/vendor/laravel/framework/src/Illuminate/Pipeline/Pipeline.php(209): Illuminate\\Http\\Middleware\\TrustProxies->handle()
#40 /var/www/woodson/thehub/vendor/laravel/framework/src/Illuminate/Foundation/Http/Middleware/InvokeDeferredCallbacks.php(22): Illuminate\\Pipeline\\Pipeline->Illuminate\\Pipeline\\{closure}()
#41 /var/www/woodson/thehub/vendor/laravel/framework/src/Illuminate/Pipeline/Pipeline.php(209): Illuminate\\Foundation\\Http\\Middleware\\InvokeDeferredCallbacks->handle()
#42 /var/www/woodson/thehub/vendor/laravel/framework/src/Illuminate/Pipeline/Pipeline.php(127): Illuminate\\Pipeline\\Pipeline->Illuminate\\Pipeline\\{closure}()
#43 /var/www/woodson/thehub/vendor/laravel/framework/src/Illuminate/Foundation/Http/Kernel.php(176): Illuminate\\Pipeline\\Pipeline->then()
#44 /var/www/woodson/thehub/vendor/laravel/framework/src/Illuminate/Foundation/Http/Kernel.php(145): Illuminate\\Foundation\\Http\\Kernel->sendRequestThroughRouter()
#45 /var/www/woodson/thehub/public/laravel.php(34): Illuminate\\Foundation\\Http\\Kernel->handle()
#46 {main}
"} 
[2026-02-12 08:41:06] production.ERROR: Target class [App\Http\Middleware\Authenticate] does not exist. {"exception":"[object] (Illuminate\\Contracts\\Container\\BindingResolutionException(code: 0): Target class [App\\Http\\Middleware\\Authenticate] does not exist. at /var/www/woodson/thehub/vendor/laravel/framework/src/Illuminate/Container/Container.php:961)
[stacktrace]
#0 /var/www/woodson/thehub/vendor/laravel/framework/src/Illuminate/Container/Container.php(832): Illuminate\\Container\\Container->build()
#1 /var/www/woodson/thehub/vendor/laravel/framework/src/Illuminate/Foundation/Application.php(1078): Illuminate\\Container\\Container->resolve()
#2 /var/www/woodson/thehub/vendor/laravel/framework/src/Illuminate/Container/Container.php(763): Illuminate\\Foundation\\Application->resolve()
#3 /var/www/woodson/thehub/vendor/laravel/framework/src/Illuminate/Foundation/Application.php(1058): Illuminate\\Container\\Container->make()
#4 /var/www/woodson/thehub/vendor/laravel/framework/src/Illuminate/Foundation/Http/Kernel.php(258): Illuminate\\Foundation\\Application->make()
#5 /var/www/woodson/thehub/vendor/laravel/framework/src/Illuminate/Foundation/Http/Kernel.php(216): Illuminate\\Foundation\\Http\\Kernel->terminateMiddleware()
#6 /var/www/woodson/thehub/public/laravel.php(40): Illuminate\\Foundation\\Http\\Kernel->terminate()
#7 {main}

[previous exception] [object] (ReflectionException(code: -1): Class \"App\\Http\\Middleware\\Authenticate\" does not exist at /var/www/woodson/thehub/vendor/laravel/framework/src/Illuminate/Container/Container.php:959)
[stacktrace]
#0 /var/www/woodson/thehub/vendor/laravel/framework/src/Illuminate/Container/Container.php(959): ReflectionClass->__construct()
#1 /var/www/woodson/thehub/vendor/laravel/framework/src/Illuminate/Container/Container.php(832): Illuminate\\Container\\Container->build()
#2 /var/www/woodson/thehub/vendor/laravel/framework/src/Illuminate/Foundation/Application.php(1078): Illuminate\\Container\\Container->resolve()
#3 /var/www/woodson/thehub/vendor/laravel/framework/src/Illuminate/Container/Container.php(763): Illuminate\\Foundation\\Application->resolve()
#4 /var/www/woodson/thehub/vendor/laravel/framework/src/Illuminate/Foundation/Application.php(1058): Illuminate\\Container\\Container->make()
#5 /var/www/woodson/thehub/vendor/laravel/framework/src/Illuminate/Foundation/Http/Kernel.php(258): Illuminate\\Foundation\\Application->make()
#6 /var/www/woodson/thehub/vendor/laravel/framework/src/Illuminate/Foundation/Http/Kernel.php(216): Illuminate\\Foundation\\Http\\Kernel->terminateMiddleware()
#7 /var/www/woodson/thehub/public/laravel.php(40): Illuminate\\Foundation\\Http\\Kernel->terminate()
#8 {main}
"} 
[2026-02-12 08:43:13] production.ERROR: SQLSTATE[42S02]: Base table or view not found: 1146 Table 'woodson_hub.telescope_entries' doesn't exist (Connection: mysql, SQL: insert into `telescope_entries` (`batch_id`, `content`, `created_at`, `family_hash`, `type`, `uuid`) values (a110269c-1254-4c36-a191-20f4e07d71e9, {"name":"admin.dashboard","path":"\/resources\/views\/admin\/dashboard.blade.php","data":["user"],"hostname":"welllogix"}, 2026-02-12 08:43:13, ?, view, a110269b-f7d9-4904-8aaa-4d873c9c626e), (a110269c-1254-4c36-a191-20f4e07d71e9, {"name":"layouts.admin","path":"\/resources\/views\/layouts\/admin.blade.php","data":["user"],"hostname":"welllogix"}, 2026-02-12 08:43:13, ?, view, a110269b-fd6c-4f42-9a33-ea1ae345adcd), (a110269c-1254-4c36-a191-20f4e07d71e9, {"name":"layouts.enterprise","path":"\/resources\/views\/layouts\/enterprise.blade.php","data":["user","context","navItems","activeItem","sidebarTitle","sidebarIcon","logoUrl","breadcrumbs"],"hostname":"welllogix"}, 2026-02-12 08:43:13, ?, view, a110269c-06eb-4ee8-8cde-f9e92a900814), (a110269c-1254-4c36-a191-20f4e07d71e9, {"ip_address":"10.49.16.200","uri":"\/admin","method":"GET","controller_action":"App\\Http\\Controllers\\Admin\\DashboardController@index","middleware":["web","auth:admin,super_admin"],"headers":{"host":"hub.woodsonisd.net","priority":"u=0, i","cookie":"THEHUB_SESSION=e7kj2r13j7e496lmuntlkkr905; XSRF-TOKEN=eyJpdiI6Iisvc2lVdnlRUjg1WXZ3b3BhL2lmbkE9PSIsInZhbHVlIjoibDhkTjEwUGtOOUlXZmtyS1VLSzVSRTdTcitvVVJGZzVjT1ZCaDJncjliMitnZ2xJcDVTZ2k3T3V6M2ZjMDg1ZVdMd2JSZlhwbDN4eTdzUGhXQUthU0Z5eHQzUkxjVHZmZWhRdW9RMVNETXJrVjU1Z2RsQ1pMTEFia0RsMzVicHYiLCJtYWMiOiJlZDA0NjU5MjA1M2VmMjdjMmFlZWU5NDZkMjFjNzNmZGQ5YTA4MTcxZjg0NzBlNzVkZWY4ODUzYjEwNzUwZTI1IiwidGFnIjoiIn0%3D; thehub-session=eyJpdiI6ImFTUlBFN3NrcUVicjBjdGJTVUVkWUE9PSIsInZhbHVlIjoiTEM0MFh0OFJ5U2ZOazlONjRyZDRwdmNVOUdldVBDNFVmNjRVYXBUTDJ0TmVpTktEemR0SzVBcnVCMDB4V2RFaFE3K2lvOUFVT0ovVm5GUFF5V2VQNkVwU2pkM2F1MnVkMlQ4NUdPSzF1dFFSSEdGcWhOWmR4VWNPMC9NTUg3U3QiLCJtYWMiOiJjNzVhM2QyYWVkMmEyNDBkMjEzZDYyZjg4ZmI3NDdjODgyMmI5Y2YxMzgyMjE0NjIwODk0ZTI4MjlhYmVhMmZmIiwidGFnIjoiIn0%3D","accept-language":"en-US,en;q=0.9","accept-encoding":"gzip, deflate, br, zstd","referer":"https:\/\/hub.woodsonisd.net\/","sec-fetch-dest":"document","sec-fetch-user":"?1","sec-fetch-mode":"navigate","sec-fetch-site":"same-origin","accept":"text\/html,application\/xhtml+xml,application\/xml;q=0.9,image\/avif,image\/webp,image\/apng,*\/*;q=0.8,application\/signed-exchange;v=b3;q=0.7","user-agent":"Mozilla\/5.0 (Windows NT 10.0; Win64; x64) AppleWebKit\/537.36 (KHTML, like Gecko) Chrome\/144.0.0.0 Safari\/537.36","upgrade-insecure-requests":"1","dnt":"1","sec-ch-ua-platform":"\"Windows\"","sec-ch-ua-mobile":"?0","sec-ch-ua":"\"Not(A:Brand\";v=\"8\", \"Chromium\";v=\"144\", \"Google Chrome\";v=\"144\"","cache-control":"no-cache","pragma":"no-cache"},"payload":[],"session":{"_token":"rZ3uqqPHpZRECR1htqk3HVmLQzoQLKwT4aaHc1I0","_previous":{"url":"https:\/\/hub.woodsonisd.net\/admin"},"_flash":{"old":[],"new":[]}},"response_headers":{"content-type":"text\/html; charset=UTF-8","cache-control":"no-cache, private","date":"Thu, 12 Feb 2026 14:43:13 GMT","set-cookie":"XSRF-TOKEN=eyJpdiI6InVXVXNQYmtCcHREbXY0bXJhTmNhS0E9PSIsInZhbHVlIjoiZng4TnBYOFQvVzFwVWkrbHVTekMzMXBYTkorMVhzQTRTaldGNUdjM093ZlNpWk14U3NQQ0JXbCs0WXhPWFFaYzN3WHdjMlFOZS9FRTFaNkwxeXJyczhLVTFPUGNQZXhqMklUdmU4ck9JU2NVUHVTQVk0cXdYTnU2ZCtBckFtaW4iLCJtYWMiOiI1MjNmNTMzZGJlYTI4NWY5YmQyYzdlMjZiOTA0MjcxZDI5MDZmNmY5YWJjYzAwOWRhNDI1ZGRiYzE0MWJiOWU0IiwidGFnIjoiIn0%3D; expires=Fri, 17 Jan 2031 14:43:13 GMT; Max-Age=155520000; path=\/; secure; samesite=lax, thehub-session=eyJpdiI6IjhJcmlha1FhckZVZkphQkgxWjI1TEE9PSIsInZhbHVlIjoiZWZxUkYzR1ZaeFo5b2lrSC9TTHJldEgyK21tWmRQcjU0TkxxSjZwWHgzOUR3MzZyMFdmN2QwdG1WUXlVb0tyRE9OeEV1eG9BRmpaUGxnRTBHQ2RjaERiS1R2R1NXaVdTK0M4ZWp1S2I4MGpjR2x6RDdVeHNoTlVDQTlWN1BqOGMiLCJtYWMiOiI1NjIxZmYzNDk5OWRlYzUyNDBiNjQwYjA5NGM1Mzk5OWY0ODAxODkxZDA5OGQ4MTNhYzliZDllZGZjN2IwODQ4IiwidGFnIjoiIn0%3D; expires=Fri, 17 Jan 2031 14:43:13 GMT; Max-Age=155520000; path=\/; secure; httponly; samesite=lax"},"response_status":200,"response":{"view":"\/var\/www\/woodson\/thehub\/resources\/views\/admin\/dashboard.blade.php","data":{"user":{"id":27486,"email":"richard.sullivan@woodsonisd.net","name":"Richard Sullivan","role":"super_admin","picture":"https:\/\/lh3.googleusercontent.com\/a\/ACg8ocJMpjAziLo6z-2uxW6WwPtjFBts00IZOLRwgiScJy3ONzUY8A6e=s96-c"}}},"duration":242,"memory":4,"hostname":"welllogix"}, 2026-02-12 08:43:13, ?, request, a110269c-0eab-403b-a366-957a73f05fa2)) {"exception":"[object] (Illuminate\\Database\\QueryException(code: 42S02): SQLSTATE[42S02]: Base table or view not found: 1146 Table 'woodson_hub.telescope_entries' doesn't exist (Connection: mysql, SQL: insert into `telescope_entries` (`batch_id`, `content`, `created_at`, `family_hash`, `type`, `uuid`) values (a110269c-1254-4c36-a191-20f4e07d71e9, {\"name\":\"admin.dashboard\",\"path\":\"\\/resources\\/views\\/admin\\/dashboard.blade.php\",\"data\":[\"user\"],\"hostname\":\"welllogix\"}, 2026-02-12 08:43:13, ?, view, a110269b-f7d9-4904-8aaa-4d873c9c626e), (a110269c-1254-4c36-a191-20f4e07d71e9, {\"name\":\"layouts.admin\",\"path\":\"\\/resources\\/views\\/layouts\\/admin.blade.php\",\"data\":[\"user\"],\"hostname\":\"welllogix\"}, 2026-02-12 08:43:13, ?, view, a110269b-fd6c-4f42-9a33-ea1ae345adcd), (a110269c-1254-4c36-a191-20f4e07d71e9, {\"name\":\"layouts.enterprise\",\"path\":\"\\/resources\\/views\\/layouts\\/enterprise.blade.php\",\"data\":[\"user\",\"context\",\"navItems\",\"activeItem\",\"sidebarTitle\",\"sidebarIcon\",\"logoUrl\",\"breadcrumbs\"],\"hostname\":\"welllogix\"}, 2026-02-12 08:43:13, ?, view, a110269c-06eb-4ee8-8cde-f9e92a900814), (a110269c-1254-4c36-a191-20f4e07d71e9, {\"ip_address\":\"10.49.16.200\",\"uri\":\"\\/admin\",\"method\":\"GET\",\"controller_action\":\"App\\\\Http\\\\Controllers\\\\Admin\\\\DashboardController@index\",\"middleware\":[\"web\",\"auth:admin,super_admin\"],\"headers\":{\"host\":\"hub.woodsonisd.net\",\"priority\":\"u=0, i\",\"cookie\":\"THEHUB_SESSION=e7kj2r13j7e496lmuntlkkr905; XSRF-TOKEN=eyJpdiI6Iisvc2lVdnlRUjg1WXZ3b3BhL2lmbkE9PSIsInZhbHVlIjoibDhkTjEwUGtOOUlXZmtyS1VLSzVSRTdTcitvVVJGZzVjT1ZCaDJncjliMitnZ2xJcDVTZ2k3T3V6M2ZjMDg1ZVdMd2JSZlhwbDN4eTdzUGhXQUthU0Z5eHQzUkxjVHZmZWhRdW9RMVNETXJrVjU1Z2RsQ1pMTEFia0RsMzVicHYiLCJtYWMiOiJlZDA0NjU5MjA1M2VmMjdjMmFlZWU5NDZkMjFjNzNmZGQ5YTA4MTcxZjg0NzBlNzVkZWY4ODUzYjEwNzUwZTI1IiwidGFnIjoiIn0%3D; thehub-session=eyJpdiI6ImFTUlBFN3NrcUVicjBjdGJTVUVkWUE9PSIsInZhbHVlIjoiTEM0MFh0OFJ5U2ZOazlONjRyZDRwdmNVOUdldVBDNFVmNjRVYXBUTDJ0TmVpTktEemR0SzVBcnVCMDB4V2RFaFE3K2lvOUFVT0ovVm5GUFF5V2VQNkVwU2pkM2F1MnVkMlQ4NUdPSzF1dFFSSEdGcWhOWmR4VWNPMC9NTUg3U3QiLCJtYWMiOiJjNzVhM2QyYWVkMmEyNDBkMjEzZDYyZjg4ZmI3NDdjODgyMmI5Y2YxMzgyMjE0NjIwODk0ZTI4MjlhYmVhMmZmIiwidGFnIjoiIn0%3D\",\"accept-language\":\"en-US,en;q=0.9\",\"accept-encoding\":\"gzip, deflate, br, zstd\",\"referer\":\"https:\\/\\/hub.woodsonisd.net\\/\",\"sec-fetch-dest\":\"document\",\"sec-fetch-user\":\"?1\",\"sec-fetch-mode\":\"navigate\",\"sec-fetch-site\":\"same-origin\",\"accept\":\"text\\/html,application\\/xhtml+xml,application\\/xml;q=0.9,image\\/avif,image\\/webp,image\\/apng,*\\/*;q=0.8,application\\/signed-exchange;v=b3;q=0.7\",\"user-agent\":\"Mozilla\\/5.0 (Windows NT 10.0; Win64; x64) AppleWebKit\\/537.36 (KHTML, like Gecko) Chrome\\/144.0.0.0 Safari\\/537.36\",\"upgrade-insecure-requests\":\"1\",\"dnt\":\"1\",\"sec-ch-ua-platform\":\"\\\"Windows\\\"\",\"sec-ch-ua-mobile\":\"?0\",\"sec-ch-ua\":\"\\\"Not(A:Brand\\\";v=\\\"8\\\", \\\"Chromium\\\";v=\\\"144\\\", \\\"Google Chrome\\\";v=\\\"144\\\"\",\"cache-control\":\"no-cache\",\"pragma\":\"no-cache\"},\"payload\":[],\"session\":{\"_token\":\"rZ3uqqPHpZRECR1htqk3HVmLQzoQLKwT4aaHc1I0\",\"_previous\":{\"url\":\"https:\\/\\/hub.woodsonisd.net\\/admin\"},\"_flash\":{\"old\":[],\"new\":[]}},\"response_headers\":{\"content-type\":\"text\\/html; charset=UTF-8\",\"cache-control\":\"no-cache, private\",\"date\":\"Thu, 12 Feb 2026 14:43:13 GMT\",\"set-cookie\":\"XSRF-TOKEN=eyJpdiI6InVXVXNQYmtCcHREbXY0bXJhTmNhS0E9PSIsInZhbHVlIjoiZng4TnBYOFQvVzFwVWkrbHVTekMzMXBYTkorMVhzQTRTaldGNUdjM093ZlNpWk14U3NQQ0JXbCs0WXhPWFFaYzN3WHdjMlFOZS9FRTFaNkwxeXJyczhLVTFPUGNQZXhqMklUdmU4ck9JU2NVUHVTQVk0cXdYTnU2ZCtBckFtaW4iLCJtYWMiOiI1MjNmNTMzZGJlYTI4NWY5YmQyYzdlMjZiOTA0MjcxZDI5MDZmNmY5YWJjYzAwOWRhNDI1ZGRiYzE0MWJiOWU0IiwidGFnIjoiIn0%3D; expires=Fri, 17 Jan 2031 14:43:13 GMT; Max-Age=155520000; path=\\/; secure; samesite=lax, thehub-session=eyJpdiI6IjhJcmlha1FhckZVZkphQkgxWjI1TEE9PSIsInZhbHVlIjoiZWZxUkYzR1ZaeFo5b2lrSC9TTHJldEgyK21tWmRQcjU0TkxxSjZwWHgzOUR3MzZyMFdmN2QwdG1WUXlVb0tyRE9OeEV1eG9BRmpaUGxnRTBHQ2RjaERiS1R2R1NXaVdTK0M4ZWp1S2I4MGpjR2x6RDdVeHNoTlVDQTlWN1BqOGMiLCJtYWMiOiI1NjIxZmYzNDk5OWRlYzUyNDBiNjQwYjA5NGM1Mzk5OWY0ODAxODkxZDA5OGQ4MTNhYzliZDllZGZjN2IwODQ4IiwidGFnIjoiIn0%3D; expires=Fri, 17 Jan 2031 14:43:13 GMT; Max-Age=155520000; path=\\/; secure; httponly; samesite=lax\"},\"response_status\":200,\"response\":{\"view\":\"\\/var\\/www\\/woodson\\/thehub\\/resources\\/views\\/admin\\/dashboard.blade.php\",\"data\":{\"user\":{\"id\":27486,\"email\":\"richard.sullivan@woodsonisd.net\",\"name\":\"Richard Sullivan\",\"role\":\"super_admin\",\"picture\":\"https:\\/\\/lh3.googleusercontent.com\\/a\\/ACg8ocJMpjAziLo6z-2uxW6WwPtjFBts00IZOLRwgiScJy3ONzUY8A6e=s96-c\"}}},\"duration\":242,\"memory\":4,\"hostname\":\"welllogix\"}, 2026-02-12 08:43:13, ?, request, a110269c-0eab-403b-a366-957a73f05fa2)) at /var/www/woodson/thehub/vendor/laravel/framework/src/Illuminate/Database/Connection.php:825)
[stacktrace]
#0 /var/www/woodson/thehub/vendor/laravel/framework/src/Illuminate/Database/Connection.php(779): Illuminate\\Database\\Connection->runQueryCallback()
#1 /var/www/woodson/thehub/vendor/laravel/framework/src/Illuminate/Database/MySqlConnection.php(42): Illuminate\\Database\\Connection->run()
#2 /var/www/woodson/thehub/vendor/laravel/framework/src/Illuminate/Database/Query/Builder.php(3717): Illuminate\\Database\\MySqlConnection->insert()
#3 /var/www/woodson/thehub/vendor/laravel/telescope/src/Storage/DatabaseEntriesRepository.php(145): Illuminate\\Database\\Query\\Builder->insert()
#4 /var/www/woodson/thehub/vendor/laravel/framework/src/Illuminate/Collections/Traits/EnumeratesValues.php(261): Laravel\\Telescope\\Storage\\DatabaseEntriesRepository->Laravel\\Telescope\\Storage\\{closure}()
#5 /var/www/woodson/thehub/vendor/laravel/telescope/src/Storage/DatabaseEntriesRepository.php(144): Illuminate\\Support\\Collection->each()
#6 /var/www/woodson/thehub/vendor/laravel/telescope/src/Telescope.php(664): Laravel\\Telescope\\Storage\\DatabaseEntriesRepository->store()
#7 [internal function]: Laravel\\Telescope\\Telescope::Laravel\\Telescope\\{closure}()
#8 /var/www/woodson/thehub/vendor/laravel/telescope/src/Telescope.php(289): call_user_func()
#9 /var/www/woodson/thehub/vendor/laravel/telescope/src/Telescope.php(656): Laravel\\Telescope\\Telescope::withoutRecording()
#10 /var/www/woodson/thehub/vendor/laravel/telescope/src/ListensForStorageOpportunities.php(65): Laravel\\Telescope\\Telescope::store()
#11 /var/www/woodson/thehub/vendor/laravel/framework/src/Illuminate/Container/BoundMethod.php(36): Laravel\\Telescope\\Telescope::Laravel\\Telescope\\{closure}()
#12 /var/www/woodson/thehub/vendor/laravel/framework/src/Illuminate/Container/Util.php(43): Illuminate\\Container\\BoundMethod::Illuminate\\Container\\{closure}()
#13 /var/www/woodson/thehub/vendor/laravel/framework/src/Illuminate/Container/BoundMethod.php(83): Illuminate\\Container\\Util::unwrapIfClosure()
#14 /var/www/woodson/thehub/vendor/laravel/framework/src/Illuminate/Container/BoundMethod.php(35): Illuminate\\Container\\BoundMethod::callBoundMethod()
#15 /var/www/woodson/thehub/vendor/laravel/framework/src/Illuminate/Container/Container.php(696): Illuminate\\Container\\BoundMethod::call()
#16 /var/www/woodson/thehub/vendor/laravel/framework/src/Illuminate/Foundation/Application.php(1452): Illuminate\\Container\\Container->call()
#17 /var/www/woodson/thehub/vendor/laravel/framework/src/Illuminate/Foundation/Http/Kernel.php(218): Illuminate\\Foundation\\Application->terminate()
#18 /var/www/woodson/thehub/public/laravel.php(40): Illuminate\\Foundation\\Http\\Kernel->terminate()
#19 {main}

[previous exception] [object] (PDOException(code: 42S02): SQLSTATE[42S02]: Base table or view not found: 1146 Table 'woodson_hub.telescope_entries' doesn't exist at /var/www/woodson/thehub/vendor/laravel/framework/src/Illuminate/Database/MySqlConnection.php:47)
[stacktrace]
#0 /var/www/woodson/thehub/vendor/laravel/framework/src/Illuminate/Database/MySqlConnection.php(47): PDO->prepare()
#1 /var/www/woodson/thehub/vendor/laravel/framework/src/Illuminate/Database/Connection.php(812): Illuminate\\Database\\MySqlConnection->Illuminate\\Database\\{closure}()
#2 /var/www/woodson/thehub/vendor/laravel/framework/src/Illuminate/Database/Connection.php(779): Illuminate\\Database\\Connection->runQueryCallback()
#3 /var/www/woodson/thehub/vendor/laravel/framework/src/Illuminate/Database/MySqlConnection.php(42): Illuminate\\Database\\Connection->run()
#4 /var/www/woodson/thehub/vendor/laravel/framework/src/Illuminate/Database/Query/Builder.php(3717): Illuminate\\Database\\MySqlConnection->insert()
#5 /var/www/woodson/thehub/vendor/laravel/telescope/src/Storage/DatabaseEntriesRepository.php(145): Illuminate\\Database\\Query\\Builder->insert()
#6 /var/www/woodson/thehub/vendor/laravel/framework/src/Illuminate/Collections/Traits/EnumeratesValues.php(261): Laravel\\Telescope\\Storage\\DatabaseEntriesRepository->Laravel\\Telescope\\Storage\\{closure}()
#7 /var/www/woodson/thehub/vendor/laravel/telescope/src/Storage/DatabaseEntriesRepository.php(144): Illuminate\\Support\\Collection->each()
#8 /var/www/woodson/thehub/vendor/laravel/telescope/src/Telescope.php(664): Laravel\\Telescope\\Storage\\DatabaseEntriesRepository->store()
#9 [internal function]: Laravel\\Telescope\\Telescope::Laravel\\Telescope\\{closure}()
#10 /var/www/woodson/thehub/vendor/laravel/telescope/src/Telescope.php(289): call_user_func()
#11 /var/www/woodson/thehub/vendor/laravel/telescope/src/Telescope.php(656): Laravel\\Telescope\\Telescope::withoutRecording()
#12 /var/www/woodson/thehub/vendor/laravel/telescope/src/ListensForStorageOpportunities.php(65): Laravel\\Telescope\\Telescope::store()
#13 /var/www/woodson/thehub/vendor/laravel/framework/src/Illuminate/Container/BoundMethod.php(36): Laravel\\Telescope\\Telescope::Laravel\\Telescope\\{closure}()
#14 /var/www/woodson/thehub/vendor/laravel/framework/src/Illuminate/Container/Util.php(43): Illuminate\\Container\\BoundMethod::Illuminate\\Container\\{closure}()
#15 /var/www/woodson/thehub/vendor/laravel/framework/src/Illuminate/Container/BoundMethod.php(83): Illuminate\\Container\\Util::unwrapIfClosure()
#16 /var/www/woodson/thehub/vendor/laravel/framework/src/Illuminate/Container/BoundMethod.php(35): Illuminate\\Container\\BoundMethod::callBoundMethod()
#17 /var/www/woodson/thehub/vendor/laravel/framework/src/Illuminate/Container/Container.php(696): Illuminate\\Container\\BoundMethod::call()
#18 /var/www/woodson/thehub/vendor/laravel/framework/src/Illuminate/Foundation/Application.php(1452): Illuminate\\Container\\Container->call()
#19 /var/www/woodson/thehub/vendor/laravel/framework/src/Illuminate/Foundation/Http/Kernel.php(218): Illuminate\\Foundation\\Application->terminate()
#20 /var/www/woodson/thehub/public/laravel.php(40): Illuminate\\Foundation\\Http\\Kernel->terminate()
#21 {main}
"} 
[2026-02-12 10:57:58] production.ERROR: SQLSTATE[42S02]: Base table or view not found: 1146 Table 'woodson_hub.telescope_entries' doesn't exist (Connection: mysql, SQL: insert into `telescope_entries` (`batch_id`, `content`, `created_at`, `family_hash`, `type`, `uuid`) values (a11056cc-9ffc-4548-b4e8-478fb4dec819, {"name":"admin.dashboard","path":"\/resources\/views\/admin\/dashboard.blade.php","data":["user"],"hostname":"welllogix"}, 2026-02-12 10:57:57, ?, view, a11056cc-8a6b-4a0f-940c-875a047a0dda), (a11056cc-9ffc-4548-b4e8-478fb4dec819, {"name":"layouts.admin","path":"\/resources\/views\/layouts\/admin.blade.php","data":["user"],"hostname":"welllogix"}, 2026-02-12 10:57:57, ?, view, a11056cc-8d10-4060-9f7b-f0f55db2312b), (a11056cc-9ffc-4548-b4e8-478fb4dec819, {"name":"layouts.enterprise","path":"\/resources\/views\/layouts\/enterprise.blade.php","data":["user","context","navItems","activeItem","sidebarTitle","sidebarIcon","logoUrl","breadcrumbs"],"hostname":"welllogix"}, 2026-02-12 10:57:57, ?, view, a11056cc-98f0-45df-a978-2ea02f51f67a), (a11056cc-9ffc-4548-b4e8-478fb4dec819, {"ip_address":"10.49.16.200","uri":"\/admin","method":"GET","controller_action":"App\\Http\\Controllers\\Admin\\DashboardController@index","middleware":["web","auth:admin,super_admin"],"headers":{"host":"hub.woodsonisd.net","priority":"u=0, i","cookie":"THEHUB_SESSION=e7kj2r13j7e496lmuntlkkr905; XSRF-TOKEN=eyJpdiI6InVXVXNQYmtCcHREbXY0bXJhTmNhS0E9PSIsInZhbHVlIjoiZng4TnBYOFQvVzFwVWkrbHVTekMzMXBYTkorMVhzQTRTaldGNUdjM093ZlNpWk14U3NQQ0JXbCs0WXhPWFFaYzN3WHdjMlFOZS9FRTFaNkwxeXJyczhLVTFPUGNQZXhqMklUdmU4ck9JU2NVUHVTQVk0cXdYTnU2ZCtBckFtaW4iLCJtYWMiOiI1MjNmNTMzZGJlYTI4NWY5YmQyYzdlMjZiOTA0MjcxZDI5MDZmNmY5YWJjYzAwOWRhNDI1ZGRiYzE0MWJiOWU0IiwidGFnIjoiIn0%3D; thehub-session=eyJpdiI6IjhJcmlha1FhckZVZkphQkgxWjI1TEE9PSIsInZhbHVlIjoiZWZxUkYzR1ZaeFo5b2lrSC9TTHJldEgyK21tWmRQcjU0TkxxSjZwWHgzOUR3MzZyMFdmN2QwdG1WUXlVb0tyRE9OeEV1eG9BRmpaUGxnRTBHQ2RjaERiS1R2R1NXaVdTK0M4ZWp1S2I4MGpjR2x6RDdVeHNoTlVDQTlWN1BqOGMiLCJtYWMiOiI1NjIxZmYzNDk5OWRlYzUyNDBiNjQwYjA5NGM1Mzk5OWY0ODAxODkxZDA5OGQ4MTNhYzliZDllZGZjN2IwODQ4IiwidGFnIjoiIn0%3D","accept-language":"en-US,en;q=0.9","accept-encoding":"gzip, deflate, br, zstd","referer":"https:\/\/hub.woodsonisd.net\/","sec-fetch-dest":"document","sec-fetch-user":"?1","sec-fetch-mode":"navigate","sec-fetch-site":"same-origin","accept":"text\/html,application\/xhtml+xml,application\/xml;q=0.9,image\/avif,image\/webp,image\/apng,*\/*;q=0.8,application\/signed-exchange;v=b3;q=0.7","user-agent":"Mozilla\/5.0 (Windows NT 10.0; Win64; x64) AppleWebKit\/537.36 (KHTML, like Gecko) Chrome\/144.0.0.0 Safari\/537.36","upgrade-insecure-requests":"1","dnt":"1","sec-ch-ua-platform":"\"Windows\"","sec-ch-ua-mobile":"?0","sec-ch-ua":"\"Not(A:Brand\";v=\"8\", \"Chromium\";v=\"144\", \"Google Chrome\";v=\"144\"","cache-control":"no-cache","pragma":"no-cache"},"payload":[],"session":{"_token":"rZ3uqqPHpZRECR1htqk3HVmLQzoQLKwT4aaHc1I0","_previous":{"url":"https:\/\/hub.woodsonisd.net\/admin"},"_flash":{"old":[],"new":[]}},"response_headers":{"content-type":"text\/html; charset=UTF-8","cache-control":"no-cache, private","date":"Thu, 12 Feb 2026 16:57:57 GMT","set-cookie":"XSRF-TOKEN=eyJpdiI6Imx0UUpZZzc0YzVQQ0cySjhhdXRhNEE9PSIsInZhbHVlIjoidFZoTi9CVkZWVGZuMlhMMGpxUVpEL1ZXZ0FVNXMyTzVFQUs4ZGJkSFliUFUyOFdFYTVIWnQ5dnRuVVpMcGVqYWJSd1hhMWRhTHM2WCtsdVhZaE1LNHhtN2FpRFRNajZ4Z0ttOUpNQWxGU0trQWdVSmVEcGs2UmFQa1ptRjgxT04iLCJtYWMiOiI4MTIxNmEyOTA3OGNiOTJjYzcyZWM0NGY4ZTdiZDI1OWVlYjllNTQ5MWUyM2ZkNTQwNDgwZWRmYjRhY2MxMWE0IiwidGFnIjoiIn0%3D; expires=Fri, 17 Jan 2031 16:57:57 GMT; Max-Age=155520000; path=\/; secure; samesite=lax, thehub-session=eyJpdiI6Ik1lWVg1Ly9SZ3ZkNlZYYm1FOVRUbWc9PSIsInZhbHVlIjoiaWl1WGorUVlONC9MMWNXQjVONmE3MlZ1aGtLbzMzd3lpS3RHeU5ONzlCdTVJcXgwbFIwOG1iWDdqM2hVeFZFUXhFT2s4ZkkwanVMNVZLZDhDVFg1ZW0xTFlTS2p0Ym9iZ3QrR3lJbHFMUTgzeGhQZWl1OUJ5YWV0NFQwZHNmKysiLCJtYWMiOiI4Y2U4YzIxOTVmMTIyZmM5Mjg3ZDU3NGUzNmM0ZmYwYTI3YWM4ZjRkM2VhYTZjMTM4NTk0NWU0MjUxMjAxODBjIiwidGFnIjoiIn0%3D; expires=Fri, 17 Jan 2031 16:57:57 GMT; Max-Age=155520000; path=\/; secure; httponly; samesite=lax"},"response_status":200,"response":{"view":"\/var\/www\/woodson\/thehub\/resources\/views\/admin\/dashboard.blade.php","data":{"user":{"id":27486,"email":"richard.sullivan@woodsonisd.net","name":"Richard Sullivan","role":"super_admin","picture":"https:\/\/lh3.googleusercontent.com\/a\/ACg8ocJMpjAziLo6z-2uxW6WwPtjFBts00IZOLRwgiScJy3ONzUY8A6e=s96-c"}}},"duration":237,"memory":4,"hostname":"welllogix"}, 2026-02-12 10:57:57, ?, request, a11056cc-9d67-4e04-b2e5-e6c8a54f7077)) {"exception":"[object] (Illuminate\\Database\\QueryException(code: 42S02): SQLSTATE[42S02]: Base table or view not found: 1146 Table 'woodson_hub.telescope_entries' doesn't exist (Connection: mysql, SQL: insert into `telescope_entries` (`batch_id`, `content`, `created_at`, `family_hash`, `type`, `uuid`) values (a11056cc-9ffc-4548-b4e8-478fb4dec819, {\"name\":\"admin.dashboard\",\"path\":\"\\/resources\\/views\\/admin\\/dashboard.blade.php\",\"data\":[\"user\"],\"hostname\":\"welllogix\"}, 2026-02-12 10:57:57, ?, view, a11056cc-8a6b-4a0f-940c-875a047a0dda), (a11056cc-9ffc-4548-b4e8-478fb4dec819, {\"name\":\"layouts.admin\",\"path\":\"\\/resources\\/views\\/layouts\\/admin.blade.php\",\"data\":[\"user\"],\"hostname\":\"welllogix\"}, 2026-02-12 10:57:57, ?, view, a11056cc-8d10-4060-9f7b-f0f55db2312b), (a11056cc-9ffc-4548-b4e8-478fb4dec819, {\"name\":\"layouts.enterprise\",\"path\":\"\\/resources\\/views\\/layouts\\/enterprise.blade.php\",\"data\":[\"user\",\"context\",\"navItems\",\"activeItem\",\"sidebarTitle\",\"sidebarIcon\",\"logoUrl\",\"breadcrumbs\"],\"hostname\":\"welllogix\"}, 2026-02-12 10:57:57, ?, view, a11056cc-98f0-45df-a978-2ea02f51f67a), (a11056cc-9ffc-4548-b4e8-478fb4dec819, {\"ip_address\":\"10.49.16.200\",\"uri\":\"\\/admin\",\"method\":\"GET\",\"controller_action\":\"App\\\\Http\\\\Controllers\\\\Admin\\\\DashboardController@index\",\"middleware\":[\"web\",\"auth:admin,super_admin\"],\"headers\":{\"host\":\"hub.woodsonisd.net\",\"priority\":\"u=0, i\",\"cookie\":\"THEHUB_SESSION=e7kj2r13j7e496lmuntlkkr905; XSRF-TOKEN=eyJpdiI6InVXVXNQYmtCcHREbXY0bXJhTmNhS0E9PSIsInZhbHVlIjoiZng4TnBYOFQvVzFwVWkrbHVTekMzMXBYTkorMVhzQTRTaldGNUdjM093ZlNpWk14U3NQQ0JXbCs0WXhPWFFaYzN3WHdjMlFOZS9FRTFaNkwxeXJyczhLVTFPUGNQZXhqMklUdmU4ck9JU2NVUHVTQVk0cXdYTnU2ZCtBckFtaW4iLCJtYWMiOiI1MjNmNTMzZGJlYTI4NWY5YmQyYzdlMjZiOTA0MjcxZDI5MDZmNmY5YWJjYzAwOWRhNDI1ZGRiYzE0MWJiOWU0IiwidGFnIjoiIn0%3D; thehub-session=eyJpdiI6IjhJcmlha1FhckZVZkphQkgxWjI1TEE9PSIsInZhbHVlIjoiZWZxUkYzR1ZaeFo5b2lrSC9TTHJldEgyK21tWmRQcjU0TkxxSjZwWHgzOUR3MzZyMFdmN2QwdG1WUXlVb0tyRE9OeEV1eG9BRmpaUGxnRTBHQ2RjaERiS1R2R1NXaVdTK0M4ZWp1S2I4MGpjR2x6RDdVeHNoTlVDQTlWN1BqOGMiLCJtYWMiOiI1NjIxZmYzNDk5OWRlYzUyNDBiNjQwYjA5NGM1Mzk5OWY0ODAxODkxZDA5OGQ4MTNhYzliZDllZGZjN2IwODQ4IiwidGFnIjoiIn0%3D\",\"accept-language\":\"en-US,en;q=0.9\",\"accept-encoding\":\"gzip, deflate, br, zstd\",\"referer\":\"https:\\/\\/hub.woodsonisd.net\\/\",\"sec-fetch-dest\":\"document\",\"sec-fetch-user\":\"?1\",\"sec-fetch-mode\":\"navigate\",\"sec-fetch-site\":\"same-origin\",\"accept\":\"text\\/html,application\\/xhtml+xml,application\\/xml;q=0.9,image\\/avif,image\\/webp,image\\/apng,*\\/*;q=0.8,application\\/signed-exchange;v=b3;q=0.7\",\"user-agent\":\"Mozilla\\/5.0 (Windows NT 10.0; Win64; x64) AppleWebKit\\/537.36 (KHTML, like Gecko) Chrome\\/144.0.0.0 Safari\\/537.36\",\"upgrade-insecure-requests\":\"1\",\"dnt\":\"1\",\"sec-ch-ua-platform\":\"\\\"Windows\\\"\",\"sec-ch-ua-mobile\":\"?0\",\"sec-ch-ua\":\"\\\"Not(A:Brand\\\";v=\\\"8\\\", \\\"Chromium\\\";v=\\\"144\\\", \\\"Google Chrome\\\";v=\\\"144\\\"\",\"cache-control\":\"no-cache\",\"pragma\":\"no-cache\"},\"payload\":[],\"session\":{\"_token\":\"rZ3uqqPHpZRECR1htqk3HVmLQzoQLKwT4aaHc1I0\",\"_previous\":{\"url\":\"https:\\/\\/hub.woodsonisd.net\\/admin\"},\"_flash\":{\"old\":[],\"new\":[]}},\"response_headers\":{\"content-type\":\"text\\/html; charset=UTF-8\",\"cache-control\":\"no-cache, private\",\"date\":\"Thu, 12 Feb 2026 16:57:57 GMT\",\"set-cookie\":\"XSRF-TOKEN=eyJpdiI6Imx0UUpZZzc0YzVQQ0cySjhhdXRhNEE9PSIsInZhbHVlIjoidFZoTi9CVkZWVGZuMlhMMGpxUVpEL1ZXZ0FVNXMyTzVFQUs4ZGJkSFliUFUyOFdFYTVIWnQ5dnRuVVpMcGVqYWJSd1hhMWRhTHM2WCtsdVhZaE1LNHhtN2FpRFRNajZ4Z0ttOUpNQWxGU0trQWdVSmVEcGs2UmFQa1ptRjgxT04iLCJtYWMiOiI4MTIxNmEyOTA3OGNiOTJjYzcyZWM0NGY4ZTdiZDI1OWVlYjllNTQ5MWUyM2ZkNTQwNDgwZWRmYjRhY2MxMWE0IiwidGFnIjoiIn0%3D; expires=Fri, 17 Jan 2031 16:57:57 GMT; Max-Age=155520000; path=\\/; secure; samesite=lax, thehub-session=eyJpdiI6Ik1lWVg1Ly9SZ3ZkNlZYYm1FOVRUbWc9PSIsInZhbHVlIjoiaWl1WGorUVlONC9MMWNXQjVONmE3MlZ1aGtLbzMzd3lpS3RHeU5ONzlCdTVJcXgwbFIwOG1iWDdqM2hVeFZFUXhFT2s4ZkkwanVMNVZLZDhDVFg1ZW0xTFlTS2p0Ym9iZ3QrR3lJbHFMUTgzeGhQZWl1OUJ5YWV0NFQwZHNmKysiLCJtYWMiOiI4Y2U4YzIxOTVmMTIyZmM5Mjg3ZDU3NGUzNmM0ZmYwYTI3YWM4ZjRkM2VhYTZjMTM4NTk0NWU0MjUxMjAxODBjIiwidGFnIjoiIn0%3D; expires=Fri, 17 Jan 2031 16:57:57 GMT; Max-Age=155520000; path=\\/; secure; httponly; samesite=lax\"},\"response_status\":200,\"response\":{\"view\":\"\\/var\\/www\\/woodson\\/thehub\\/resources\\/views\\/admin\\/dashboard.blade.php\",\"data\":{\"user\":{\"id\":27486,\"email\":\"richard.sullivan@woodsonisd.net\",\"name\":\"Richard Sullivan\",\"role\":\"super_admin\",\"picture\":\"https:\\/\\/lh3.googleusercontent.com\\/a\\/ACg8ocJMpjAziLo6z-2uxW6WwPtjFBts00IZOLRwgiScJy3ONzUY8A6e=s96-c\"}}},\"duration\":237,\"memory\":4,\"hostname\":\"welllogix\"}, 2026-02-12 10:57:57, ?, request, a11056cc-9d67-4e04-b2e5-e6c8a54f7077)) at /var/www/woodson/thehub/vendor/laravel/framework/src/Illuminate/Database/Connection.php:825)
[stacktrace]
#0 /var/www/woodson/thehub/vendor/laravel/framework/src/Illuminate/Database/Connection.php(779): Illuminate\\Database\\Connection->runQueryCallback()
#1 /var/www/woodson/thehub/vendor/laravel/framework/src/Illuminate/Database/MySqlConnection.php(42): Illuminate\\Database\\Connection->run()
#2 /var/www/woodson/thehub/vendor/laravel/framework/src/Illuminate/Database/Query/Builder.php(3717): Illuminate\\Database\\MySqlConnection->insert()
#3 /var/www/woodson/thehub/vendor/laravel/telescope/src/Storage/DatabaseEntriesRepository.php(145): Illuminate\\Database\\Query\\Builder->insert()
#4 /var/www/woodson/thehub/vendor/laravel/framework/src/Illuminate/Collections/Traits/EnumeratesValues.php(261): Laravel\\Telescope\\Storage\\DatabaseEntriesRepository->Laravel\\Telescope\\Storage\\{closure}()
#5 /var/www/woodson/thehub/vendor/laravel/telescope/src/Storage/DatabaseEntriesRepository.php(144): Illuminate\\Support\\Collection->each()
#6 /var/www/woodson/thehub/vendor/laravel/telescope/src/Telescope.php(664): Laravel\\Telescope\\Storage\\DatabaseEntriesRepository->store()
#7 [internal function]: Laravel\\Telescope\\Telescope::Laravel\\Telescope\\{closure}()
#8 /var/www/woodson/thehub/vendor/laravel/telescope/src/Telescope.php(289): call_user_func()
#9 /var/www/woodson/thehub/vendor/laravel/telescope/src/Telescope.php(656): Laravel\\Telescope\\Telescope::withoutRecording()
#10 /var/www/woodson/thehub/vendor/laravel/telescope/src/ListensForStorageOpportunities.php(65): Laravel\\Telescope\\Telescope::store()
#11 /var/www/woodson/thehub/vendor/laravel/framework/src/Illuminate/Container/BoundMethod.php(36): Laravel\\Telescope\\Telescope::Laravel\\Telescope\\{closure}()
#12 /var/www/woodson/thehub/vendor/laravel/framework/src/Illuminate/Container/Util.php(43): Illuminate\\Container\\BoundMethod::Illuminate\\Container\\{closure}()
#13 /var/www/woodson/thehub/vendor/laravel/framework/src/Illuminate/Container/BoundMethod.php(83): Illuminate\\Container\\Util::unwrapIfClosure()
#14 /var/www/woodson/thehub/vendor/laravel/framework/src/Illuminate/Container/BoundMethod.php(35): Illuminate\\Container\\BoundMethod::callBoundMethod()
#15 /var/www/woodson/thehub/vendor/laravel/framework/src/Illuminate/Container/Container.php(696): Illuminate\\Container\\BoundMethod::call()
#16 /var/www/woodson/thehub/vendor/laravel/framework/src/Illuminate/Foundation/Application.php(1452): Illuminate\\Container\\Container->call()
#17 /var/www/woodson/thehub/vendor/laravel/framework/src/Illuminate/Foundation/Http/Kernel.php(218): Illuminate\\Foundation\\Application->terminate()
#18 /var/www/woodson/thehub/public/laravel.php(40): Illuminate\\Foundation\\Http\\Kernel->terminate()
#19 {main}

[previous exception] [object] (PDOException(code: 42S02): SQLSTATE[42S02]: Base table or view not found: 1146 Table 'woodson_hub.telescope_entries' doesn't exist at /var/www/woodson/thehub/vendor/laravel/framework/src/Illuminate/Database/MySqlConnection.php:47)
[stacktrace]
#0 /var/www/woodson/thehub/vendor/laravel/framework/src/Illuminate/Database/MySqlConnection.php(47): PDO->prepare()
#1 /var/www/woodson/thehub/vendor/laravel/framework/src/Illuminate/Database/Connection.php(812): Illuminate\\Database\\MySqlConnection->Illuminate\\Database\\{closure}()
#2 /var/www/woodson/thehub/vendor/laravel/framework/src/Illuminate/Database/Connection.php(779): Illuminate\\Database\\Connection->runQueryCallback()
#3 /var/www/woodson/thehub/vendor/laravel/framework/src/Illuminate/Database/MySqlConnection.php(42): Illuminate\\Database\\Connection->run()
#4 /var/www/woodson/thehub/vendor/laravel/framework/src/Illuminate/Database/Query/Builder.php(3717): Illuminate\\Database\\MySqlConnection->insert()
#5 /var/www/woodson/thehub/vendor/laravel/telescope/src/Storage/DatabaseEntriesRepository.php(145): Illuminate\\Database\\Query\\Builder->insert()
#6 /var/www/woodson/thehub/vendor/laravel/framework/src/Illuminate/Collections/Traits/EnumeratesValues.php(261): Laravel\\Telescope\\Storage\\DatabaseEntriesRepository->Laravel\\Telescope\\Storage\\{closure}()
#7 /var/www/woodson/thehub/vendor/laravel/telescope/src/Storage/DatabaseEntriesRepository.php(144): Illuminate\\Support\\Collection->each()
#8 /var/www/woodson/thehub/vendor/laravel/telescope/src/Telescope.php(664): Laravel\\Telescope\\Storage\\DatabaseEntriesRepository->store()
#9 [internal function]: Laravel\\Telescope\\Telescope::Laravel\\Telescope\\{closure}()
#10 /var/www/woodson/thehub/vendor/laravel/telescope/src/Telescope.php(289): call_user_func()
#11 /var/www/woodson/thehub/vendor/laravel/telescope/src/Telescope.php(656): Laravel\\Telescope\\Telescope::withoutRecording()
#12 /var/www/woodson/thehub/vendor/laravel/telescope/src/ListensForStorageOpportunities.php(65): Laravel\\Telescope\\Telescope::store()
#13 /var/www/woodson/thehub/vendor/laravel/framework/src/Illuminate/Container/BoundMethod.php(36): Laravel\\Telescope\\Telescope::Laravel\\Telescope\\{closure}()
#14 /var/www/woodson/thehub/vendor/laravel/framework/src/Illuminate/Container/Util.php(43): Illuminate\\Container\\BoundMethod::Illuminate\\Container\\{closure}()
#15 /var/www/woodson/thehub/vendor/laravel/framework/src/Illuminate/Container/BoundMethod.php(83): Illuminate\\Container\\Util::unwrapIfClosure()
#16 /var/www/woodson/thehub/vendor/laravel/framework/src/Illuminate/Container/BoundMethod.php(35): Illuminate\\Container\\BoundMethod::callBoundMethod()
#17 /var/www/woodson/thehub/vendor/laravel/framework/src/Illuminate/Container/Container.php(696): Illuminate\\Container\\BoundMethod::call()
#18 /var/www/woodson/thehub/vendor/laravel/framework/src/Illuminate/Foundation/Application.php(1452): Illuminate\\Container\\Container->call()
#19 /var/www/woodson/thehub/vendor/laravel/framework/src/Illuminate/Foundation/Http/Kernel.php(218): Illuminate\\Foundation\\Application->terminate()
#20 /var/www/woodson/thehub/public/laravel.php(40): Illuminate\\Foundation\\Http\\Kernel->terminate()
#21 {main}
"} 
[2026-02-12 10:58:03] production.ERROR: SQLSTATE[42S02]: Base table or view not found: 1146 Table 'woodson_hub.telescope_entries' doesn't exist (Connection: mysql, SQL: insert into `telescope_entries` (`batch_id`, `content`, `created_at`, `family_hash`, `type`, `uuid`) values (a11056d4-7804-4434-a5fb-b13c505572f1, {"name":"admin.dashboard","path":"\/resources\/views\/admin\/dashboard.blade.php","data":["user"],"hostname":"welllogix"}, 2026-02-12 10:58:02, ?, view, a11056d4-4105-4a5a-a7b1-fb3e1e82b043), (a11056d4-7804-4434-a5fb-b13c505572f1, {"name":"layouts.admin","path":"\/resources\/views\/layouts\/admin.blade.php","data":["user"],"hostname":"welllogix"}, 2026-02-12 10:58:02, ?, view, a11056d4-427e-44f1-a040-74aea4ac014e), (a11056d4-7804-4434-a5fb-b13c505572f1, {"name":"layouts.enterprise","path":"\/resources\/views\/layouts\/enterprise.blade.php","data":["user","context","navItems","activeItem","sidebarTitle","sidebarIcon","logoUrl","breadcrumbs"],"hostname":"welllogix"}, 2026-02-12 10:58:03, ?, view, a11056d4-4470-423e-97bc-e4893d9ac749), (a11056d4-7804-4434-a5fb-b13c505572f1, {"ip_address":"10.49.16.200","uri":"\/admin","method":"GET","controller_action":"App\\Http\\Controllers\\Admin\\DashboardController@index","middleware":["web","auth:admin,super_admin"],"headers":{"host":"hub.woodsonisd.net","priority":"u=0, i","cookie":"THEHUB_SESSION=e7kj2r13j7e496lmuntlkkr905; XSRF-TOKEN=eyJpdiI6Imx0UUpZZzc0YzVQQ0cySjhhdXRhNEE9PSIsInZhbHVlIjoidFZoTi9CVkZWVGZuMlhMMGpxUVpEL1ZXZ0FVNXMyTzVFQUs4ZGJkSFliUFUyOFdFYTVIWnQ5dnRuVVpMcGVqYWJSd1hhMWRhTHM2WCtsdVhZaE1LNHhtN2FpRFRNajZ4Z0ttOUpNQWxGU0trQWdVSmVEcGs2UmFQa1ptRjgxT04iLCJtYWMiOiI4MTIxNmEyOTA3OGNiOTJjYzcyZWM0NGY4ZTdiZDI1OWVlYjllNTQ5MWUyM2ZkNTQwNDgwZWRmYjRhY2MxMWE0IiwidGFnIjoiIn0%3D; thehub-session=eyJpdiI6Ik1lWVg1Ly9SZ3ZkNlZYYm1FOVRUbWc9PSIsInZhbHVlIjoiaWl1WGorUVlONC9MMWNXQjVONmE3MlZ1aGtLbzMzd3lpS3RHeU5ONzlCdTVJcXgwbFIwOG1iWDdqM2hVeFZFUXhFT2s4ZkkwanVMNVZLZDhDVFg1ZW0xTFlTS2p0Ym9iZ3QrR3lJbHFMUTgzeGhQZWl1OUJ5YWV0NFQwZHNmKysiLCJtYWMiOiI4Y2U4YzIxOTVmMTIyZmM5Mjg3ZDU3NGUzNmM0ZmYwYTI3YWM4ZjRkM2VhYTZjMTM4NTk0NWU0MjUxMjAxODBjIiwidGFnIjoiIn0%3D","accept-language":"en-US,en;q=0.9","accept-encoding":"gzip, deflate, br, zstd","referer":"https:\/\/hub.woodsonisd.net\/","sec-fetch-dest":"document","sec-fetch-user":"?1","sec-fetch-mode":"navigate","sec-fetch-site":"same-origin","accept":"text\/html,application\/xhtml+xml,application\/xml;q=0.9,image\/avif,image\/webp,image\/apng,*\/*;q=0.8,application\/signed-exchange;v=b3;q=0.7","user-agent":"Mozilla\/5.0 (Windows NT 10.0; Win64; x64) AppleWebKit\/537.36 (KHTML, like Gecko) Chrome\/144.0.0.0 Safari\/537.36","upgrade-insecure-requests":"1","dnt":"1","sec-ch-ua-platform":"\"Windows\"","sec-ch-ua-mobile":"?0","sec-ch-ua":"\"Not(A:Brand\";v=\"8\", \"Chromium\";v=\"144\", \"Google Chrome\";v=\"144\"","cache-control":"no-cache","pragma":"no-cache"},"payload":[],"session":{"_token":"rZ3uqqPHpZRECR1htqk3HVmLQzoQLKwT4aaHc1I0","_previous":{"url":"https:\/\/hub.woodsonisd.net\/admin"},"_flash":{"old":[],"new":[]}},"response_headers":{"content-type":"text\/html; charset=UTF-8","cache-control":"no-cache, private","date":"Thu, 12 Feb 2026 16:58:02 GMT","set-cookie":"XSRF-TOKEN=eyJpdiI6Imx0TW1YTkRvVDJOWnUySkhUV2lDa3c9PSIsInZhbHVlIjoiVnMzMmN6Mm1mN2svVjVBV2JFMGs3QXJ6UFNqN2JoUCtPNDErTmU2K1hqOWRnQ3l6ZUhrWis0Z2RZS28xM0tHaTZiSU9VVWpDQUY1d1h6angrOGpLOEZkS2JhN3pMNnVHamZYT3lza0RKZXVBYTh6b3BOSUU5N3BoV2JYQVgxWW8iLCJtYWMiOiIzMGMzNzViMTM1MGNlMDk4YjMxODkxMDJiZGY1NTQ5ZjZlZjNmMjhjOGJmOWNjY2UzMDA2OTZlNzgxYWQ3MjQyIiwidGFnIjoiIn0%3D; expires=Fri, 17 Jan 2031 16:58:03 GMT; Max-Age=155520000; path=\/; secure; samesite=lax, thehub-session=eyJpdiI6Ik1nZkRXaVVQa096Q2x6d0VWK05FakE9PSIsInZhbHVlIjoiQTZqcFYrRFNtNmRNbmNkMlAxUnFSMUFFU2xYOHdacXJ4L2Nib3VkRXJkNm1TSjEzK0VLMWtHOXBEOHAxV1daV2MxNCtNUkU2a09sUHd4YkRCbG9LbjQ3eHpleU1ZZzlMcmdlNDRTaC85WkJkR0RIWEhLTDV5T1ZFclVpUERIWEgiLCJtYWMiOiJkY2U2ODUzMjVjZTQ2ZTEzN2U5NjViZGZiODAxY2MzOGRlZjg0ZmY2MTk0OGVjMGVjZjI0ZmE4YWYzYzllZDkxIiwidGFnIjoiIn0%3D; expires=Fri, 17 Jan 2031 16:58:03 GMT; Max-Age=155520000; path=\/; secure; httponly; samesite=lax"},"response_status":200,"response":{"view":"\/var\/www\/woodson\/thehub\/resources\/views\/admin\/dashboard.blade.php","data":{"user":{"id":27486,"email":"richard.sullivan@woodsonisd.net","name":"Richard Sullivan","role":"super_admin","picture":"https:\/\/lh3.googleusercontent.com\/a\/ACg8ocJMpjAziLo6z-2uxW6WwPtjFBts00IZOLRwgiScJy3ONzUY8A6e=s96-c"}}},"duration":269,"memory":2,"hostname":"welllogix"}, 2026-02-12 10:58:03, ?, request, a11056d4-7654-4758-b02c-b826520588ff)) {"exception":"[object] (Illuminate\\Database\\QueryException(code: 42S02): SQLSTATE[42S02]: Base table or view not found: 1146 Table 'woodson_hub.telescope_entries' doesn't exist (Connection: mysql, SQL: insert into `telescope_entries` (`batch_id`, `content`, `created_at`, `family_hash`, `type`, `uuid`) values (a11056d4-7804-4434-a5fb-b13c505572f1, {\"name\":\"admin.dashboard\",\"path\":\"\\/resources\\/views\\/admin\\/dashboard.blade.php\",\"data\":[\"user\"],\"hostname\":\"welllogix\"}, 2026-02-12 10:58:02, ?, view, a11056d4-4105-4a5a-a7b1-fb3e1e82b043), (a11056d4-7804-4434-a5fb-b13c505572f1, {\"name\":\"layouts.admin\",\"path\":\"\\/resources\\/views\\/layouts\\/admin.blade.php\",\"data\":[\"user\"],\"hostname\":\"welllogix\"}, 2026-02-12 10:58:02, ?, view, a11056d4-427e-44f1-a040-74aea4ac014e), (a11056d4-7804-4434-a5fb-b13c505572f1, {\"name\":\"layouts.enterprise\",\"path\":\"\\/resources\\/views\\/layouts\\/enterprise.blade.php\",\"data\":[\"user\",\"context\",\"navItems\",\"activeItem\",\"sidebarTitle\",\"sidebarIcon\",\"logoUrl\",\"breadcrumbs\"],\"hostname\":\"welllogix\"}, 2026-02-12 10:58:03, ?, view, a11056d4-4470-423e-97bc-e4893d9ac749), (a11056d4-7804-4434-a5fb-b13c505572f1, {\"ip_address\":\"10.49.16.200\",\"uri\":\"\\/admin\",\"method\":\"GET\",\"controller_action\":\"App\\\\Http\\\\Controllers\\\\Admin\\\\DashboardController@index\",\"middleware\":[\"web\",\"auth:admin,super_admin\"],\"headers\":{\"host\":\"hub.woodsonisd.net\",\"priority\":\"u=0, i\",\"cookie\":\"THEHUB_SESSION=e7kj2r13j7e496lmuntlkkr905; XSRF-TOKEN=eyJpdiI6Imx0UUpZZzc0YzVQQ0cySjhhdXRhNEE9PSIsInZhbHVlIjoidFZoTi9CVkZWVGZuMlhMMGpxUVpEL1ZXZ0FVNXMyTzVFQUs4ZGJkSFliUFUyOFdFYTVIWnQ5dnRuVVpMcGVqYWJSd1hhMWRhTHM2WCtsdVhZaE1LNHhtN2FpRFRNajZ4Z0ttOUpNQWxGU0trQWdVSmVEcGs2UmFQa1ptRjgxT04iLCJtYWMiOiI4MTIxNmEyOTA3OGNiOTJjYzcyZWM0NGY4ZTdiZDI1OWVlYjllNTQ5MWUyM2ZkNTQwNDgwZWRmYjRhY2MxMWE0IiwidGFnIjoiIn0%3D; thehub-session=eyJpdiI6Ik1lWVg1Ly9SZ3ZkNlZYYm1FOVRUbWc9PSIsInZhbHVlIjoiaWl1WGorUVlONC9MMWNXQjVONmE3MlZ1aGtLbzMzd3lpS3RHeU5ONzlCdTVJcXgwbFIwOG1iWDdqM2hVeFZFUXhFT2s4ZkkwanVMNVZLZDhDVFg1ZW0xTFlTS2p0Ym9iZ3QrR3lJbHFMUTgzeGhQZWl1OUJ5YWV0NFQwZHNmKysiLCJtYWMiOiI4Y2U4YzIxOTVmMTIyZmM5Mjg3ZDU3NGUzNmM0ZmYwYTI3YWM4ZjRkM2VhYTZjMTM4NTk0NWU0MjUxMjAxODBjIiwidGFnIjoiIn0%3D\",\"accept-language\":\"en-US,en;q=0.9\",\"accept-encoding\":\"gzip, deflate, br, zstd\",\"referer\":\"https:\\/\\/hub.woodsonisd.net\\/\",\"sec-fetch-dest\":\"document\",\"sec-fetch-user\":\"?1\",\"sec-fetch-mode\":\"navigate\",\"sec-fetch-site\":\"same-origin\",\"accept\":\"text\\/html,application\\/xhtml+xml,application\\/xml;q=0.9,image\\/avif,image\\/webp,image\\/apng,*\\/*;q=0.8,application\\/signed-exchange;v=b3;q=0.7\",\"user-agent\":\"Mozilla\\/5.0 (Windows NT 10.0; Win64; x64) AppleWebKit\\/537.36 (KHTML, like Gecko) Chrome\\/144.0.0.0 Safari\\/537.36\",\"upgrade-insecure-requests\":\"1\",\"dnt\":\"1\",\"sec-ch-ua-platform\":\"\\\"Windows\\\"\",\"sec-ch-ua-mobile\":\"?0\",\"sec-ch-ua\":\"\\\"Not(A:Brand\\\";v=\\\"8\\\", \\\"Chromium\\\";v=\\\"144\\\", \\\"Google Chrome\\\";v=\\\"144\\\"\",\"cache-control\":\"no-cache\",\"pragma\":\"no-cache\"},\"payload\":[],\"session\":{\"_token\":\"rZ3uqqPHpZRECR1htqk3HVmLQzoQLKwT4aaHc1I0\",\"_previous\":{\"url\":\"https:\\/\\/hub.woodsonisd.net\\/admin\"},\"_flash\":{\"old\":[],\"new\":[]}},\"response_headers\":{\"content-type\":\"text\\/html; charset=UTF-8\",\"cache-control\":\"no-cache, private\",\"date\":\"Thu, 12 Feb 2026 16:58:02 GMT\",\"set-cookie\":\"XSRF-TOKEN=eyJpdiI6Imx0TW1YTkRvVDJOWnUySkhUV2lDa3c9PSIsInZhbHVlIjoiVnMzMmN6Mm1mN2svVjVBV2JFMGs3QXJ6UFNqN2JoUCtPNDErTmU2K1hqOWRnQ3l6ZUhrWis0Z2RZS28xM0tHaTZiSU9VVWpDQUY1d1h6angrOGpLOEZkS2JhN3pMNnVHamZYT3lza0RKZXVBYTh6b3BOSUU5N3BoV2JYQVgxWW8iLCJtYWMiOiIzMGMzNzViMTM1MGNlMDk4YjMxODkxMDJiZGY1NTQ5ZjZlZjNmMjhjOGJmOWNjY2UzMDA2OTZlNzgxYWQ3MjQyIiwidGFnIjoiIn0%3D; expires=Fri, 17 Jan 2031 16:58:03 GMT; Max-Age=155520000; path=\\/; secure; samesite=lax, thehub-session=eyJpdiI6Ik1nZkRXaVVQa096Q2x6d0VWK05FakE9PSIsInZhbHVlIjoiQTZqcFYrRFNtNmRNbmNkMlAxUnFSMUFFU2xYOHdacXJ4L2Nib3VkRXJkNm1TSjEzK0VLMWtHOXBEOHAxV1daV2MxNCtNUkU2a09sUHd4YkRCbG9LbjQ3eHpleU1ZZzlMcmdlNDRTaC85WkJkR0RIWEhLTDV5T1ZFclVpUERIWEgiLCJtYWMiOiJkY2U2ODUzMjVjZTQ2ZTEzN2U5NjViZGZiODAxY2MzOGRlZjg0ZmY2MTk0OGVjMGVjZjI0ZmE4YWYzYzllZDkxIiwidGFnIjoiIn0%3D; expires=Fri, 17 Jan 2031 16:58:03 GMT; Max-Age=155520000; path=\\/; secure; httponly; samesite=lax\"},\"response_status\":200,\"response\":{\"view\":\"\\/var\\/www\\/woodson\\/thehub\\/resources\\/views\\/admin\\/dashboard.blade.php\",\"data\":{\"user\":{\"id\":27486,\"email\":\"richard.sullivan@woodsonisd.net\",\"name\":\"Richard Sullivan\",\"role\":\"super_admin\",\"picture\":\"https:\\/\\/lh3.googleusercontent.com\\/a\\/ACg8ocJMpjAziLo6z-2uxW6WwPtjFBts00IZOLRwgiScJy3ONzUY8A6e=s96-c\"}}},\"duration\":269,\"memory\":2,\"hostname\":\"welllogix\"}, 2026-02-12 10:58:03, ?, request, a11056d4-7654-4758-b02c-b826520588ff)) at /var/www/woodson/thehub/vendor/laravel/framework/src/Illuminate/Database/Connection.php:825)
[stacktrace]
#0 /var/www/woodson/thehub/vendor/laravel/framework/src/Illuminate/Database/Connection.php(779): Illuminate\\Database\\Connection->runQueryCallback()
#1 /var/www/woodson/thehub/vendor/laravel/framework/src/Illuminate/Database/MySqlConnection.php(42): Illuminate\\Database\\Connection->run()
#2 /var/www/woodson/thehub/vendor/laravel/framework/src/Illuminate/Database/Query/Builder.php(3717): Illuminate\\Database\\MySqlConnection->insert()
#3 /var/www/woodson/thehub/vendor/laravel/telescope/src/Storage/DatabaseEntriesRepository.php(145): Illuminate\\Database\\Query\\Builder->insert()
#4 /var/www/woodson/thehub/vendor/laravel/framework/src/Illuminate/Collections/Traits/EnumeratesValues.php(261): Laravel\\Telescope\\Storage\\DatabaseEntriesRepository->Laravel\\Telescope\\Storage\\{closure}()
#5 /var/www/woodson/thehub/vendor/laravel/telescope/src/Storage/DatabaseEntriesRepository.php(144): Illuminate\\Support\\Collection->each()
#6 /var/www/woodson/thehub/vendor/laravel/telescope/src/Telescope.php(664): Laravel\\Telescope\\Storage\\DatabaseEntriesRepository->store()
#7 [internal function]: Laravel\\Telescope\\Telescope::Laravel\\Telescope\\{closure}()
#8 /var/www/woodson/thehub/vendor/laravel/telescope/src/Telescope.php(289): call_user_func()
#9 /var/www/woodson/thehub/vendor/laravel/telescope/src/Telescope.php(656): Laravel\\Telescope\\Telescope::withoutRecording()
#10 /var/www/woodson/thehub/vendor/laravel/telescope/src/ListensForStorageOpportunities.php(65): Laravel\\Telescope\\Telescope::store()
#11 /var/www/woodson/thehub/vendor/laravel/framework/src/Illuminate/Container/BoundMethod.php(36): Laravel\\Telescope\\Telescope::Laravel\\Telescope\\{closure}()
#12 /var/www/woodson/thehub/vendor/laravel/framework/src/Illuminate/Container/Util.php(43): Illuminate\\Container\\BoundMethod::Illuminate\\Container\\{closure}()
#13 /var/www/woodson/thehub/vendor/laravel/framework/src/Illuminate/Container/BoundMethod.php(83): Illuminate\\Container\\Util::unwrapIfClosure()
#14 /var/www/woodson/thehub/vendor/laravel/framework/src/Illuminate/Container/BoundMethod.php(35): Illuminate\\Container\\BoundMethod::callBoundMethod()
#15 /var/www/woodson/thehub/vendor/laravel/framework/src/Illuminate/Container/Container.php(696): Illuminate\\Container\\BoundMethod::call()
#16 /var/www/woodson/thehub/vendor/laravel/framework/src/Illuminate/Foundation/Application.php(1452): Illuminate\\Container\\Container->call()
#17 /var/www/woodson/thehub/vendor/laravel/framework/src/Illuminate/Foundation/Http/Kernel.php(218): Illuminate\\Foundation\\Application->terminate()
#18 /var/www/woodson/thehub/public/laravel.php(40): Illuminate\\Foundation\\Http\\Kernel->terminate()
#19 {main}

[previous exception] [object] (PDOException(code: 42S02): SQLSTATE[42S02]: Base table or view not found: 1146 Table 'woodson_hub.telescope_entries' doesn't exist at /var/www/woodson/thehub/vendor/laravel/framework/src/Illuminate/Database/MySqlConnection.php:47)
[stacktrace]
#0 /var/www/woodson/thehub/vendor/laravel/framework/src/Illuminate/Database/MySqlConnection.php(47): PDO->prepare()
#1 /var/www/woodson/thehub/vendor/laravel/framework/src/Illuminate/Database/Connection.php(812): Illuminate\\Database\\MySqlConnection->Illuminate\\Database\\{closure}()
#2 /var/www/woodson/thehub/vendor/laravel/framework/src/Illuminate/Database/Connection.php(779): Illuminate\\Database\\Connection->runQueryCallback()
#3 /var/www/woodson/thehub/vendor/laravel/framework/src/Illuminate/Database/MySqlConnection.php(42): Illuminate\\Database\\Connection->run()
#4 /var/www/woodson/thehub/vendor/laravel/framework/src/Illuminate/Database/Query/Builder.php(3717): Illuminate\\Database\\MySqlConnection->insert()
#5 /var/www/woodson/thehub/vendor/laravel/telescope/src/Storage/DatabaseEntriesRepository.php(145): Illuminate\\Database\\Query\\Builder->insert()
#6 /var/www/woodson/thehub/vendor/laravel/framework/src/Illuminate/Collections/Traits/EnumeratesValues.php(261): Laravel\\Telescope\\Storage\\DatabaseEntriesRepository->Laravel\\Telescope\\Storage\\{closure}()
#7 /var/www/woodson/thehub/vendor/laravel/telescope/src/Storage/DatabaseEntriesRepository.php(144): Illuminate\\Support\\Collection->each()
#8 /var/www/woodson/thehub/vendor/laravel/telescope/src/Telescope.php(664): Laravel\\Telescope\\Storage\\DatabaseEntriesRepository->store()
#9 [internal function]: Laravel\\Telescope\\Telescope::Laravel\\Telescope\\{closure}()
#10 /var/www/woodson/thehub/vendor/laravel/telescope/src/Telescope.php(289): call_user_func()
#11 /var/www/woodson/thehub/vendor/laravel/telescope/src/Telescope.php(656): Laravel\\Telescope\\Telescope::withoutRecording()
#12 /var/www/woodson/thehub/vendor/laravel/telescope/src/ListensForStorageOpportunities.php(65): Laravel\\Telescope\\Telescope::store()
#13 /var/www/woodson/thehub/vendor/laravel/framework/src/Illuminate/Container/BoundMethod.php(36): Laravel\\Telescope\\Telescope::Laravel\\Telescope\\{closure}()
#14 /var/www/woodson/thehub/vendor/laravel/framework/src/Illuminate/Container/Util.php(43): Illuminate\\Container\\BoundMethod::Illuminate\\Container\\{closure}()
#15 /var/www/woodson/thehub/vendor/laravel/framework/src/Illuminate/Container/BoundMethod.php(83): Illuminate\\Container\\Util::unwrapIfClosure()
#16 /var/www/woodson/thehub/vendor/laravel/framework/src/Illuminate/Container/BoundMethod.php(35): Illuminate\\Container\\BoundMethod::callBoundMethod()
#17 /var/www/woodson/thehub/vendor/laravel/framework/src/Illuminate/Container/Container.php(696): Illuminate\\Container\\BoundMethod::call()
#18 /var/www/woodson/thehub/vendor/laravel/framework/src/Illuminate/Foundation/Application.php(1452): Illuminate\\Container\\Container->call()
#19 /var/www/woodson/thehub/vendor/laravel/framework/src/Illuminate/Foundation/Http/Kernel.php(218): Illuminate\\Foundation\\Application->terminate()
#20 /var/www/woodson/thehub/public/laravel.php(40): Illuminate\\Foundation\\Http\\Kernel->terminate()
#21 {main}
"} 
[2026-02-12 10:58:06] production.ERROR: SQLSTATE[42S02]: Base table or view not found: 1146 Table 'woodson_hub.telescope_entries' doesn't exist (Connection: mysql, SQL: insert into `telescope_entries` (`batch_id`, `content`, `created_at`, `family_hash`, `type`, `uuid`) values (a11056d9-8ddd-4c6d-b4c1-66ef337ee187, {"name":"admin.packages","path":"\/resources\/views\/admin\/packages.blade.php","data":["isSuperAdmin","view"],"hostname":"welllogix"}, 2026-02-12 10:58:06, ?, view, a11056d9-7d70-4f08-9f45-c49229154ca0), (a11056d9-8ddd-4c6d-b4c1-66ef337ee187, {"name":"layouts.admin","path":"\/resources\/views\/layouts\/admin.blade.php","data":["isSuperAdmin","view"],"hostname":"welllogix"}, 2026-02-12 10:58:06, ?, view, a11056d9-83b6-465b-ba9f-ef43c2d05798), (a11056d9-8ddd-4c6d-b4c1-66ef337ee187, {"name":"layouts.enterprise","path":"\/resources\/views\/layouts\/enterprise.blade.php","data":["isSuperAdmin","view","context","navItems","activeItem","sidebarTitle","sidebarIcon","logoUrl","breadcrumbs"],"hostname":"welllogix"}, 2026-02-12 10:58:06, ?, view, a11056d9-86c8-457e-adad-20964d362ba9), (a11056d9-8ddd-4c6d-b4c1-66ef337ee187, {"ip_address":"10.49.16.200","uri":"\/admin\/packages\/installed","method":"GET","controller_action":"App\\Http\\Controllers\\Admin\\PackageController@installed","middleware":["web","auth:admin,super_admin"],"headers":{"host":"hub.woodsonisd.net","priority":"u=0, i","cookie":"THEHUB_SESSION=e7kj2r13j7e496lmuntlkkr905; XSRF-TOKEN=eyJpdiI6Imx0TW1YTkRvVDJOWnUySkhUV2lDa3c9PSIsInZhbHVlIjoiVnMzMmN6Mm1mN2svVjVBV2JFMGs3QXJ6UFNqN2JoUCtPNDErTmU2K1hqOWRnQ3l6ZUhrWis0Z2RZS28xM0tHaTZiSU9VVWpDQUY1d1h6angrOGpLOEZkS2JhN3pMNnVHamZYT3lza0RKZXVBYTh6b3BOSUU5N3BoV2JYQVgxWW8iLCJtYWMiOiIzMGMzNzViMTM1MGNlMDk4YjMxODkxMDJiZGY1NTQ5ZjZlZjNmMjhjOGJmOWNjY2UzMDA2OTZlNzgxYWQ3MjQyIiwidGFnIjoiIn0%3D; thehub-session=eyJpdiI6Ik1nZkRXaVVQa096Q2x6d0VWK05FakE9PSIsInZhbHVlIjoiQTZqcFYrRFNtNmRNbmNkMlAxUnFSMUFFU2xYOHdacXJ4L2Nib3VkRXJkNm1TSjEzK0VLMWtHOXBEOHAxV1daV2MxNCtNUkU2a09sUHd4YkRCbG9LbjQ3eHpleU1ZZzlMcmdlNDRTaC85WkJkR0RIWEhLTDV5T1ZFclVpUERIWEgiLCJtYWMiOiJkY2U2ODUzMjVjZTQ2ZTEzN2U5NjViZGZiODAxY2MzOGRlZjg0ZmY2MTk0OGVjMGVjZjI0ZmE4YWYzYzllZDkxIiwidGFnIjoiIn0%3D","accept-language":"en-US,en;q=0.9","accept-encoding":"gzip, deflate, br, zstd","referer":"https:\/\/hub.woodsonisd.net\/admin\/","sec-fetch-dest":"document","sec-fetch-user":"?1","sec-fetch-mode":"navigate","sec-fetch-site":"same-origin","accept":"text\/html,application\/xhtml+xml,application\/xml;q=0.9,image\/avif,image\/webp,image\/apng,*\/*;q=0.8,application\/signed-exchange;v=b3;q=0.7","user-agent":"Mozilla\/5.0 (Windows NT 10.0; Win64; x64) AppleWebKit\/537.36 (KHTML, like Gecko) Chrome\/144.0.0.0 Safari\/537.36","upgrade-insecure-requests":"1","dnt":"1","sec-ch-ua-platform":"\"Windows\"","sec-ch-ua-mobile":"?0","sec-ch-ua":"\"Not(A:Brand\";v=\"8\", \"Chromium\";v=\"144\", \"Google Chrome\";v=\"144\"","cache-control":"no-cache","pragma":"no-cache"},"payload":[],"session":{"_token":"rZ3uqqPHpZRECR1htqk3HVmLQzoQLKwT4aaHc1I0","_previous":{"url":"https:\/\/hub.woodsonisd.net\/admin\/packages\/installed"},"_flash":{"old":[],"new":[]}},"response_headers":{"content-type":"text\/html; charset=UTF-8","cache-control":"no-cache, private","date":"Thu, 12 Feb 2026 16:58:06 GMT","set-cookie":"XSRF-TOKEN=eyJpdiI6Ik5rTzRCOEgrd0ZiSG1JN1c4T1RSRlE9PSIsInZhbHVlIjoiTURqZGVGb3dJVkNPbjRVOWpsK2x1bWtHUzFqL0d4Z0RDOC9HOXFFUHN5L3A3blRDaTlTSDIrYXV2bWdGSGlzalF4cVZmQzdGYmMyRzRHWmN2c2ptSHpXUDl1dFA5TndVMFREQkdYR0x2QWt2STV3clRvTHlGU25TR09UQndXVG0iLCJtYWMiOiJhNDM1ZmRlMzNiYWYxNzEzOTdjY2Y3NDJlNDk4ZWExMzUzMGYzYjAxODA0YzAxMWEwOWNiMjY3YzQwYmEyMDk2IiwidGFnIjoiIn0%3D; expires=Fri, 17 Jan 2031 16:58:06 GMT; Max-Age=155520000; path=\/; secure; samesite=lax, thehub-session=eyJpdiI6Im0yZlFKclg5K1RUTk52WCtUNzVTZ3c9PSIsInZhbHVlIjoiZUhGTStiZlJEYVpIS3YrV0RHMHZsZEp4bGdjWU05d1BEcFNhQi9FSGRGZW5PME5JVkhJUkU2UWJ2eGNTeUZoNnFONjhtb21BdC9tY2xGbFRoZG5nZ0RlSnltVjR0S3pRY2dscjRqYTNTYlpMMnFJTnZqOW1USFpvaFZvRnR1MUMiLCJtYWMiOiI0NDczYTkyMmI3MDFmMjBlYWYxMmQwZDJlMTU0Y2FkY2M5ZjU0M2I3OTM0MjVmNGQ0NTJjZGY5ZTViZmEyZWQ2IiwidGFnIjoiIn0%3D; expires=Fri, 17 Jan 2031 16:58:06 GMT; Max-Age=155520000; path=\/; secure; httponly; samesite=lax"},"response_status":200,"response":{"view":"\/var\/www\/woodson\/thehub\/resources\/views\/admin\/packages.blade.php","data":{"isSuperAdmin":true,"view":"installed"}},"duration":224,"memory":4,"hostname":"welllogix"}, 2026-02-12 10:58:06, ?, request, a11056d9-8a2c-4cda-b3ce-3200d7204439)) {"exception":"[object] (Illuminate\\Database\\QueryException(code: 42S02): SQLSTATE[42S02]: Base table or view not found: 1146 Table 'woodson_hub.telescope_entries' doesn't exist (Connection: mysql, SQL: insert into `telescope_entries` (`batch_id`, `content`, `created_at`, `family_hash`, `type`, `uuid`) values (a11056d9-8ddd-4c6d-b4c1-66ef337ee187, {\"name\":\"admin.packages\",\"path\":\"\\/resources\\/views\\/admin\\/packages.blade.php\",\"data\":[\"isSuperAdmin\",\"view\"],\"hostname\":\"welllogix\"}, 2026-02-12 10:58:06, ?, view, a11056d9-7d70-4f08-9f45-c49229154ca0), (a11056d9-8ddd-4c6d-b4c1-66ef337ee187, {\"name\":\"layouts.admin\",\"path\":\"\\/resources\\/views\\/layouts\\/admin.blade.php\",\"data\":[\"isSuperAdmin\",\"view\"],\"hostname\":\"welllogix\"}, 2026-02-12 10:58:06, ?, view, a11056d9-83b6-465b-ba9f-ef43c2d05798), (a11056d9-8ddd-4c6d-b4c1-66ef337ee187, {\"name\":\"layouts.enterprise\",\"path\":\"\\/resources\\/views\\/layouts\\/enterprise.blade.php\",\"data\":[\"isSuperAdmin\",\"view\",\"context\",\"navItems\",\"activeItem\",\"sidebarTitle\",\"sidebarIcon\",\"logoUrl\",\"breadcrumbs\"],\"hostname\":\"welllogix\"}, 2026-02-12 10:58:06, ?, view, a11056d9-86c8-457e-adad-20964d362ba9), (a11056d9-8ddd-4c6d-b4c1-66ef337ee187, {\"ip_address\":\"10.49.16.200\",\"uri\":\"\\/admin\\/packages\\/installed\",\"method\":\"GET\",\"controller_action\":\"App\\\\Http\\\\Controllers\\\\Admin\\\\PackageController@installed\",\"middleware\":[\"web\",\"auth:admin,super_admin\"],\"headers\":{\"host\":\"hub.woodsonisd.net\",\"priority\":\"u=0, i\",\"cookie\":\"THEHUB_SESSION=e7kj2r13j7e496lmuntlkkr905; XSRF-TOKEN=eyJpdiI6Imx0TW1YTkRvVDJOWnUySkhUV2lDa3c9PSIsInZhbHVlIjoiVnMzMmN6Mm1mN2svVjVBV2JFMGs3QXJ6UFNqN2JoUCtPNDErTmU2K1hqOWRnQ3l6ZUhrWis0Z2RZS28xM0tHaTZiSU9VVWpDQUY1d1h6angrOGpLOEZkS2JhN3pMNnVHamZYT3lza0RKZXVBYTh6b3BOSUU5N3BoV2JYQVgxWW8iLCJtYWMiOiIzMGMzNzViMTM1MGNlMDk4YjMxODkxMDJiZGY1NTQ5ZjZlZjNmMjhjOGJmOWNjY2UzMDA2OTZlNzgxYWQ3MjQyIiwidGFnIjoiIn0%3D; thehub-session=eyJpdiI6Ik1nZkRXaVVQa096Q2x6d0VWK05FakE9PSIsInZhbHVlIjoiQTZqcFYrRFNtNmRNbmNkMlAxUnFSMUFFU2xYOHdacXJ4L2Nib3VkRXJkNm1TSjEzK0VLMWtHOXBEOHAxV1daV2MxNCtNUkU2a09sUHd4YkRCbG9LbjQ3eHpleU1ZZzlMcmdlNDRTaC85WkJkR0RIWEhLTDV5T1ZFclVpUERIWEgiLCJtYWMiOiJkY2U2ODUzMjVjZTQ2ZTEzN2U5NjViZGZiODAxY2MzOGRlZjg0ZmY2MTk0OGVjMGVjZjI0ZmE4YWYzYzllZDkxIiwidGFnIjoiIn0%3D\",\"accept-language\":\"en-US,en;q=0.9\",\"accept-encoding\":\"gzip, deflate, br, zstd\",\"referer\":\"https:\\/\\/hub.woodsonisd.net\\/admin\\/\",\"sec-fetch-dest\":\"document\",\"sec-fetch-user\":\"?1\",\"sec-fetch-mode\":\"navigate\",\"sec-fetch-site\":\"same-origin\",\"accept\":\"text\\/html,application\\/xhtml+xml,application\\/xml;q=0.9,image\\/avif,image\\/webp,image\\/apng,*\\/*;q=0.8,application\\/signed-exchange;v=b3;q=0.7\",\"user-agent\":\"Mozilla\\/5.0 (Windows NT 10.0; Win64; x64) AppleWebKit\\/537.36 (KHTML, like Gecko) Chrome\\/144.0.0.0 Safari\\/537.36\",\"upgrade-insecure-requests\":\"1\",\"dnt\":\"1\",\"sec-ch-ua-platform\":\"\\\"Windows\\\"\",\"sec-ch-ua-mobile\":\"?0\",\"sec-ch-ua\":\"\\\"Not(A:Brand\\\";v=\\\"8\\\", \\\"Chromium\\\";v=\\\"144\\\", \\\"Google Chrome\\\";v=\\\"144\\\"\",\"cache-control\":\"no-cache\",\"pragma\":\"no-cache\"},\"payload\":[],\"session\":{\"_token\":\"rZ3uqqPHpZRECR1htqk3HVmLQzoQLKwT4aaHc1I0\",\"_previous\":{\"url\":\"https:\\/\\/hub.woodsonisd.net\\/admin\\/packages\\/installed\"},\"_flash\":{\"old\":[],\"new\":[]}},\"response_headers\":{\"content-type\":\"text\\/html; charset=UTF-8\",\"cache-control\":\"no-cache, private\",\"date\":\"Thu, 12 Feb 2026 16:58:06 GMT\",\"set-cookie\":\"XSRF-TOKEN=eyJpdiI6Ik5rTzRCOEgrd0ZiSG1JN1c4T1RSRlE9PSIsInZhbHVlIjoiTURqZGVGb3dJVkNPbjRVOWpsK2x1bWtHUzFqL0d4Z0RDOC9HOXFFUHN5L3A3blRDaTlTSDIrYXV2bWdGSGlzalF4cVZmQzdGYmMyRzRHWmN2c2ptSHpXUDl1dFA5TndVMFREQkdYR0x2QWt2STV3clRvTHlGU25TR09UQndXVG0iLCJtYWMiOiJhNDM1ZmRlMzNiYWYxNzEzOTdjY2Y3NDJlNDk4ZWExMzUzMGYzYjAxODA0YzAxMWEwOWNiMjY3YzQwYmEyMDk2IiwidGFnIjoiIn0%3D; expires=Fri, 17 Jan 2031 16:58:06 GMT; Max-Age=155520000; path=\\/; secure; samesite=lax, thehub-session=eyJpdiI6Im0yZlFKclg5K1RUTk52WCtUNzVTZ3c9PSIsInZhbHVlIjoiZUhGTStiZlJEYVpIS3YrV0RHMHZsZEp4bGdjWU05d1BEcFNhQi9FSGRGZW5PME5JVkhJUkU2UWJ2eGNTeUZoNnFONjhtb21BdC9tY2xGbFRoZG5nZ0RlSnltVjR0S3pRY2dscjRqYTNTYlpMMnFJTnZqOW1USFpvaFZvRnR1MUMiLCJtYWMiOiI0NDczYTkyMmI3MDFmMjBlYWYxMmQwZDJlMTU0Y2FkY2M5ZjU0M2I3OTM0MjVmNGQ0NTJjZGY5ZTViZmEyZWQ2IiwidGFnIjoiIn0%3D; expires=Fri, 17 Jan 2031 16:58:06 GMT; Max-Age=155520000; path=\\/; secure; httponly; samesite=lax\"},\"response_status\":200,\"response\":{\"view\":\"\\/var\\/www\\/woodson\\/thehub\\/resources\\/views\\/admin\\/packages.blade.php\",\"data\":{\"isSuperAdmin\":true,\"view\":\"installed\"}},\"duration\":224,\"memory\":4,\"hostname\":\"welllogix\"}, 2026-02-12 10:58:06, ?, request, a11056d9-8a2c-4cda-b3ce-3200d7204439)) at /var/www/woodson/thehub/vendor/laravel/framework/src/Illuminate/Database/Connection.php:825)
[stacktrace]
#0 /var/www/woodson/thehub/vendor/laravel/framework/src/Illuminate/Database/Connection.php(779): Illuminate\\Database\\Connection->runQueryCallback()
#1 /var/www/woodson/thehub/vendor/laravel/framework/src/Illuminate/Database/MySqlConnection.php(42): Illuminate\\Database\\Connection->run()
#2 /var/www/woodson/thehub/vendor/laravel/framework/src/Illuminate/Database/Query/Builder.php(3717): Illuminate\\Database\\MySqlConnection->insert()
#3 /var/www/woodson/thehub/vendor/laravel/telescope/src/Storage/DatabaseEntriesRepository.php(145): Illuminate\\Database\\Query\\Builder->insert()
#4 /var/www/woodson/thehub/vendor/laravel/framework/src/Illuminate/Collections/Traits/EnumeratesValues.php(261): Laravel\\Telescope\\Storage\\DatabaseEntriesRepository->Laravel\\Telescope\\Storage\\{closure}()
#5 /var/www/woodson/thehub/vendor/laravel/telescope/src/Storage/DatabaseEntriesRepository.php(144): Illuminate\\Support\\Collection->each()
#6 /var/www/woodson/thehub/vendor/laravel/telescope/src/Telescope.php(664): Laravel\\Telescope\\Storage\\DatabaseEntriesRepository->store()
#7 [internal function]: Laravel\\Telescope\\Telescope::Laravel\\Telescope\\{closure}()
#8 /var/www/woodson/thehub/vendor/laravel/telescope/src/Telescope.php(289): call_user_func()
#9 /var/www/woodson/thehub/vendor/laravel/telescope/src/Telescope.php(656): Laravel\\Telescope\\Telescope::withoutRecording()
#10 /var/www/woodson/thehub/vendor/laravel/telescope/src/ListensForStorageOpportunities.php(65): Laravel\\Telescope\\Telescope::store()
#11 /var/www/woodson/thehub/vendor/laravel/framework/src/Illuminate/Container/BoundMethod.php(36): Laravel\\Telescope\\Telescope::Laravel\\Telescope\\{closure}()
#12 /var/www/woodson/thehub/vendor/laravel/framework/src/Illuminate/Container/Util.php(43): Illuminate\\Container\\BoundMethod::Illuminate\\Container\\{closure}()
#13 /var/www/woodson/thehub/vendor/laravel/framework/src/Illuminate/Container/BoundMethod.php(83): Illuminate\\Container\\Util::unwrapIfClosure()
#14 /var/www/woodson/thehub/vendor/laravel/framework/src/Illuminate/Container/BoundMethod.php(35): Illuminate\\Container\\BoundMethod::callBoundMethod()
#15 /var/www/woodson/thehub/vendor/laravel/framework/src/Illuminate/Container/Container.php(696): Illuminate\\Container\\BoundMethod::call()
#16 /var/www/woodson/thehub/vendor/laravel/framework/src/Illuminate/Foundation/Application.php(1452): Illuminate\\Container\\Container->call()
#17 /var/www/woodson/thehub/vendor/laravel/framework/src/Illuminate/Foundation/Http/Kernel.php(218): Illuminate\\Foundation\\Application->terminate()
#18 /var/www/woodson/thehub/public/laravel.php(40): Illuminate\\Foundation\\Http\\Kernel->terminate()
#19 {main}

[previous exception] [object] (PDOException(code: 42S02): SQLSTATE[42S02]: Base table or view not found: 1146 Table 'woodson_hub.telescope_entries' doesn't exist at /var/www/woodson/thehub/vendor/laravel/framework/src/Illuminate/Database/MySqlConnection.php:47)
[stacktrace]
#0 /var/www/woodson/thehub/vendor/laravel/framework/src/Illuminate/Database/MySqlConnection.php(47): PDO->prepare()
#1 /var/www/woodson/thehub/vendor/laravel/framework/src/Illuminate/Database/Connection.php(812): Illuminate\\Database\\MySqlConnection->Illuminate\\Database\\{closure}()
#2 /var/www/woodson/thehub/vendor/laravel/framework/src/Illuminate/Database/Connection.php(779): Illuminate\\Database\\Connection->runQueryCallback()
#3 /var/www/woodson/thehub/vendor/laravel/framework/src/Illuminate/Database/MySqlConnection.php(42): Illuminate\\Database\\Connection->run()
#4 /var/www/woodson/thehub/vendor/laravel/framework/src/Illuminate/Database/Query/Builder.php(3717): Illuminate\\Database\\MySqlConnection->insert()
#5 /var/www/woodson/thehub/vendor/laravel/telescope/src/Storage/DatabaseEntriesRepository.php(145): Illuminate\\Database\\Query\\Builder->insert()
#6 /var/www/woodson/thehub/vendor/laravel/framework/src/Illuminate/Collections/Traits/EnumeratesValues.php(261): Laravel\\Telescope\\Storage\\DatabaseEntriesRepository->Laravel\\Telescope\\Storage\\{closure}()
#7 /var/www/woodson/thehub/vendor/laravel/telescope/src/Storage/DatabaseEntriesRepository.php(144): Illuminate\\Support\\Collection->each()
#8 /var/www/woodson/thehub/vendor/laravel/telescope/src/Telescope.php(664): Laravel\\Telescope\\Storage\\DatabaseEntriesRepository->store()
#9 [internal function]: Laravel\\Telescope\\Telescope::Laravel\\Telescope\\{closure}()
#10 /var/www/woodson/thehub/vendor/laravel/telescope/src/Telescope.php(289): call_user_func()
#11 /var/www/woodson/thehub/vendor/laravel/telescope/src/Telescope.php(656): Laravel\\Telescope\\Telescope::withoutRecording()
#12 /var/www/woodson/thehub/vendor/laravel/telescope/src/ListensForStorageOpportunities.php(65): Laravel\\Telescope\\Telescope::store()
#13 /var/www/woodson/thehub/vendor/laravel/framework/src/Illuminate/Container/BoundMethod.php(36): Laravel\\Telescope\\Telescope::Laravel\\Telescope\\{closure}()
#14 /var/www/woodson/thehub/vendor/laravel/framework/src/Illuminate/Container/Util.php(43): Illuminate\\Container\\BoundMethod::Illuminate\\Container\\{closure}()
#15 /var/www/woodson/thehub/vendor/laravel/framework/src/Illuminate/Container/BoundMethod.php(83): Illuminate\\Container\\Util::unwrapIfClosure()
#16 /var/www/woodson/thehub/vendor/laravel/framework/src/Illuminate/Container/BoundMethod.php(35): Illuminate\\Container\\BoundMethod::callBoundMethod()
#17 /var/www/woodson/thehub/vendor/laravel/framework/src/Illuminate/Container/Container.php(696): Illuminate\\Container\\BoundMethod::call()
#18 /var/www/woodson/thehub/vendor/laravel/framework/src/Illuminate/Foundation/Application.php(1452): Illuminate\\Container\\Container->call()
#19 /var/www/woodson/thehub/vendor/laravel/framework/src/Illuminate/Foundation/Http/Kernel.php(218): Illuminate\\Foundation\\Application->terminate()
#20 /var/www/woodson/thehub/public/laravel.php(40): Illuminate\\Foundation\\Http\\Kernel->terminate()
#21 {main}
"} 
[2026-02-12 10:58:06] production.ERROR: SQLSTATE[42S02]: Base table or view not found: 1146 Table 'woodson_hub.telescope_entries' doesn't exist (Connection: mysql, SQL: insert into `telescope_entries` (`batch_id`, `content`, `created_at`, `family_hash`, `type`, `uuid`) values (a11056da-0a15-4bb8-bc8f-f8313845825e, {"ip_address":"10.49.16.200","uri":"\/admin\/packages\/list?type=installed","method":"GET","controller_action":"App\\Http\\Controllers\\Admin\\PackageController@list","middleware":["web","auth:admin,super_admin"],"headers":{"host":"hub.woodsonisd.net","priority":"u=1, i","cookie":"THEHUB_SESSION=e7kj2r13j7e496lmuntlkkr905; XSRF-TOKEN=eyJpdiI6Ik5rTzRCOEgrd0ZiSG1JN1c4T1RSRlE9PSIsInZhbHVlIjoiTURqZGVGb3dJVkNPbjRVOWpsK2x1bWtHUzFqL0d4Z0RDOC9HOXFFUHN5L3A3blRDaTlTSDIrYXV2bWdGSGlzalF4cVZmQzdGYmMyRzRHWmN2c2ptSHpXUDl1dFA5TndVMFREQkdYR0x2QWt2STV3clRvTHlGU25TR09UQndXVG0iLCJtYWMiOiJhNDM1ZmRlMzNiYWYxNzEzOTdjY2Y3NDJlNDk4ZWExMzUzMGYzYjAxODA0YzAxMWEwOWNiMjY3YzQwYmEyMDk2IiwidGFnIjoiIn0%3D; thehub-session=eyJpdiI6Im0yZlFKclg5K1RUTk52WCtUNzVTZ3c9PSIsInZhbHVlIjoiZUhGTStiZlJEYVpIS3YrV0RHMHZsZEp4bGdjWU05d1BEcFNhQi9FSGRGZW5PME5JVkhJUkU2UWJ2eGNTeUZoNnFONjhtb21BdC9tY2xGbFRoZG5nZ0RlSnltVjR0S3pRY2dscjRqYTNTYlpMMnFJTnZqOW1USFpvaFZvRnR1MUMiLCJtYWMiOiI0NDczYTkyMmI3MDFmMjBlYWYxMmQwZDJlMTU0Y2FkY2M5ZjU0M2I3OTM0MjVmNGQ0NTJjZGY5ZTViZmEyZWQ2IiwidGFnIjoiIn0%3D","accept-language":"en-US,en;q=0.9","accept-encoding":"gzip, deflate, br, zstd","referer":"https:\/\/hub.woodsonisd.net\/admin\/packages\/installed","sec-fetch-dest":"empty","sec-fetch-mode":"cors","sec-fetch-site":"same-origin","accept":"*\/*","sec-ch-ua-mobile":"?0","dnt":"1","sec-ch-ua":"\"Not(A:Brand\";v=\"8\", \"Chromium\";v=\"144\", \"Google Chrome\";v=\"144\"","user-agent":"Mozilla\/5.0 (Windows NT 10.0; Win64; x64) AppleWebKit\/537.36 (KHTML, like Gecko) Chrome\/144.0.0.0 Safari\/537.36","sec-ch-ua-platform":"\"Windows\"","cache-control":"no-cache","pragma":"no-cache"},"payload":{"type":"installed"},"session":{"_token":"rZ3uqqPHpZRECR1htqk3HVmLQzoQLKwT4aaHc1I0","_previous":{"url":"https:\/\/hub.woodsonisd.net\/admin\/packages\/list?type=installed"},"_flash":{"old":[],"new":[]}},"response_headers":{"cache-control":"no-cache, private","date":"Thu, 12 Feb 2026 16:58:06 GMT","content-type":"application\/json","set-cookie":"XSRF-TOKEN=eyJpdiI6IndPcjQwRmppeS9CMlBJcmRZeEN1K0E9PSIsInZhbHVlIjoiRWdkK09QVXorNW5ER1B0NEptVitROVdYWHpWTmd4RFhhUnlieHp1L3hxZ1FMQVc2QUtDbHRZaitCeGJmU2gwemo3MlBHcUFEaUVIbnBjazVtWWR3eG1zbnFHYjBPUTlsejRxMFpEcmpQZUsvTHRnaFJNMzFJMjNCcU5YU0FJMGIiLCJtYWMiOiIxNmNmODQyZmY1ZGE0MmFlZDI3YWJhMWM4NjQ5Y2NkODIwZDQ2ZmQ0ZTcyNjk1MDRmNDE0NjU2NmIzM2Y5Yzk2IiwidGFnIjoiIn0%3D; expires=Fri, 17 Jan 2031 16:58:06 GMT; Max-Age=155520000; path=\/; secure; samesite=lax, thehub-session=eyJpdiI6IiszR0NoVjlrYTV6WkFWazkwY3JsVXc9PSIsInZhbHVlIjoiQzRwRzlXcmM3ZjVCYmw0cUFXSis2bVp3NWJHL3ZabFBLZUs1UHh3dWp3U2lSMWxrdDBtdmlNS3NranVzaWl4YkNQK21OYVkvdkhPbm1paEFzN1NvZ1doZ1BDSHJ6WFpLS09oSGRzR0NSR0h1dDBIVUpzbnI2Z3ZFZG9vRTB1TjYiLCJtYWMiOiIyM2NkNDUxY2Y0NWQ2ODc1MWZjOWZlMjBlZjQwODU5YTM1ZGI3YmIyOWNlMTk3ZTA4ZjM1ZDA3ZGM3ZmI5MzQ1IiwidGFnIjoiIn0%3D; expires=Fri, 17 Jan 2031 16:58:06 GMT; Max-Age=155520000; path=\/; secure; httponly; samesite=lax"},"response_status":200,"response":{"success":true,"packages":[]},"duration":169,"memory":4,"hostname":"welllogix"}, 2026-02-12 10:58:06, ?, request, a11056da-07ca-43a6-acc6-73c0d98e11b9)) {"exception":"[object] (Illuminate\\Database\\QueryException(code: 42S02): SQLSTATE[42S02]: Base table or view not found: 1146 Table 'woodson_hub.telescope_entries' doesn't exist (Connection: mysql, SQL: insert into `telescope_entries` (`batch_id`, `content`, `created_at`, `family_hash`, `type`, `uuid`) values (a11056da-0a15-4bb8-bc8f-f8313845825e, {\"ip_address\":\"10.49.16.200\",\"uri\":\"\\/admin\\/packages\\/list?type=installed\",\"method\":\"GET\",\"controller_action\":\"App\\\\Http\\\\Controllers\\\\Admin\\\\PackageController@list\",\"middleware\":[\"web\",\"auth:admin,super_admin\"],\"headers\":{\"host\":\"hub.woodsonisd.net\",\"priority\":\"u=1, i\",\"cookie\":\"THEHUB_SESSION=e7kj2r13j7e496lmuntlkkr905; XSRF-TOKEN=eyJpdiI6Ik5rTzRCOEgrd0ZiSG1JN1c4T1RSRlE9PSIsInZhbHVlIjoiTURqZGVGb3dJVkNPbjRVOWpsK2x1bWtHUzFqL0d4Z0RDOC9HOXFFUHN5L3A3blRDaTlTSDIrYXV2bWdGSGlzalF4cVZmQzdGYmMyRzRHWmN2c2ptSHpXUDl1dFA5TndVMFREQkdYR0x2QWt2STV3clRvTHlGU25TR09UQndXVG0iLCJtYWMiOiJhNDM1ZmRlMzNiYWYxNzEzOTdjY2Y3NDJlNDk4ZWExMzUzMGYzYjAxODA0YzAxMWEwOWNiMjY3YzQwYmEyMDk2IiwidGFnIjoiIn0%3D; thehub-session=eyJpdiI6Im0yZlFKclg5K1RUTk52WCtUNzVTZ3c9PSIsInZhbHVlIjoiZUhGTStiZlJEYVpIS3YrV0RHMHZsZEp4bGdjWU05d1BEcFNhQi9FSGRGZW5PME5JVkhJUkU2UWJ2eGNTeUZoNnFONjhtb21BdC9tY2xGbFRoZG5nZ0RlSnltVjR0S3pRY2dscjRqYTNTYlpMMnFJTnZqOW1USFpvaFZvRnR1MUMiLCJtYWMiOiI0NDczYTkyMmI3MDFmMjBlYWYxMmQwZDJlMTU0Y2FkY2M5ZjU0M2I3OTM0MjVmNGQ0NTJjZGY5ZTViZmEyZWQ2IiwidGFnIjoiIn0%3D\",\"accept-language\":\"en-US,en;q=0.9\",\"accept-encoding\":\"gzip, deflate, br, zstd\",\"referer\":\"https:\\/\\/hub.woodsonisd.net\\/admin\\/packages\\/installed\",\"sec-fetch-dest\":\"empty\",\"sec-fetch-mode\":\"cors\",\"sec-fetch-site\":\"same-origin\",\"accept\":\"*\\/*\",\"sec-ch-ua-mobile\":\"?0\",\"dnt\":\"1\",\"sec-ch-ua\":\"\\\"Not(A:Brand\\\";v=\\\"8\\\", \\\"Chromium\\\";v=\\\"144\\\", \\\"Google Chrome\\\";v=\\\"144\\\"\",\"user-agent\":\"Mozilla\\/5.0 (Windows NT 10.0; Win64; x64) AppleWebKit\\/537.36 (KHTML, like Gecko) Chrome\\/144.0.0.0 Safari\\/537.36\",\"sec-ch-ua-platform\":\"\\\"Windows\\\"\",\"cache-control\":\"no-cache\",\"pragma\":\"no-cache\"},\"payload\":{\"type\":\"installed\"},\"session\":{\"_token\":\"rZ3uqqPHpZRECR1htqk3HVmLQzoQLKwT4aaHc1I0\",\"_previous\":{\"url\":\"https:\\/\\/hub.woodsonisd.net\\/admin\\/packages\\/list?type=installed\"},\"_flash\":{\"old\":[],\"new\":[]}},\"response_headers\":{\"cache-control\":\"no-cache, private\",\"date\":\"Thu, 12 Feb 2026 16:58:06 GMT\",\"content-type\":\"application\\/json\",\"set-cookie\":\"XSRF-TOKEN=eyJpdiI6IndPcjQwRmppeS9CMlBJcmRZeEN1K0E9PSIsInZhbHVlIjoiRWdkK09QVXorNW5ER1B0NEptVitROVdYWHpWTmd4RFhhUnlieHp1L3hxZ1FMQVc2QUtDbHRZaitCeGJmU2gwemo3MlBHcUFEaUVIbnBjazVtWWR3eG1zbnFHYjBPUTlsejRxMFpEcmpQZUsvTHRnaFJNMzFJMjNCcU5YU0FJMGIiLCJtYWMiOiIxNmNmODQyZmY1ZGE0MmFlZDI3YWJhMWM4NjQ5Y2NkODIwZDQ2ZmQ0ZTcyNjk1MDRmNDE0NjU2NmIzM2Y5Yzk2IiwidGFnIjoiIn0%3D; expires=Fri, 17 Jan 2031 16:58:06 GMT; Max-Age=155520000; path=\\/; secure; samesite=lax, thehub-session=eyJpdiI6IiszR0NoVjlrYTV6WkFWazkwY3JsVXc9PSIsInZhbHVlIjoiQzRwRzlXcmM3ZjVCYmw0cUFXSis2bVp3NWJHL3ZabFBLZUs1UHh3dWp3U2lSMWxrdDBtdmlNS3NranVzaWl4YkNQK21OYVkvdkhPbm1paEFzN1NvZ1doZ1BDSHJ6WFpLS09oSGRzR0NSR0h1dDBIVUpzbnI2Z3ZFZG9vRTB1TjYiLCJtYWMiOiIyM2NkNDUxY2Y0NWQ2ODc1MWZjOWZlMjBlZjQwODU5YTM1ZGI3YmIyOWNlMTk3ZTA4ZjM1ZDA3ZGM3ZmI5MzQ1IiwidGFnIjoiIn0%3D; expires=Fri, 17 Jan 2031 16:58:06 GMT; Max-Age=155520000; path=\\/; secure; httponly; samesite=lax\"},\"response_status\":200,\"response\":{\"success\":true,\"packages\":[]},\"duration\":169,\"memory\":4,\"hostname\":\"welllogix\"}, 2026-02-12 10:58:06, ?, request, a11056da-07ca-43a6-acc6-73c0d98e11b9)) at /var/www/woodson/thehub/vendor/laravel/framework/src/Illuminate/Database/Connection.php:825)
[stacktrace]
#0 /var/www/woodson/thehub/vendor/laravel/framework/src/Illuminate/Database/Connection.php(779): Illuminate\\Database\\Connection->runQueryCallback()
#1 /var/www/woodson/thehub/vendor/laravel/framework/src/Illuminate/Database/MySqlConnection.php(42): Illuminate\\Database\\Connection->run()
#2 /var/www/woodson/thehub/vendor/laravel/framework/src/Illuminate/Database/Query/Builder.php(3717): Illuminate\\Database\\MySqlConnection->insert()
#3 /var/www/woodson/thehub/vendor/laravel/telescope/src/Storage/DatabaseEntriesRepository.php(145): Illuminate\\Database\\Query\\Builder->insert()
#4 /var/www/woodson/thehub/vendor/laravel/framework/src/Illuminate/Collections/Traits/EnumeratesValues.php(261): Laravel\\Telescope\\Storage\\DatabaseEntriesRepository->Laravel\\Telescope\\Storage\\{closure}()
#5 /var/www/woodson/thehub/vendor/laravel/telescope/src/Storage/DatabaseEntriesRepository.php(144): Illuminate\\Support\\Collection->each()
#6 /var/www/woodson/thehub/vendor/laravel/telescope/src/Telescope.php(664): Laravel\\Telescope\\Storage\\DatabaseEntriesRepository->store()
#7 [internal function]: Laravel\\Telescope\\Telescope::Laravel\\Telescope\\{closure}()
#8 /var/www/woodson/thehub/vendor/laravel/telescope/src/Telescope.php(289): call_user_func()
#9 /var/www/woodson/thehub/vendor/laravel/telescope/src/Telescope.php(656): Laravel\\Telescope\\Telescope::withoutRecording()
#10 /var/www/woodson/thehub/vendor/laravel/telescope/src/ListensForStorageOpportunities.php(65): Laravel\\Telescope\\Telescope::store()
#11 /var/www/woodson/thehub/vendor/laravel/framework/src/Illuminate/Container/BoundMethod.php(36): Laravel\\Telescope\\Telescope::Laravel\\Telescope\\{closure}()
#12 /var/www/woodson/thehub/vendor/laravel/framework/src/Illuminate/Container/Util.php(43): Illuminate\\Container\\BoundMethod::Illuminate\\Container\\{closure}()
#13 /var/www/woodson/thehub/vendor/laravel/framework/src/Illuminate/Container/BoundMethod.php(83): Illuminate\\Container\\Util::unwrapIfClosure()
#14 /var/www/woodson/thehub/vendor/laravel/framework/src/Illuminate/Container/BoundMethod.php(35): Illuminate\\Container\\BoundMethod::callBoundMethod()
#15 /var/www/woodson/thehub/vendor/laravel/framework/src/Illuminate/Container/Container.php(696): Illuminate\\Container\\BoundMethod::call()
#16 /var/www/woodson/thehub/vendor/laravel/framework/src/Illuminate/Foundation/Application.php(1452): Illuminate\\Container\\Container->call()
#17 /var/www/woodson/thehub/vendor/laravel/framework/src/Illuminate/Foundation/Http/Kernel.php(218): Illuminate\\Foundation\\Application->terminate()
#18 /var/www/woodson/thehub/public/laravel.php(40): Illuminate\\Foundation\\Http\\Kernel->terminate()
#19 {main}

[previous exception] [object] (PDOException(code: 42S02): SQLSTATE[42S02]: Base table or view not found: 1146 Table 'woodson_hub.telescope_entries' doesn't exist at /var/www/woodson/thehub/vendor/laravel/framework/src/Illuminate/Database/MySqlConnection.php:47)
[stacktrace]
#0 /var/www/woodson/thehub/vendor/laravel/framework/src/Illuminate/Database/MySqlConnection.php(47): PDO->prepare()
#1 /var/www/woodson/thehub/vendor/laravel/framework/src/Illuminate/Database/Connection.php(812): Illuminate\\Database\\MySqlConnection->Illuminate\\Database\\{closure}()
#2 /var/www/woodson/thehub/vendor/laravel/framework/src/Illuminate/Database/Connection.php(779): Illuminate\\Database\\Connection->runQueryCallback()
#3 /var/www/woodson/thehub/vendor/laravel/framework/src/Illuminate/Database/MySqlConnection.php(42): Illuminate\\Database\\Connection->run()
#4 /var/www/woodson/thehub/vendor/laravel/framework/src/Illuminate/Database/Query/Builder.php(3717): Illuminate\\Database\\MySqlConnection->insert()
#5 /var/www/woodson/thehub/vendor/laravel/telescope/src/Storage/DatabaseEntriesRepository.php(145): Illuminate\\Database\\Query\\Builder->insert()
#6 /var/www/woodson/thehub/vendor/laravel/framework/src/Illuminate/Collections/Traits/EnumeratesValues.php(261): Laravel\\Telescope\\Storage\\DatabaseEntriesRepository->Laravel\\Telescope\\Storage\\{closure}()
#7 /var/www/woodson/thehub/vendor/laravel/telescope/src/Storage/DatabaseEntriesRepository.php(144): Illuminate\\Support\\Collection->each()
#8 /var/www/woodson/thehub/vendor/laravel/telescope/src/Telescope.php(664): Laravel\\Telescope\\Storage\\DatabaseEntriesRepository->store()
#9 [internal function]: Laravel\\Telescope\\Telescope::Laravel\\Telescope\\{closure}()
#10 /var/www/woodson/thehub/vendor/laravel/telescope/src/Telescope.php(289): call_user_func()
#11 /var/www/woodson/thehub/vendor/laravel/telescope/src/Telescope.php(656): Laravel\\Telescope\\Telescope::withoutRecording()
#12 /var/www/woodson/thehub/vendor/laravel/telescope/src/ListensForStorageOpportunities.php(65): Laravel\\Telescope\\Telescope::store()
#13 /var/www/woodson/thehub/vendor/laravel/framework/src/Illuminate/Container/BoundMethod.php(36): Laravel\\Telescope\\Telescope::Laravel\\Telescope\\{closure}()
#14 /var/www/woodson/thehub/vendor/laravel/framework/src/Illuminate/Container/Util.php(43): Illuminate\\Container\\BoundMethod::Illuminate\\Container\\{closure}()
#15 /var/www/woodson/thehub/vendor/laravel/framework/src/Illuminate/Container/BoundMethod.php(83): Illuminate\\Container\\Util::unwrapIfClosure()
#16 /var/www/woodson/thehub/vendor/laravel/framework/src/Illuminate/Container/BoundMethod.php(35): Illuminate\\Container\\BoundMethod::callBoundMethod()
#17 /var/www/woodson/thehub/vendor/laravel/framework/src/Illuminate/Container/Container.php(696): Illuminate\\Container\\BoundMethod::call()
#18 /var/www/woodson/thehub/vendor/laravel/framework/src/Illuminate/Foundation/Application.php(1452): Illuminate\\Container\\Container->call()
#19 /var/www/woodson/thehub/vendor/laravel/framework/src/Illuminate/Foundation/Http/Kernel.php(218): Illuminate\\Foundation\\Application->terminate()
#20 /var/www/woodson/thehub/public/laravel.php(40): Illuminate\\Foundation\\Http\\Kernel->terminate()
#21 {main}
"} 
[2026-02-12 10:58:06] production.ERROR: SQLSTATE[42S02]: Base table or view not found: 1146 Table 'woodson_hub.telescope_entries' doesn't exist (Connection: mysql, SQL: insert into `telescope_entries` (`batch_id`, `content`, `created_at`, `family_hash`, `type`, `uuid`) values (a11056da-46e5-4032-8eeb-5336f58e0c7a, {"ip_address":"10.49.16.200","uri":"\/admin\/packages\/list?type=installed","method":"GET","controller_action":"App\\Http\\Controllers\\Admin\\PackageController@list","middleware":["web","auth:admin,super_admin"],"headers":{"host":"hub.woodsonisd.net","priority":"u=1, i","cookie":"THEHUB_SESSION=e7kj2r13j7e496lmuntlkkr905; XSRF-TOKEN=eyJpdiI6Ik5rTzRCOEgrd0ZiSG1JN1c4T1RSRlE9PSIsInZhbHVlIjoiTURqZGVGb3dJVkNPbjRVOWpsK2x1bWtHUzFqL0d4Z0RDOC9HOXFFUHN5L3A3blRDaTlTSDIrYXV2bWdGSGlzalF4cVZmQzdGYmMyRzRHWmN2c2ptSHpXUDl1dFA5TndVMFREQkdYR0x2QWt2STV3clRvTHlGU25TR09UQndXVG0iLCJtYWMiOiJhNDM1ZmRlMzNiYWYxNzEzOTdjY2Y3NDJlNDk4ZWExMzUzMGYzYjAxODA0YzAxMWEwOWNiMjY3YzQwYmEyMDk2IiwidGFnIjoiIn0%3D; thehub-session=eyJpdiI6Im0yZlFKclg5K1RUTk52WCtUNzVTZ3c9PSIsInZhbHVlIjoiZUhGTStiZlJEYVpIS3YrV0RHMHZsZEp4bGdjWU05d1BEcFNhQi9FSGRGZW5PME5JVkhJUkU2UWJ2eGNTeUZoNnFONjhtb21BdC9tY2xGbFRoZG5nZ0RlSnltVjR0S3pRY2dscjRqYTNTYlpMMnFJTnZqOW1USFpvaFZvRnR1MUMiLCJtYWMiOiI0NDczYTkyMmI3MDFmMjBlYWYxMmQwZDJlMTU0Y2FkY2M5ZjU0M2I3OTM0MjVmNGQ0NTJjZGY5ZTViZmEyZWQ2IiwidGFnIjoiIn0%3D","accept-language":"en-US,en;q=0.9","accept-encoding":"gzip, deflate, br, zstd","referer":"https:\/\/hub.woodsonisd.net\/admin\/packages\/installed","sec-fetch-dest":"empty","sec-fetch-mode":"cors","sec-fetch-site":"same-origin","accept":"*\/*","sec-ch-ua-mobile":"?0","dnt":"1","sec-ch-ua":"\"Not(A:Brand\";v=\"8\", \"Chromium\";v=\"144\", \"Google Chrome\";v=\"144\"","user-agent":"Mozilla\/5.0 (Windows NT 10.0; Win64; x64) AppleWebKit\/537.36 (KHTML, like Gecko) Chrome\/144.0.0.0 Safari\/537.36","sec-ch-ua-platform":"\"Windows\"","cache-control":"no-cache","pragma":"no-cache"},"payload":{"type":"installed"},"session":{"_token":"rZ3uqqPHpZRECR1htqk3HVmLQzoQLKwT4aaHc1I0","_previous":{"url":"https:\/\/hub.woodsonisd.net\/admin\/packages\/list?type=installed"},"_flash":{"old":[],"new":[]}},"response_headers":{"cache-control":"no-cache, private","date":"Thu, 12 Feb 2026 16:58:06 GMT","content-type":"application\/json","set-cookie":"XSRF-TOKEN=eyJpdiI6ImsyQTMrOEQrdjhSb3hLaFRvT0tid1E9PSIsInZhbHVlIjoiWWs4cXdNbEpzUjR2NnZhYWxWYU1zemcvMjZmdEpxb3lUd1FzV0hzeDBTVmI1eVJ5ZlFVTTZib254dFJLZHd1bDVSalppOFB3d1l0ZGpkV1BzRlpNaVlWYkpRdTBjclEvVGViY29uL2VPTEVsV001T0EraVBxdEUxY3FLdGdCOTAiLCJtYWMiOiJjMjM4ZjUzNjk3ZjljOGUyNWRmNjMyYTI1OGEwNDlkYTUzNmY4OWE1NmEwMGExYTUwNzJkMjZmMjc3ZmNiZjk3IiwidGFnIjoiIn0%3D; expires=Fri, 17 Jan 2031 16:58:06 GMT; Max-Age=155520000; path=\/; secure; samesite=lax, thehub-session=eyJpdiI6InhXUlVlc1lJYitISVFpZVlaUUxKR3c9PSIsInZhbHVlIjoia3l1cTdoTVNMOEhXVzRWYUs3cUxrK2k4Z2tyVVAvcUNVTm80WlpwSGpoaFpuZENMRmZNRGwyaWFONng5S3NScERiOERVOEhIeTR6WUtyVVZ1cFJYOXkzUWFXTGpyRmV5dEJ2MDN4elRuSHVSY2RyRjl5Z00wWHliNWticlUydE4iLCJtYWMiOiI1MjZkYzA5MDM0NjBmNGI3ZDRjNzY2YzI3NDY2ZWYyNTA1NTA2ZDdlOTA5MzM4NTRlZTYzZDA3YmI5YTM3ZTE1IiwidGFnIjoiIn0%3D; expires=Fri, 17 Jan 2031 16:58:06 GMT; Max-Age=155520000; path=\/; secure; httponly; samesite=lax"},"response_status":200,"response":{"success":true,"packages":[]},"duration":306,"memory":2,"hostname":"welllogix"}, 2026-02-12 10:58:06, ?, request, a11056da-4478-4aa4-bd6d-a355e60ffdac)) {"exception":"[object] (Illuminate\\Database\\QueryException(code: 42S02): SQLSTATE[42S02]: Base table or view not found: 1146 Table 'woodson_hub.telescope_entries' doesn't exist (Connection: mysql, SQL: insert into `telescope_entries` (`batch_id`, `content`, `created_at`, `family_hash`, `type`, `uuid`) values (a11056da-46e5-4032-8eeb-5336f58e0c7a, {\"ip_address\":\"10.49.16.200\",\"uri\":\"\\/admin\\/packages\\/list?type=installed\",\"method\":\"GET\",\"controller_action\":\"App\\\\Http\\\\Controllers\\\\Admin\\\\PackageController@list\",\"middleware\":[\"web\",\"auth:admin,super_admin\"],\"headers\":{\"host\":\"hub.woodsonisd.net\",\"priority\":\"u=1, i\",\"cookie\":\"THEHUB_SESSION=e7kj2r13j7e496lmuntlkkr905; XSRF-TOKEN=eyJpdiI6Ik5rTzRCOEgrd0ZiSG1JN1c4T1RSRlE9PSIsInZhbHVlIjoiTURqZGVGb3dJVkNPbjRVOWpsK2x1bWtHUzFqL0d4Z0RDOC9HOXFFUHN5L3A3blRDaTlTSDIrYXV2bWdGSGlzalF4cVZmQzdGYmMyRzRHWmN2c2ptSHpXUDl1dFA5TndVMFREQkdYR0x2QWt2STV3clRvTHlGU25TR09UQndXVG0iLCJtYWMiOiJhNDM1ZmRlMzNiYWYxNzEzOTdjY2Y3NDJlNDk4ZWExMzUzMGYzYjAxODA0YzAxMWEwOWNiMjY3YzQwYmEyMDk2IiwidGFnIjoiIn0%3D; thehub-session=eyJpdiI6Im0yZlFKclg5K1RUTk52WCtUNzVTZ3c9PSIsInZhbHVlIjoiZUhGTStiZlJEYVpIS3YrV0RHMHZsZEp4bGdjWU05d1BEcFNhQi9FSGRGZW5PME5JVkhJUkU2UWJ2eGNTeUZoNnFONjhtb21BdC9tY2xGbFRoZG5nZ0RlSnltVjR0S3pRY2dscjRqYTNTYlpMMnFJTnZqOW1USFpvaFZvRnR1MUMiLCJtYWMiOiI0NDczYTkyMmI3MDFmMjBlYWYxMmQwZDJlMTU0Y2FkY2M5ZjU0M2I3OTM0MjVmNGQ0NTJjZGY5ZTViZmEyZWQ2IiwidGFnIjoiIn0%3D\",\"accept-language\":\"en-US,en;q=0.9\",\"accept-encoding\":\"gzip, deflate, br, zstd\",\"referer\":\"https:\\/\\/hub.woodsonisd.net\\/admin\\/packages\\/installed\",\"sec-fetch-dest\":\"empty\",\"sec-fetch-mode\":\"cors\",\"sec-fetch-site\":\"same-origin\",\"accept\":\"*\\/*\",\"sec-ch-ua-mobile\":\"?0\",\"dnt\":\"1\",\"sec-ch-ua\":\"\\\"Not(A:Brand\\\";v=\\\"8\\\", \\\"Chromium\\\";v=\\\"144\\\", \\\"Google Chrome\\\";v=\\\"144\\\"\",\"user-agent\":\"Mozilla\\/5.0 (Windows NT 10.0; Win64; x64) AppleWebKit\\/537.36 (KHTML, like Gecko) Chrome\\/144.0.0.0 Safari\\/537.36\",\"sec-ch-ua-platform\":\"\\\"Windows\\\"\",\"cache-control\":\"no-cache\",\"pragma\":\"no-cache\"},\"payload\":{\"type\":\"installed\"},\"session\":{\"_token\":\"rZ3uqqPHpZRECR1htqk3HVmLQzoQLKwT4aaHc1I0\",\"_previous\":{\"url\":\"https:\\/\\/hub.woodsonisd.net\\/admin\\/packages\\/list?type=installed\"},\"_flash\":{\"old\":[],\"new\":[]}},\"response_headers\":{\"cache-control\":\"no-cache, private\",\"date\":\"Thu, 12 Feb 2026 16:58:06 GMT\",\"content-type\":\"application\\/json\",\"set-cookie\":\"XSRF-TOKEN=eyJpdiI6ImsyQTMrOEQrdjhSb3hLaFRvT0tid1E9PSIsInZhbHVlIjoiWWs4cXdNbEpzUjR2NnZhYWxWYU1zemcvMjZmdEpxb3lUd1FzV0hzeDBTVmI1eVJ5ZlFVTTZib254dFJLZHd1bDVSalppOFB3d1l0ZGpkV1BzRlpNaVlWYkpRdTBjclEvVGViY29uL2VPTEVsV001T0EraVBxdEUxY3FLdGdCOTAiLCJtYWMiOiJjMjM4ZjUzNjk3ZjljOGUyNWRmNjMyYTI1OGEwNDlkYTUzNmY4OWE1NmEwMGExYTUwNzJkMjZmMjc3ZmNiZjk3IiwidGFnIjoiIn0%3D; expires=Fri, 17 Jan 2031 16:58:06 GMT; Max-Age=155520000; path=\\/; secure; samesite=lax, thehub-session=eyJpdiI6InhXUlVlc1lJYitISVFpZVlaUUxKR3c9PSIsInZhbHVlIjoia3l1cTdoTVNMOEhXVzRWYUs3cUxrK2k4Z2tyVVAvcUNVTm80WlpwSGpoaFpuZENMRmZNRGwyaWFONng5S3NScERiOERVOEhIeTR6WUtyVVZ1cFJYOXkzUWFXTGpyRmV5dEJ2MDN4elRuSHVSY2RyRjl5Z00wWHliNWticlUydE4iLCJtYWMiOiI1MjZkYzA5MDM0NjBmNGI3ZDRjNzY2YzI3NDY2ZWYyNTA1NTA2ZDdlOTA5MzM4NTRlZTYzZDA3YmI5YTM3ZTE1IiwidGFnIjoiIn0%3D; expires=Fri, 17 Jan 2031 16:58:06 GMT; Max-Age=155520000; path=\\/; secure; httponly; samesite=lax\"},\"response_status\":200,\"response\":{\"success\":true,\"packages\":[]},\"duration\":306,\"memory\":2,\"hostname\":\"welllogix\"}, 2026-02-12 10:58:06, ?, request, a11056da-4478-4aa4-bd6d-a355e60ffdac)) at /var/www/woodson/thehub/vendor/laravel/framework/src/Illuminate/Database/Connection.php:825)
[stacktrace]
#0 /var/www/woodson/thehub/vendor/laravel/framework/src/Illuminate/Database/Connection.php(779): Illuminate\\Database\\Connection->runQueryCallback()
#1 /var/www/woodson/thehub/vendor/laravel/framework/src/Illuminate/Database/MySqlConnection.php(42): Illuminate\\Database\\Connection->run()
#2 /var/www/woodson/thehub/vendor/laravel/framework/src/Illuminate/Database/Query/Builder.php(3717): Illuminate\\Database\\MySqlConnection->insert()
#3 /var/www/woodson/thehub/vendor/laravel/telescope/src/Storage/DatabaseEntriesRepository.php(145): Illuminate\\Database\\Query\\Builder->insert()
#4 /var/www/woodson/thehub/vendor/laravel/framework/src/Illuminate/Collections/Traits/EnumeratesValues.php(261): Laravel\\Telescope\\Storage\\DatabaseEntriesRepository->Laravel\\Telescope\\Storage\\{closure}()
#5 /var/www/woodson/thehub/vendor/laravel/telescope/src/Storage/DatabaseEntriesRepository.php(144): Illuminate\\Support\\Collection->each()
#6 /var/www/woodson/thehub/vendor/laravel/telescope/src/Telescope.php(664): Laravel\\Telescope\\Storage\\DatabaseEntriesRepository->store()
#7 [internal function]: Laravel\\Telescope\\Telescope::Laravel\\Telescope\\{closure}()
#8 /var/www/woodson/thehub/vendor/laravel/telescope/src/Telescope.php(289): call_user_func()
#9 /var/www/woodson/thehub/vendor/laravel/telescope/src/Telescope.php(656): Laravel\\Telescope\\Telescope::withoutRecording()
#10 /var/www/woodson/thehub/vendor/laravel/telescope/src/ListensForStorageOpportunities.php(65): Laravel\\Telescope\\Telescope::store()
#11 /var/www/woodson/thehub/vendor/laravel/framework/src/Illuminate/Container/BoundMethod.php(36): Laravel\\Telescope\\Telescope::Laravel\\Telescope\\{closure}()
#12 /var/www/woodson/thehub/vendor/laravel/framework/src/Illuminate/Container/Util.php(43): Illuminate\\Container\\BoundMethod::Illuminate\\Container\\{closure}()
#13 /var/www/woodson/thehub/vendor/laravel/framework/src/Illuminate/Container/BoundMethod.php(83): Illuminate\\Container\\Util::unwrapIfClosure()
#14 /var/www/woodson/thehub/vendor/laravel/framework/src/Illuminate/Container/BoundMethod.php(35): Illuminate\\Container\\BoundMethod::callBoundMethod()
#15 /var/www/woodson/thehub/vendor/laravel/framework/src/Illuminate/Container/Container.php(696): Illuminate\\Container\\BoundMethod::call()
#16 /var/www/woodson/thehub/vendor/laravel/framework/src/Illuminate/Foundation/Application.php(1452): Illuminate\\Container\\Container->call()
#17 /var/www/woodson/thehub/vendor/laravel/framework/src/Illuminate/Foundation/Http/Kernel.php(218): Illuminate\\Foundation\\Application->terminate()
#18 /var/www/woodson/thehub/public/laravel.php(40): Illuminate\\Foundation\\Http\\Kernel->terminate()
#19 {main}

[previous exception] [object] (PDOException(code: 42S02): SQLSTATE[42S02]: Base table or view not found: 1146 Table 'woodson_hub.telescope_entries' doesn't exist at /var/www/woodson/thehub/vendor/laravel/framework/src/Illuminate/Database/MySqlConnection.php:47)
[stacktrace]
#0 /var/www/woodson/thehub/vendor/laravel/framework/src/Illuminate/Database/MySqlConnection.php(47): PDO->prepare()
#1 /var/www/woodson/thehub/vendor/laravel/framework/src/Illuminate/Database/Connection.php(812): Illuminate\\Database\\MySqlConnection->Illuminate\\Database\\{closure}()
#2 /var/www/woodson/thehub/vendor/laravel/framework/src/Illuminate/Database/Connection.php(779): Illuminate\\Database\\Connection->runQueryCallback()
#3 /var/www/woodson/thehub/vendor/laravel/framework/src/Illuminate/Database/MySqlConnection.php(42): Illuminate\\Database\\Connection->run()
#4 /var/www/woodson/thehub/vendor/laravel/framework/src/Illuminate/Database/Query/Builder.php(3717): Illuminate\\Database\\MySqlConnection->insert()
#5 /var/www/woodson/thehub/vendor/laravel/telescope/src/Storage/DatabaseEntriesRepository.php(145): Illuminate\\Database\\Query\\Builder->insert()
#6 /var/www/woodson/thehub/vendor/laravel/framework/src/Illuminate/Collections/Traits/EnumeratesValues.php(261): Laravel\\Telescope\\Storage\\DatabaseEntriesRepository->Laravel\\Telescope\\Storage\\{closure}()
#7 /var/www/woodson/thehub/vendor/laravel/telescope/src/Storage/DatabaseEntriesRepository.php(144): Illuminate\\Support\\Collection->each()
#8 /var/www/woodson/thehub/vendor/laravel/telescope/src/Telescope.php(664): Laravel\\Telescope\\Storage\\DatabaseEntriesRepository->store()
#9 [internal function]: Laravel\\Telescope\\Telescope::Laravel\\Telescope\\{closure}()
#10 /var/www/woodson/thehub/vendor/laravel/telescope/src/Telescope.php(289): call_user_func()
#11 /var/www/woodson/thehub/vendor/laravel/telescope/src/Telescope.php(656): Laravel\\Telescope\\Telescope::withoutRecording()
#12 /var/www/woodson/thehub/vendor/laravel/telescope/src/ListensForStorageOpportunities.php(65): Laravel\\Telescope\\Telescope::store()
#13 /var/www/woodson/thehub/vendor/laravel/framework/src/Illuminate/Container/BoundMethod.php(36): Laravel\\Telescope\\Telescope::Laravel\\Telescope\\{closure}()
#14 /var/www/woodson/thehub/vendor/laravel/framework/src/Illuminate/Container/Util.php(43): Illuminate\\Container\\BoundMethod::Illuminate\\Container\\{closure}()
#15 /var/www/woodson/thehub/vendor/laravel/framework/src/Illuminate/Container/BoundMethod.php(83): Illuminate\\Container\\Util::unwrapIfClosure()
#16 /var/www/woodson/thehub/vendor/laravel/framework/src/Illuminate/Container/BoundMethod.php(35): Illuminate\\Container\\BoundMethod::callBoundMethod()
#17 /var/www/woodson/thehub/vendor/laravel/framework/src/Illuminate/Container/Container.php(696): Illuminate\\Container\\BoundMethod::call()
#18 /var/www/woodson/thehub/vendor/laravel/framework/src/Illuminate/Foundation/Application.php(1452): Illuminate\\Container\\Container->call()
#19 /var/www/woodson/thehub/vendor/laravel/framework/src/Illuminate/Foundation/Http/Kernel.php(218): Illuminate\\Foundation\\Application->terminate()
#20 /var/www/woodson/thehub/public/laravel.php(40): Illuminate\\Foundation\\Http\\Kernel->terminate()
#21 {main}
"} 
[2026-02-12 10:58:09] production.ERROR: SQLSTATE[42S02]: Base table or view not found: 1146 Table 'woodson_hub.telescope_entries' doesn't exist (Connection: mysql, SQL: insert into `telescope_entries` (`batch_id`, `content`, `created_at`, `family_hash`, `type`, `uuid`) values (a11056de-9791-4f1a-b3d1-3907f03db861, {"name":"admin.packages","path":"\/resources\/views\/admin\/packages.blade.php","data":["isSuperAdmin","view"],"hostname":"welllogix"}, 2026-02-12 10:58:09, ?, view, a11056de-8b17-420b-a8d8-9637526f61bc), (a11056de-9791-4f1a-b3d1-3907f03db861, {"name":"layouts.admin","path":"\/resources\/views\/layouts\/admin.blade.php","data":["isSuperAdmin","view"],"hostname":"welllogix"}, 2026-02-12 10:58:09, ?, view, a11056de-8d73-425e-8a2d-502bd7ed83ae), (a11056de-9791-4f1a-b3d1-3907f03db861, {"name":"layouts.enterprise","path":"\/resources\/views\/layouts\/enterprise.blade.php","data":["isSuperAdmin","view","context","navItems","activeItem","sidebarTitle","sidebarIcon","logoUrl","breadcrumbs"],"hostname":"welllogix"}, 2026-02-12 10:58:09, ?, view, a11056de-9085-4098-b861-80f8a8504327), (a11056de-9791-4f1a-b3d1-3907f03db861, {"ip_address":"10.49.16.200","uri":"\/admin\/packages\/available","method":"GET","controller_action":"App\\Http\\Controllers\\Admin\\PackageController@available","middleware":["web","auth:admin,super_admin"],"headers":{"host":"hub.woodsonisd.net","priority":"u=0, i","cookie":"THEHUB_SESSION=e7kj2r13j7e496lmuntlkkr905; XSRF-TOKEN=eyJpdiI6ImsyQTMrOEQrdjhSb3hLaFRvT0tid1E9PSIsInZhbHVlIjoiWWs4cXdNbEpzUjR2NnZhYWxWYU1zemcvMjZmdEpxb3lUd1FzV0hzeDBTVmI1eVJ5ZlFVTTZib254dFJLZHd1bDVSalppOFB3d1l0ZGpkV1BzRlpNaVlWYkpRdTBjclEvVGViY29uL2VPTEVsV001T0EraVBxdEUxY3FLdGdCOTAiLCJtYWMiOiJjMjM4ZjUzNjk3ZjljOGUyNWRmNjMyYTI1OGEwNDlkYTUzNmY4OWE1NmEwMGExYTUwNzJkMjZmMjc3ZmNiZjk3IiwidGFnIjoiIn0%3D; thehub-session=eyJpdiI6InhXUlVlc1lJYitISVFpZVlaUUxKR3c9PSIsInZhbHVlIjoia3l1cTdoTVNMOEhXVzRWYUs3cUxrK2k4Z2tyVVAvcUNVTm80WlpwSGpoaFpuZENMRmZNRGwyaWFONng5S3NScERiOERVOEhIeTR6WUtyVVZ1cFJYOXkzUWFXTGpyRmV5dEJ2MDN4elRuSHVSY2RyRjl5Z00wWHliNWticlUydE4iLCJtYWMiOiI1MjZkYzA5MDM0NjBmNGI3ZDRjNzY2YzI3NDY2ZWYyNTA1NTA2ZDdlOTA5MzM4NTRlZTYzZDA3YmI5YTM3ZTE1IiwidGFnIjoiIn0%3D","accept-language":"en-US,en;q=0.9","accept-encoding":"gzip, deflate, br, zstd","referer":"https:\/\/hub.woodsonisd.net\/admin\/packages\/installed","sec-fetch-dest":"document","sec-fetch-user":"?1","sec-fetch-mode":"navigate","sec-fetch-site":"same-origin","accept":"text\/html,application\/xhtml+xml,application\/xml;q=0.9,image\/avif,image\/webp,image\/apng,*\/*;q=0.8,application\/signed-exchange;v=b3;q=0.7","user-agent":"Mozilla\/5.0 (Windows NT 10.0; Win64; x64) AppleWebKit\/537.36 (KHTML, like Gecko) Chrome\/144.0.0.0 Safari\/537.36","upgrade-insecure-requests":"1","dnt":"1","sec-ch-ua-platform":"\"Windows\"","sec-ch-ua-mobile":"?0","sec-ch-ua":"\"Not(A:Brand\";v=\"8\", \"Chromium\";v=\"144\", \"Google Chrome\";v=\"144\"","cache-control":"no-cache","pragma":"no-cache"},"payload":[],"session":{"_token":"rZ3uqqPHpZRECR1htqk3HVmLQzoQLKwT4aaHc1I0","_previous":{"url":"https:\/\/hub.woodsonisd.net\/admin\/packages\/available"},"_flash":{"old":[],"new":[]}},"response_headers":{"content-type":"text\/html; charset=UTF-8","cache-control":"no-cache, private","date":"Thu, 12 Feb 2026 16:58:09 GMT","set-cookie":"XSRF-TOKEN=eyJpdiI6InNMMzNwVnkwWkVuRVZ6Y1p0UTRXVHc9PSIsInZhbHVlIjoiN3lYZXg3QWFoQWIxOU13aGdrUzIreVl1ZlBqQ0lyc1lIRlRHZVZYaXZ3YVA2MXhKK2gzazJsQXlXYlZ0aERDR2RCbGhzeDZXdC90bTVWTm51cnV6VmR5UmJoYkVIUEJpWTVUSHVhRURUSDUrcWxJWVA4em1xcmUyUnRDQUF0d0EiLCJtYWMiOiJkN2U3MjViZTc2YzQyMjY2OWI2ODA4OTk3ODgyYjBjNzhhY2MyNTAwZmQwYzBkODg1MWJlNmU4YWFkYmVmMzZiIiwidGFnIjoiIn0%3D; expires=Fri, 17 Jan 2031 16:58:09 GMT; Max-Age=155520000; path=\/; secure; samesite=lax, thehub-session=eyJpdiI6IjllandDQ0FDK3VLdUhwYVIrU2paUFE9PSIsInZhbHVlIjoiZjJLVVlQdVp3NE53QXUzQnZITjJDRVlyS1RJZ3hGcnZCTlZJYkJsYmhJWWtNN0ZnSTQxOVJXNVBwZmhQSzhsdXJyUHB5aElsaEFMMnI2dHZDQWRORnlrM2RsMG9INGRHbmFzS1FjTU56S04wVzMzT3R5NnVNMnpSUEtjVGU1b1YiLCJtYWMiOiI3NDgzMjNmMzU3YWNkZTE3OTkzNGE0YzkyZTlmYmU5OTM2YTFkZjRmMjhiNjU3OGE1MjA5YTllMDgxMmJmN2ZhIiwidGFnIjoiIn0%3D; expires=Fri, 17 Jan 2031 16:58:09 GMT; Max-Age=155520000; path=\/; secure; httponly; samesite=lax"},"response_status":200,"response":{"view":"\/var\/www\/woodson\/thehub\/resources\/views\/admin\/packages.blade.php","data":{"isSuperAdmin":true,"view":"available"}},"duration":198,"memory":4,"hostname":"welllogix"}, 2026-02-12 10:58:09, ?, request, a11056de-93d6-48ab-84a4-c0c1914dd867)) {"exception":"[object] (Illuminate\\Database\\QueryException(code: 42S02): SQLSTATE[42S02]: Base table or view not found: 1146 Table 'woodson_hub.telescope_entries' doesn't exist (Connection: mysql, SQL: insert into `telescope_entries` (`batch_id`, `content`, `created_at`, `family_hash`, `type`, `uuid`) values (a11056de-9791-4f1a-b3d1-3907f03db861, {\"name\":\"admin.packages\",\"path\":\"\\/resources\\/views\\/admin\\/packages.blade.php\",\"data\":[\"isSuperAdmin\",\"view\"],\"hostname\":\"welllogix\"}, 2026-02-12 10:58:09, ?, view, a11056de-8b17-420b-a8d8-9637526f61bc), (a11056de-9791-4f1a-b3d1-3907f03db861, {\"name\":\"layouts.admin\",\"path\":\"\\/resources\\/views\\/layouts\\/admin.blade.php\",\"data\":[\"isSuperAdmin\",\"view\"],\"hostname\":\"welllogix\"}, 2026-02-12 10:58:09, ?, view, a11056de-8d73-425e-8a2d-502bd7ed83ae), (a11056de-9791-4f1a-b3d1-3907f03db861, {\"name\":\"layouts.enterprise\",\"path\":\"\\/resources\\/views\\/layouts\\/enterprise.blade.php\",\"data\":[\"isSuperAdmin\",\"view\",\"context\",\"navItems\",\"activeItem\",\"sidebarTitle\",\"sidebarIcon\",\"logoUrl\",\"breadcrumbs\"],\"hostname\":\"welllogix\"}, 2026-02-12 10:58:09, ?, view, a11056de-9085-4098-b861-80f8a8504327), (a11056de-9791-4f1a-b3d1-3907f03db861, {\"ip_address\":\"10.49.16.200\",\"uri\":\"\\/admin\\/packages\\/available\",\"method\":\"GET\",\"controller_action\":\"App\\\\Http\\\\Controllers\\\\Admin\\\\PackageController@available\",\"middleware\":[\"web\",\"auth:admin,super_admin\"],\"headers\":{\"host\":\"hub.woodsonisd.net\",\"priority\":\"u=0, i\",\"cookie\":\"THEHUB_SESSION=e7kj2r13j7e496lmuntlkkr905; XSRF-TOKEN=eyJpdiI6ImsyQTMrOEQrdjhSb3hLaFRvT0tid1E9PSIsInZhbHVlIjoiWWs4cXdNbEpzUjR2NnZhYWxWYU1zemcvMjZmdEpxb3lUd1FzV0hzeDBTVmI1eVJ5ZlFVTTZib254dFJLZHd1bDVSalppOFB3d1l0ZGpkV1BzRlpNaVlWYkpRdTBjclEvVGViY29uL2VPTEVsV001T0EraVBxdEUxY3FLdGdCOTAiLCJtYWMiOiJjMjM4ZjUzNjk3ZjljOGUyNWRmNjMyYTI1OGEwNDlkYTUzNmY4OWE1NmEwMGExYTUwNzJkMjZmMjc3ZmNiZjk3IiwidGFnIjoiIn0%3D; thehub-session=eyJpdiI6InhXUlVlc1lJYitISVFpZVlaUUxKR3c9PSIsInZhbHVlIjoia3l1cTdoTVNMOEhXVzRWYUs3cUxrK2k4Z2tyVVAvcUNVTm80WlpwSGpoaFpuZENMRmZNRGwyaWFONng5S3NScERiOERVOEhIeTR6WUtyVVZ1cFJYOXkzUWFXTGpyRmV5dEJ2MDN4elRuSHVSY2RyRjl5Z00wWHliNWticlUydE4iLCJtYWMiOiI1MjZkYzA5MDM0NjBmNGI3ZDRjNzY2YzI3NDY2ZWYyNTA1NTA2ZDdlOTA5MzM4NTRlZTYzZDA3YmI5YTM3ZTE1IiwidGFnIjoiIn0%3D\",\"accept-language\":\"en-US,en;q=0.9\",\"accept-encoding\":\"gzip, deflate, br, zstd\",\"referer\":\"https:\\/\\/hub.woodsonisd.net\\/admin\\/packages\\/installed\",\"sec-fetch-dest\":\"document\",\"sec-fetch-user\":\"?1\",\"sec-fetch-mode\":\"navigate\",\"sec-fetch-site\":\"same-origin\",\"accept\":\"text\\/html,application\\/xhtml+xml,application\\/xml;q=0.9,image\\/avif,image\\/webp,image\\/apng,*\\/*;q=0.8,application\\/signed-exchange;v=b3;q=0.7\",\"user-agent\":\"Mozilla\\/5.0 (Windows NT 10.0; Win64; x64) AppleWebKit\\/537.36 (KHTML, like Gecko) Chrome\\/144.0.0.0 Safari\\/537.36\",\"upgrade-insecure-requests\":\"1\",\"dnt\":\"1\",\"sec-ch-ua-platform\":\"\\\"Windows\\\"\",\"sec-ch-ua-mobile\":\"?0\",\"sec-ch-ua\":\"\\\"Not(A:Brand\\\";v=\\\"8\\\", \\\"Chromium\\\";v=\\\"144\\\", \\\"Google Chrome\\\";v=\\\"144\\\"\",\"cache-control\":\"no-cache\",\"pragma\":\"no-cache\"},\"payload\":[],\"session\":{\"_token\":\"rZ3uqqPHpZRECR1htqk3HVmLQzoQLKwT4aaHc1I0\",\"_previous\":{\"url\":\"https:\\/\\/hub.woodsonisd.net\\/admin\\/packages\\/available\"},\"_flash\":{\"old\":[],\"new\":[]}},\"response_headers\":{\"content-type\":\"text\\/html; charset=UTF-8\",\"cache-control\":\"no-cache, private\",\"date\":\"Thu, 12 Feb 2026 16:58:09 GMT\",\"set-cookie\":\"XSRF-TOKEN=eyJpdiI6InNMMzNwVnkwWkVuRVZ6Y1p0UTRXVHc9PSIsInZhbHVlIjoiN3lYZXg3QWFoQWIxOU13aGdrUzIreVl1ZlBqQ0lyc1lIRlRHZVZYaXZ3YVA2MXhKK2gzazJsQXlXYlZ0aERDR2RCbGhzeDZXdC90bTVWTm51cnV6VmR5UmJoYkVIUEJpWTVUSHVhRURUSDUrcWxJWVA4em1xcmUyUnRDQUF0d0EiLCJtYWMiOiJkN2U3MjViZTc2YzQyMjY2OWI2ODA4OTk3ODgyYjBjNzhhY2MyNTAwZmQwYzBkODg1MWJlNmU4YWFkYmVmMzZiIiwidGFnIjoiIn0%3D; expires=Fri, 17 Jan 2031 16:58:09 GMT; Max-Age=155520000; path=\\/; secure; samesite=lax, thehub-session=eyJpdiI6IjllandDQ0FDK3VLdUhwYVIrU2paUFE9PSIsInZhbHVlIjoiZjJLVVlQdVp3NE53QXUzQnZITjJDRVlyS1RJZ3hGcnZCTlZJYkJsYmhJWWtNN0ZnSTQxOVJXNVBwZmhQSzhsdXJyUHB5aElsaEFMMnI2dHZDQWRORnlrM2RsMG9INGRHbmFzS1FjTU56S04wVzMzT3R5NnVNMnpSUEtjVGU1b1YiLCJtYWMiOiI3NDgzMjNmMzU3YWNkZTE3OTkzNGE0YzkyZTlmYmU5OTM2YTFkZjRmMjhiNjU3OGE1MjA5YTllMDgxMmJmN2ZhIiwidGFnIjoiIn0%3D; expires=Fri, 17 Jan 2031 16:58:09 GMT; Max-Age=155520000; path=\\/; secure; httponly; samesite=lax\"},\"response_status\":200,\"response\":{\"view\":\"\\/var\\/www\\/woodson\\/thehub\\/resources\\/views\\/admin\\/packages.blade.php\",\"data\":{\"isSuperAdmin\":true,\"view\":\"available\"}},\"duration\":198,\"memory\":4,\"hostname\":\"welllogix\"}, 2026-02-12 10:58:09, ?, request, a11056de-93d6-48ab-84a4-c0c1914dd867)) at /var/www/woodson/thehub/vendor/laravel/framework/src/Illuminate/Database/Connection.php:825)
[stacktrace]
#0 /var/www/woodson/thehub/vendor/laravel/framework/src/Illuminate/Database/Connection.php(779): Illuminate\\Database\\Connection->runQueryCallback()
#1 /var/www/woodson/thehub/vendor/laravel/framework/src/Illuminate/Database/MySqlConnection.php(42): Illuminate\\Database\\Connection->run()
#2 /var/www/woodson/thehub/vendor/laravel/framework/src/Illuminate/Database/Query/Builder.php(3717): Illuminate\\Database\\MySqlConnection->insert()
#3 /var/www/woodson/thehub/vendor/laravel/telescope/src/Storage/DatabaseEntriesRepository.php(145): Illuminate\\Database\\Query\\Builder->insert()
#4 /var/www/woodson/thehub/vendor/laravel/framework/src/Illuminate/Collections/Traits/EnumeratesValues.php(261): Laravel\\Telescope\\Storage\\DatabaseEntriesRepository->Laravel\\Telescope\\Storage\\{closure}()
#5 /var/www/woodson/thehub/vendor/laravel/telescope/src/Storage/DatabaseEntriesRepository.php(144): Illuminate\\Support\\Collection->each()
#6 /var/www/woodson/thehub/vendor/laravel/telescope/src/Telescope.php(664): Laravel\\Telescope\\Storage\\DatabaseEntriesRepository->store()
#7 [internal function]: Laravel\\Telescope\\Telescope::Laravel\\Telescope\\{closure}()
#8 /var/www/woodson/thehub/vendor/laravel/telescope/src/Telescope.php(289): call_user_func()
#9 /var/www/woodson/thehub/vendor/laravel/telescope/src/Telescope.php(656): Laravel\\Telescope\\Telescope::withoutRecording()
#10 /var/www/woodson/thehub/vendor/laravel/telescope/src/ListensForStorageOpportunities.php(65): Laravel\\Telescope\\Telescope::store()
#11 /var/www/woodson/thehub/vendor/laravel/framework/src/Illuminate/Container/BoundMethod.php(36): Laravel\\Telescope\\Telescope::Laravel\\Telescope\\{closure}()
#12 /var/www/woodson/thehub/vendor/laravel/framework/src/Illuminate/Container/Util.php(43): Illuminate\\Container\\BoundMethod::Illuminate\\Container\\{closure}()
#13 /var/www/woodson/thehub/vendor/laravel/framework/src/Illuminate/Container/BoundMethod.php(83): Illuminate\\Container\\Util::unwrapIfClosure()
#14 /var/www/woodson/thehub/vendor/laravel/framework/src/Illuminate/Container/BoundMethod.php(35): Illuminate\\Container\\BoundMethod::callBoundMethod()
#15 /var/www/woodson/thehub/vendor/laravel/framework/src/Illuminate/Container/Container.php(696): Illuminate\\Container\\BoundMethod::call()
#16 /var/www/woodson/thehub/vendor/laravel/framework/src/Illuminate/Foundation/Application.php(1452): Illuminate\\Container\\Container->call()
#17 /var/www/woodson/thehub/vendor/laravel/framework/src/Illuminate/Foundation/Http/Kernel.php(218): Illuminate\\Foundation\\Application->terminate()
#18 /var/www/woodson/thehub/public/laravel.php(40): Illuminate\\Foundation\\Http\\Kernel->terminate()
#19 {main}

[previous exception] [object] (PDOException(code: 42S02): SQLSTATE[42S02]: Base table or view not found: 1146 Table 'woodson_hub.telescope_entries' doesn't exist at /var/www/woodson/thehub/vendor/laravel/framework/src/Illuminate/Database/MySqlConnection.php:47)
[stacktrace]
#0 /var/www/woodson/thehub/vendor/laravel/framework/src/Illuminate/Database/MySqlConnection.php(47): PDO->prepare()
#1 /var/www/woodson/thehub/vendor/laravel/framework/src/Illuminate/Database/Connection.php(812): Illuminate\\Database\\MySqlConnection->Illuminate\\Database\\{closure}()
#2 /var/www/woodson/thehub/vendor/laravel/framework/src/Illuminate/Database/Connection.php(779): Illuminate\\Database\\Connection->runQueryCallback()
#3 /var/www/woodson/thehub/vendor/laravel/framework/src/Illuminate/Database/MySqlConnection.php(42): Illuminate\\Database\\Connection->run()
#4 /var/www/woodson/thehub/vendor/laravel/framework/src/Illuminate/Database/Query/Builder.php(3717): Illuminate\\Database\\MySqlConnection->insert()
#5 /var/www/woodson/thehub/vendor/laravel/telescope/src/Storage/DatabaseEntriesRepository.php(145): Illuminate\\Database\\Query\\Builder->insert()
#6 /var/www/woodson/thehub/vendor/laravel/framework/src/Illuminate/Collections/Traits/EnumeratesValues.php(261): Laravel\\Telescope\\Storage\\DatabaseEntriesRepository->Laravel\\Telescope\\Storage\\{closure}()
#7 /var/www/woodson/thehub/vendor/laravel/telescope/src/Storage/DatabaseEntriesRepository.php(144): Illuminate\\Support\\Collection->each()
#8 /var/www/woodson/thehub/vendor/laravel/telescope/src/Telescope.php(664): Laravel\\Telescope\\Storage\\DatabaseEntriesRepository->store()
#9 [internal function]: Laravel\\Telescope\\Telescope::Laravel\\Telescope\\{closure}()
#10 /var/www/woodson/thehub/vendor/laravel/telescope/src/Telescope.php(289): call_user_func()
#11 /var/www/woodson/thehub/vendor/laravel/telescope/src/Telescope.php(656): Laravel\\Telescope\\Telescope::withoutRecording()
#12 /var/www/woodson/thehub/vendor/laravel/telescope/src/ListensForStorageOpportunities.php(65): Laravel\\Telescope\\Telescope::store()
#13 /var/www/woodson/thehub/vendor/laravel/framework/src/Illuminate/Container/BoundMethod.php(36): Laravel\\Telescope\\Telescope::Laravel\\Telescope\\{closure}()
#14 /var/www/woodson/thehub/vendor/laravel/framework/src/Illuminate/Container/Util.php(43): Illuminate\\Container\\BoundMethod::Illuminate\\Container\\{closure}()
#15 /var/www/woodson/thehub/vendor/laravel/framework/src/Illuminate/Container/BoundMethod.php(83): Illuminate\\Container\\Util::unwrapIfClosure()
#16 /var/www/woodson/thehub/vendor/laravel/framework/src/Illuminate/Container/BoundMethod.php(35): Illuminate\\Container\\BoundMethod::callBoundMethod()
#17 /var/www/woodson/thehub/vendor/laravel/framework/src/Illuminate/Container/Container.php(696): Illuminate\\Container\\BoundMethod::call()
#18 /var/www/woodson/thehub/vendor/laravel/framework/src/Illuminate/Foundation/Application.php(1452): Illuminate\\Container\\Container->call()
#19 /var/www/woodson/thehub/vendor/laravel/framework/src/Illuminate/Foundation/Http/Kernel.php(218): Illuminate\\Foundation\\Application->terminate()
#20 /var/www/woodson/thehub/public/laravel.php(40): Illuminate\\Foundation\\Http\\Kernel->terminate()
#21 {main}
"} 
[2026-02-12 10:58:10] production.ERROR: SQLSTATE[42S02]: Base table or view not found: 1146 Table 'woodson_hub.telescope_entries' doesn't exist (Connection: mysql, SQL: insert into `telescope_entries` (`batch_id`, `content`, `created_at`, `family_hash`, `type`, `uuid`) values (a11056df-1d33-4043-9ffd-71b712ddd4d0, {"ip_address":"10.49.16.200","uri":"\/admin\/packages\/list?type=installed","method":"GET","controller_action":"App\\Http\\Controllers\\Admin\\PackageController@list","middleware":["web","auth:admin,super_admin"],"headers":{"host":"hub.woodsonisd.net","priority":"u=1, i","cookie":"THEHUB_SESSION=e7kj2r13j7e496lmuntlkkr905; XSRF-TOKEN=eyJpdiI6InNMMzNwVnkwWkVuRVZ6Y1p0UTRXVHc9PSIsInZhbHVlIjoiN3lYZXg3QWFoQWIxOU13aGdrUzIreVl1ZlBqQ0lyc1lIRlRHZVZYaXZ3YVA2MXhKK2gzazJsQXlXYlZ0aERDR2RCbGhzeDZXdC90bTVWTm51cnV6VmR5UmJoYkVIUEJpWTVUSHVhRURUSDUrcWxJWVA4em1xcmUyUnRDQUF0d0EiLCJtYWMiOiJkN2U3MjViZTc2YzQyMjY2OWI2ODA4OTk3ODgyYjBjNzhhY2MyNTAwZmQwYzBkODg1MWJlNmU4YWFkYmVmMzZiIiwidGFnIjoiIn0%3D; thehub-session=eyJpdiI6IjllandDQ0FDK3VLdUhwYVIrU2paUFE9PSIsInZhbHVlIjoiZjJLVVlQdVp3NE53QXUzQnZITjJDRVlyS1RJZ3hGcnZCTlZJYkJsYmhJWWtNN0ZnSTQxOVJXNVBwZmhQSzhsdXJyUHB5aElsaEFMMnI2dHZDQWRORnlrM2RsMG9INGRHbmFzS1FjTU56S04wVzMzT3R5NnVNMnpSUEtjVGU1b1YiLCJtYWMiOiI3NDgzMjNmMzU3YWNkZTE3OTkzNGE0YzkyZTlmYmU5OTM2YTFkZjRmMjhiNjU3OGE1MjA5YTllMDgxMmJmN2ZhIiwidGFnIjoiIn0%3D","accept-language":"en-US,en;q=0.9","accept-encoding":"gzip, deflate, br, zstd","referer":"https:\/\/hub.woodsonisd.net\/admin\/packages\/available","sec-fetch-dest":"empty","sec-fetch-mode":"cors","sec-fetch-site":"same-origin","accept":"*\/*","sec-ch-ua-mobile":"?0","dnt":"1","sec-ch-ua":"\"Not(A:Brand\";v=\"8\", \"Chromium\";v=\"144\", \"Google Chrome\";v=\"144\"","user-agent":"Mozilla\/5.0 (Windows NT 10.0; Win64; x64) AppleWebKit\/537.36 (KHTML, like Gecko) Chrome\/144.0.0.0 Safari\/537.36","sec-ch-ua-platform":"\"Windows\"","cache-control":"no-cache","pragma":"no-cache"},"payload":{"type":"installed"},"session":{"_token":"rZ3uqqPHpZRECR1htqk3HVmLQzoQLKwT4aaHc1I0","_previous":{"url":"https:\/\/hub.woodsonisd.net\/admin\/packages\/list?type=installed"},"_flash":{"old":[],"new":[]}},"response_headers":{"cache-control":"no-cache, private","date":"Thu, 12 Feb 2026 16:58:10 GMT","content-type":"application\/json","set-cookie":"XSRF-TOKEN=eyJpdiI6IkI1ZGg0WUtFR01KVEpRNzI0Y2FVTFE9PSIsInZhbHVlIjoiWGJzLy9VUGJDSVQwcXlEVkE4UFo3cXlYNnNKRzR2Sk9rT1pwaER1anpUeVk3b0wxeXk0UjVoVy9mbG9SZjBTVHRyYnZaY0ZoM3RqSDIvSWRDdVVCQjlwS0lFM050d085SVpiUnhnd1FSQ2lrU3hReXMycno4RDBrc0wxT0JhQW4iLCJtYWMiOiJjZmMwOGNkOGE0ZTRmOTE5MTk5NWNhODNiNGRkNjUxNWQ5ZjRkODlkYzAyMjQxNTM1OGNhMmY2MjZjMmNiYjI1IiwidGFnIjoiIn0%3D; expires=Fri, 17 Jan 2031 16:58:10 GMT; Max-Age=155520000; path=\/; secure; samesite=lax, thehub-session=eyJpdiI6IkNpdmUwUzI1VmFIWVBuSTc2ODZNdWc9PSIsInZhbHVlIjoiYXpJMWE3MUhTUDAxWjgxZ2liMUFWWlNDWVQrU2VOVVhtREgvc2pYVHRpem5GZjNpNExYR1lSbUp3Qlo0YVlLWmpnRXNHajZ3UW9JeENpL3FIUHVXMjd1OVZLRkVVM3VndHNUR3EzY3JTQ1BmTVhRTFNHNjY5a2xQK1RpY05rRnciLCJtYWMiOiJjN2ExZWRkOWQ5ZmVjN2JkOGIyYTFmZDU4MzY2ZDQxNjA3ODE1N2VlZTQzMDQ4Y2M5Mzk1ZGE2ODA5NThmMDA1IiwidGFnIjoiIn0%3D; expires=Fri, 17 Jan 2031 16:58:10 GMT; Max-Age=155520000; path=\/; secure; httponly; samesite=lax"},"response_status":200,"response":{"success":true,"packages":[]},"duration":183,"memory":2,"hostname":"welllogix"}, 2026-02-12 10:58:10, ?, request, a11056df-1a40-49ca-a61f-287cfb628119)) {"exception":"[object] (Illuminate\\Database\\QueryException(code: 42S02): SQLSTATE[42S02]: Base table or view not found: 1146 Table 'woodson_hub.telescope_entries' doesn't exist (Connection: mysql, SQL: insert into `telescope_entries` (`batch_id`, `content`, `created_at`, `family_hash`, `type`, `uuid`) values (a11056df-1d33-4043-9ffd-71b712ddd4d0, {\"ip_address\":\"10.49.16.200\",\"uri\":\"\\/admin\\/packages\\/list?type=installed\",\"method\":\"GET\",\"controller_action\":\"App\\\\Http\\\\Controllers\\\\Admin\\\\PackageController@list\",\"middleware\":[\"web\",\"auth:admin,super_admin\"],\"headers\":{\"host\":\"hub.woodsonisd.net\",\"priority\":\"u=1, i\",\"cookie\":\"THEHUB_SESSION=e7kj2r13j7e496lmuntlkkr905; XSRF-TOKEN=eyJpdiI6InNMMzNwVnkwWkVuRVZ6Y1p0UTRXVHc9PSIsInZhbHVlIjoiN3lYZXg3QWFoQWIxOU13aGdrUzIreVl1ZlBqQ0lyc1lIRlRHZVZYaXZ3YVA2MXhKK2gzazJsQXlXYlZ0aERDR2RCbGhzeDZXdC90bTVWTm51cnV6VmR5UmJoYkVIUEJpWTVUSHVhRURUSDUrcWxJWVA4em1xcmUyUnRDQUF0d0EiLCJtYWMiOiJkN2U3MjViZTc2YzQyMjY2OWI2ODA4OTk3ODgyYjBjNzhhY2MyNTAwZmQwYzBkODg1MWJlNmU4YWFkYmVmMzZiIiwidGFnIjoiIn0%3D; thehub-session=eyJpdiI6IjllandDQ0FDK3VLdUhwYVIrU2paUFE9PSIsInZhbHVlIjoiZjJLVVlQdVp3NE53QXUzQnZITjJDRVlyS1RJZ3hGcnZCTlZJYkJsYmhJWWtNN0ZnSTQxOVJXNVBwZmhQSzhsdXJyUHB5aElsaEFMMnI2dHZDQWRORnlrM2RsMG9INGRHbmFzS1FjTU56S04wVzMzT3R5NnVNMnpSUEtjVGU1b1YiLCJtYWMiOiI3NDgzMjNmMzU3YWNkZTE3OTkzNGE0YzkyZTlmYmU5OTM2YTFkZjRmMjhiNjU3OGE1MjA5YTllMDgxMmJmN2ZhIiwidGFnIjoiIn0%3D\",\"accept-language\":\"en-US,en;q=0.9\",\"accept-encoding\":\"gzip, deflate, br, zstd\",\"referer\":\"https:\\/\\/hub.woodsonisd.net\\/admin\\/packages\\/available\",\"sec-fetch-dest\":\"empty\",\"sec-fetch-mode\":\"cors\",\"sec-fetch-site\":\"same-origin\",\"accept\":\"*\\/*\",\"sec-ch-ua-mobile\":\"?0\",\"dnt\":\"1\",\"sec-ch-ua\":\"\\\"Not(A:Brand\\\";v=\\\"8\\\", \\\"Chromium\\\";v=\\\"144\\\", \\\"Google Chrome\\\";v=\\\"144\\\"\",\"user-agent\":\"Mozilla\\/5.0 (Windows NT 10.0; Win64; x64) AppleWebKit\\/537.36 (KHTML, like Gecko) Chrome\\/144.0.0.0 Safari\\/537.36\",\"sec-ch-ua-platform\":\"\\\"Windows\\\"\",\"cache-control\":\"no-cache\",\"pragma\":\"no-cache\"},\"payload\":{\"type\":\"installed\"},\"session\":{\"_token\":\"rZ3uqqPHpZRECR1htqk3HVmLQzoQLKwT4aaHc1I0\",\"_previous\":{\"url\":\"https:\\/\\/hub.woodsonisd.net\\/admin\\/packages\\/list?type=installed\"},\"_flash\":{\"old\":[],\"new\":[]}},\"response_headers\":{\"cache-control\":\"no-cache, private\",\"date\":\"Thu, 12 Feb 2026 16:58:10 GMT\",\"content-type\":\"application\\/json\",\"set-cookie\":\"XSRF-TOKEN=eyJpdiI6IkI1ZGg0WUtFR01KVEpRNzI0Y2FVTFE9PSIsInZhbHVlIjoiWGJzLy9VUGJDSVQwcXlEVkE4UFo3cXlYNnNKRzR2Sk9rT1pwaER1anpUeVk3b0wxeXk0UjVoVy9mbG9SZjBTVHRyYnZaY0ZoM3RqSDIvSWRDdVVCQjlwS0lFM050d085SVpiUnhnd1FSQ2lrU3hReXMycno4RDBrc0wxT0JhQW4iLCJtYWMiOiJjZmMwOGNkOGE0ZTRmOTE5MTk5NWNhODNiNGRkNjUxNWQ5ZjRkODlkYzAyMjQxNTM1OGNhMmY2MjZjMmNiYjI1IiwidGFnIjoiIn0%3D; expires=Fri, 17 Jan 2031 16:58:10 GMT; Max-Age=155520000; path=\\/; secure; samesite=lax, thehub-session=eyJpdiI6IkNpdmUwUzI1VmFIWVBuSTc2ODZNdWc9PSIsInZhbHVlIjoiYXpJMWE3MUhTUDAxWjgxZ2liMUFWWlNDWVQrU2VOVVhtREgvc2pYVHRpem5GZjNpNExYR1lSbUp3Qlo0YVlLWmpnRXNHajZ3UW9JeENpL3FIUHVXMjd1OVZLRkVVM3VndHNUR3EzY3JTQ1BmTVhRTFNHNjY5a2xQK1RpY05rRnciLCJtYWMiOiJjN2ExZWRkOWQ5ZmVjN2JkOGIyYTFmZDU4MzY2ZDQxNjA3ODE1N2VlZTQzMDQ4Y2M5Mzk1ZGE2ODA5NThmMDA1IiwidGFnIjoiIn0%3D; expires=Fri, 17 Jan 2031 16:58:10 GMT; Max-Age=155520000; path=\\/; secure; httponly; samesite=lax\"},\"response_status\":200,\"response\":{\"success\":true,\"packages\":[]},\"duration\":183,\"memory\":2,\"hostname\":\"welllogix\"}, 2026-02-12 10:58:10, ?, request, a11056df-1a40-49ca-a61f-287cfb628119)) at /var/www/woodson/thehub/vendor/laravel/framework/src/Illuminate/Database/Connection.php:825)
[stacktrace]
#0 /var/www/woodson/thehub/vendor/laravel/framework/src/Illuminate/Database/Connection.php(779): Illuminate\\Database\\Connection->runQueryCallback()
#1 /var/www/woodson/thehub/vendor/laravel/framework/src/Illuminate/Database/MySqlConnection.php(42): Illuminate\\Database\\Connection->run()
#2 /var/www/woodson/thehub/vendor/laravel/framework/src/Illuminate/Database/Query/Builder.php(3717): Illuminate\\Database\\MySqlConnection->insert()
#3 /var/www/woodson/thehub/vendor/laravel/telescope/src/Storage/DatabaseEntriesRepository.php(145): Illuminate\\Database\\Query\\Builder->insert()
#4 /var/www/woodson/thehub/vendor/laravel/framework/src/Illuminate/Collections/Traits/EnumeratesValues.php(261): Laravel\\Telescope\\Storage\\DatabaseEntriesRepository->Laravel\\Telescope\\Storage\\{closure}()
#5 /var/www/woodson/thehub/vendor/laravel/telescope/src/Storage/DatabaseEntriesRepository.php(144): Illuminate\\Support\\Collection->each()
#6 /var/www/woodson/thehub/vendor/laravel/telescope/src/Telescope.php(664): Laravel\\Telescope\\Storage\\DatabaseEntriesRepository->store()
#7 [internal function]: Laravel\\Telescope\\Telescope::Laravel\\Telescope\\{closure}()
#8 /var/www/woodson/thehub/vendor/laravel/telescope/src/Telescope.php(289): call_user_func()
#9 /var/www/woodson/thehub/vendor/laravel/telescope/src/Telescope.php(656): Laravel\\Telescope\\Telescope::withoutRecording()
#10 /var/www/woodson/thehub/vendor/laravel/telescope/src/ListensForStorageOpportunities.php(65): Laravel\\Telescope\\Telescope::store()
#11 /var/www/woodson/thehub/vendor/laravel/framework/src/Illuminate/Container/BoundMethod.php(36): Laravel\\Telescope\\Telescope::Laravel\\Telescope\\{closure}()
#12 /var/www/woodson/thehub/vendor/laravel/framework/src/Illuminate/Container/Util.php(43): Illuminate\\Container\\BoundMethod::Illuminate\\Container\\{closure}()
#13 /var/www/woodson/thehub/vendor/laravel/framework/src/Illuminate/Container/BoundMethod.php(83): Illuminate\\Container\\Util::unwrapIfClosure()
#14 /var/www/woodson/thehub/vendor/laravel/framework/src/Illuminate/Container/BoundMethod.php(35): Illuminate\\Container\\BoundMethod::callBoundMethod()
#15 /var/www/woodson/thehub/vendor/laravel/framework/src/Illuminate/Container/Container.php(696): Illuminate\\Container\\BoundMethod::call()
#16 /var/www/woodson/thehub/vendor/laravel/framework/src/Illuminate/Foundation/Application.php(1452): Illuminate\\Container\\Container->call()
#17 /var/www/woodson/thehub/vendor/laravel/framework/src/Illuminate/Foundation/Http/Kernel.php(218): Illuminate\\Foundation\\Application->terminate()
#18 /var/www/woodson/thehub/public/laravel.php(40): Illuminate\\Foundation\\Http\\Kernel->terminate()
#19 {main}

[previous exception] [object] (PDOException(code: 42S02): SQLSTATE[42S02]: Base table or view not found: 1146 Table 'woodson_hub.telescope_entries' doesn't exist at /var/www/woodson/thehub/vendor/laravel/framework/src/Illuminate/Database/MySqlConnection.php:47)
[stacktrace]
#0 /var/www/woodson/thehub/vendor/laravel/framework/src/Illuminate/Database/MySqlConnection.php(47): PDO->prepare()
#1 /var/www/woodson/thehub/vendor/laravel/framework/src/Illuminate/Database/Connection.php(812): Illuminate\\Database\\MySqlConnection->Illuminate\\Database\\{closure}()
#2 /var/www/woodson/thehub/vendor/laravel/framework/src/Illuminate/Database/Connection.php(779): Illuminate\\Database\\Connection->runQueryCallback()
#3 /var/www/woodson/thehub/vendor/laravel/framework/src/Illuminate/Database/MySqlConnection.php(42): Illuminate\\Database\\Connection->run()
#4 /var/www/woodson/thehub/vendor/laravel/framework/src/Illuminate/Database/Query/Builder.php(3717): Illuminate\\Database\\MySqlConnection->insert()
#5 /var/www/woodson/thehub/vendor/laravel/telescope/src/Storage/DatabaseEntriesRepository.php(145): Illuminate\\Database\\Query\\Builder->insert()
#6 /var/www/woodson/thehub/vendor/laravel/framework/src/Illuminate/Collections/Traits/EnumeratesValues.php(261): Laravel\\Telescope\\Storage\\DatabaseEntriesRepository->Laravel\\Telescope\\Storage\\{closure}()
#7 /var/www/woodson/thehub/vendor/laravel/telescope/src/Storage/DatabaseEntriesRepository.php(144): Illuminate\\Support\\Collection->each()
#8 /var/www/woodson/thehub/vendor/laravel/telescope/src/Telescope.php(664): Laravel\\Telescope\\Storage\\DatabaseEntriesRepository->store()
#9 [internal function]: Laravel\\Telescope\\Telescope::Laravel\\Telescope\\{closure}()
#10 /var/www/woodson/thehub/vendor/laravel/telescope/src/Telescope.php(289): call_user_func()
#11 /var/www/woodson/thehub/vendor/laravel/telescope/src/Telescope.php(656): Laravel\\Telescope\\Telescope::withoutRecording()
#12 /var/www/woodson/thehub/vendor/laravel/telescope/src/ListensForStorageOpportunities.php(65): Laravel\\Telescope\\Telescope::store()
#13 /var/www/woodson/thehub/vendor/laravel/framework/src/Illuminate/Container/BoundMethod.php(36): Laravel\\Telescope\\Telescope::Laravel\\Telescope\\{closure}()
#14 /var/www/woodson/thehub/vendor/laravel/framework/src/Illuminate/Container/Util.php(43): Illuminate\\Container\\BoundMethod::Illuminate\\Container\\{closure}()
#15 /var/www/woodson/thehub/vendor/laravel/framework/src/Illuminate/Container/BoundMethod.php(83): Illuminate\\Container\\Util::unwrapIfClosure()
#16 /var/www/woodson/thehub/vendor/laravel/framework/src/Illuminate/Container/BoundMethod.php(35): Illuminate\\Container\\BoundMethod::callBoundMethod()
#17 /var/www/woodson/thehub/vendor/laravel/framework/src/Illuminate/Container/Container.php(696): Illuminate\\Container\\BoundMethod::call()
#18 /var/www/woodson/thehub/vendor/laravel/framework/src/Illuminate/Foundation/Application.php(1452): Illuminate\\Container\\Container->call()
#19 /var/www/woodson/thehub/vendor/laravel/framework/src/Illuminate/Foundation/Http/Kernel.php(218): Illuminate\\Foundation\\Application->terminate()
#20 /var/www/woodson/thehub/public/laravel.php(40): Illuminate\\Foundation\\Http\\Kernel->terminate()
#21 {main}
"} 
[2026-02-12 10:58:10] production.ERROR: SQLSTATE[42S02]: Base table or view not found: 1146 Table 'woodson_hub.telescope_entries' doesn't exist (Connection: mysql, SQL: insert into `telescope_entries` (`batch_id`, `content`, `created_at`, `family_hash`, `type`, `uuid`) values (a11056df-68cb-4d1d-adf5-97b74bedc2c9, {"connection":"mysql","driver":"mysql","bindings":[],"sql":"select `package_id` from `section_installations` where `status` = 'installed'","time":"2.23","slow":false,"file":"\/var\/www\/woodson\/thehub\/app\/Http\/Controllers\/Admin\/PackageController.php","line":128,"hash":"3ca4c9b4a7ed4339ff678f679d956161","hostname":"welllogix"}, 2026-02-12 10:58:10, ?, query, a11056df-5f53-4430-8b32-9e94a284547d), (a11056df-68cb-4d1d-adf5-97b74bedc2c9, {"connection":"mysql","driver":"mysql","bindings":[],"sql":"select * from `section_packages` where 1 = 1 and `can_install` = 1 and `validation_status` in ('validated', 'pass') order by `created_at` desc","time":"0.99","slow":false,"file":"\/var\/www\/woodson\/thehub\/app\/Http\/Controllers\/Admin\/PackageController.php","line":135,"hash":"0c0db9be5c333385e2d750fd1d071905","hostname":"welllogix"}, 2026-02-12 10:58:10, ?, query, a11056df-6210-403d-a2ee-756530193393), (a11056df-68cb-4d1d-adf5-97b74bedc2c9, {"ip_address":"10.49.16.200","uri":"\/admin\/packages\/list?type=available","method":"GET","controller_action":"App\\Http\\Controllers\\Admin\\PackageController@list","middleware":["web","auth:admin,super_admin"],"headers":{"host":"hub.woodsonisd.net","priority":"u=1, i","cookie":"THEHUB_SESSION=e7kj2r13j7e496lmuntlkkr905; XSRF-TOKEN=eyJpdiI6InNMMzNwVnkwWkVuRVZ6Y1p0UTRXVHc9PSIsInZhbHVlIjoiN3lYZXg3QWFoQWIxOU13aGdrUzIreVl1ZlBqQ0lyc1lIRlRHZVZYaXZ3YVA2MXhKK2gzazJsQXlXYlZ0aERDR2RCbGhzeDZXdC90bTVWTm51cnV6VmR5UmJoYkVIUEJpWTVUSHVhRURUSDUrcWxJWVA4em1xcmUyUnRDQUF0d0EiLCJtYWMiOiJkN2U3MjViZTc2YzQyMjY2OWI2ODA4OTk3ODgyYjBjNzhhY2MyNTAwZmQwYzBkODg1MWJlNmU4YWFkYmVmMzZiIiwidGFnIjoiIn0%3D; thehub-session=eyJpdiI6IjllandDQ0FDK3VLdUhwYVIrU2paUFE9PSIsInZhbHVlIjoiZjJLVVlQdVp3NE53QXUzQnZITjJDRVlyS1RJZ3hGcnZCTlZJYkJsYmhJWWtNN0ZnSTQxOVJXNVBwZmhQSzhsdXJyUHB5aElsaEFMMnI2dHZDQWRORnlrM2RsMG9INGRHbmFzS1FjTU56S04wVzMzT3R5NnVNMnpSUEtjVGU1b1YiLCJtYWMiOiI3NDgzMjNmMzU3YWNkZTE3OTkzNGE0YzkyZTlmYmU5OTM2YTFkZjRmMjhiNjU3OGE1MjA5YTllMDgxMmJmN2ZhIiwidGFnIjoiIn0%3D","accept-language":"en-US,en;q=0.9","accept-encoding":"gzip, deflate, br, zstd","referer":"https:\/\/hub.woodsonisd.net\/admin\/packages\/available","sec-fetch-dest":"empty","sec-fetch-mode":"cors","sec-fetch-site":"same-origin","accept":"*\/*","sec-ch-ua-mobile":"?0","dnt":"1","sec-ch-ua":"\"Not(A:Brand\";v=\"8\", \"Chromium\";v=\"144\", \"Google Chrome\";v=\"144\"","user-agent":"Mozilla\/5.0 (Windows NT 10.0; Win64; x64) AppleWebKit\/537.36 (KHTML, like Gecko) Chrome\/144.0.0.0 Safari\/537.36","sec-ch-ua-platform":"\"Windows\"","cache-control":"no-cache","pragma":"no-cache"},"payload":{"type":"available"},"session":{"_token":"rZ3uqqPHpZRECR1htqk3HVmLQzoQLKwT4aaHc1I0","_previous":{"url":"https:\/\/hub.woodsonisd.net\/admin\/packages\/list?type=available"},"_flash":{"old":[],"new":[]}},"response_headers":{"cache-control":"no-cache, private","date":"Thu, 12 Feb 2026 16:58:10 GMT","content-type":"application\/json","set-cookie":"XSRF-TOKEN=eyJpdiI6Ii94ZzlXcU5yQVpzZ1FuUWtPWDI3WXc9PSIsInZhbHVlIjoiRGlIZndWbTVwYy9WTU0vOTdoeGFJazZDby8zeGhaVnQwMXVGcXdSajc2b2wwTEoxeG9tSjdEVDVjWXAzODRWUHF1VXRsSFYyZFhySFE0MGpxR2RjVVJ1VFFUUTZjRWcxSFRsalF1Q2NJN2tHSkFkaUdIK3NNMzJXclhNNUV3bEQiLCJtYWMiOiIyYmVlOTRjYTEwNzcyMzcyMTEyNDBjN2YxN2U3Y2U0NWIzZjZiMWZkYTkzMTk3YmM5YmFiOTViYTNiMjg1ZGI4IiwidGFnIjoiIn0%3D; expires=Fri, 17 Jan 2031 16:58:10 GMT; Max-Age=155520000; path=\/; secure; samesite=lax, thehub-session=eyJpdiI6Ikx0UXRxMjU4VEZjcTJRNTAwbjRCMkE9PSIsInZhbHVlIjoiTDFlWTJjVVd1RXdzM0RsWXh2ZXJnVXo3bWJrSVQ1ZUpBTnFZRDJuMy9VaW5sdjZqVVk1MkJrMEFxalFGZWFEbE9ERkxZY3NLVkdrMXZvbkFqSWtncnNJSzVyNFltaldOU3NKd2pXSDV4alZ2NzhaU3dhY05Fa2lLVk9ibHU1dWUiLCJtYWMiOiJiZWRkZDc3ZTliMDk4YjQ5NzBiMzExMTkwMWVkNjFmYTg3NjA1YjU5MjhiODRhODQxYTYxMjUzZTY0MzI5YzQyIiwidGFnIjoiIn0%3D; expires=Fri, 17 Jan 2031 16:58:10 GMT; Max-Age=155520000; path=\/; secure; httponly; samesite=lax"},"response_status":200,"response":{"success":true,"packages":[]},"duration":367,"memory":4,"hostname":"welllogix"}, 2026-02-12 10:58:10, ?, request, a11056df-66cb-42ad-b107-f93bd4453149)) {"exception":"[object] (Illuminate\\Database\\QueryException(code: 42S02): SQLSTATE[42S02]: Base table or view not found: 1146 Table 'woodson_hub.telescope_entries' doesn't exist (Connection: mysql, SQL: insert into `telescope_entries` (`batch_id`, `content`, `created_at`, `family_hash`, `type`, `uuid`) values (a11056df-68cb-4d1d-adf5-97b74bedc2c9, {\"connection\":\"mysql\",\"driver\":\"mysql\",\"bindings\":[],\"sql\":\"select `package_id` from `section_installations` where `status` = 'installed'\",\"time\":\"2.23\",\"slow\":false,\"file\":\"\\/var\\/www\\/woodson\\/thehub\\/app\\/Http\\/Controllers\\/Admin\\/PackageController.php\",\"line\":128,\"hash\":\"3ca4c9b4a7ed4339ff678f679d956161\",\"hostname\":\"welllogix\"}, 2026-02-12 10:58:10, ?, query, a11056df-5f53-4430-8b32-9e94a284547d), (a11056df-68cb-4d1d-adf5-97b74bedc2c9, {\"connection\":\"mysql\",\"driver\":\"mysql\",\"bindings\":[],\"sql\":\"select * from `section_packages` where 1 = 1 and `can_install` = 1 and `validation_status` in ('validated', 'pass') order by `created_at` desc\",\"time\":\"0.99\",\"slow\":false,\"file\":\"\\/var\\/www\\/woodson\\/thehub\\/app\\/Http\\/Controllers\\/Admin\\/PackageController.php\",\"line\":135,\"hash\":\"0c0db9be5c333385e2d750fd1d071905\",\"hostname\":\"welllogix\"}, 2026-02-12 10:58:10, ?, query, a11056df-6210-403d-a2ee-756530193393), (a11056df-68cb-4d1d-adf5-97b74bedc2c9, {\"ip_address\":\"10.49.16.200\",\"uri\":\"\\/admin\\/packages\\/list?type=available\",\"method\":\"GET\",\"controller_action\":\"App\\\\Http\\\\Controllers\\\\Admin\\\\PackageController@list\",\"middleware\":[\"web\",\"auth:admin,super_admin\"],\"headers\":{\"host\":\"hub.woodsonisd.net\",\"priority\":\"u=1, i\",\"cookie\":\"THEHUB_SESSION=e7kj2r13j7e496lmuntlkkr905; XSRF-TOKEN=eyJpdiI6InNMMzNwVnkwWkVuRVZ6Y1p0UTRXVHc9PSIsInZhbHVlIjoiN3lYZXg3QWFoQWIxOU13aGdrUzIreVl1ZlBqQ0lyc1lIRlRHZVZYaXZ3YVA2MXhKK2gzazJsQXlXYlZ0aERDR2RCbGhzeDZXdC90bTVWTm51cnV6VmR5UmJoYkVIUEJpWTVUSHVhRURUSDUrcWxJWVA4em1xcmUyUnRDQUF0d0EiLCJtYWMiOiJkN2U3MjViZTc2YzQyMjY2OWI2ODA4OTk3ODgyYjBjNzhhY2MyNTAwZmQwYzBkODg1MWJlNmU4YWFkYmVmMzZiIiwidGFnIjoiIn0%3D; thehub-session=eyJpdiI6IjllandDQ0FDK3VLdUhwYVIrU2paUFE9PSIsInZhbHVlIjoiZjJLVVlQdVp3NE53QXUzQnZITjJDRVlyS1RJZ3hGcnZCTlZJYkJsYmhJWWtNN0ZnSTQxOVJXNVBwZmhQSzhsdXJyUHB5aElsaEFMMnI2dHZDQWRORnlrM2RsMG9INGRHbmFzS1FjTU56S04wVzMzT3R5NnVNMnpSUEtjVGU1b1YiLCJtYWMiOiI3NDgzMjNmMzU3YWNkZTE3OTkzNGE0YzkyZTlmYmU5OTM2YTFkZjRmMjhiNjU3OGE1MjA5YTllMDgxMmJmN2ZhIiwidGFnIjoiIn0%3D\",\"accept-language\":\"en-US,en;q=0.9\",\"accept-encoding\":\"gzip, deflate, br, zstd\",\"referer\":\"https:\\/\\/hub.woodsonisd.net\\/admin\\/packages\\/available\",\"sec-fetch-dest\":\"empty\",\"sec-fetch-mode\":\"cors\",\"sec-fetch-site\":\"same-origin\",\"accept\":\"*\\/*\",\"sec-ch-ua-mobile\":\"?0\",\"dnt\":\"1\",\"sec-ch-ua\":\"\\\"Not(A:Brand\\\";v=\\\"8\\\", \\\"Chromium\\\";v=\\\"144\\\", \\\"Google Chrome\\\";v=\\\"144\\\"\",\"user-agent\":\"Mozilla\\/5.0 (Windows NT 10.0; Win64; x64) AppleWebKit\\/537.36 (KHTML, like Gecko) Chrome\\/144.0.0.0 Safari\\/537.36\",\"sec-ch-ua-platform\":\"\\\"Windows\\\"\",\"cache-control\":\"no-cache\",\"pragma\":\"no-cache\"},\"payload\":{\"type\":\"available\"},\"session\":{\"_token\":\"rZ3uqqPHpZRECR1htqk3HVmLQzoQLKwT4aaHc1I0\",\"_previous\":{\"url\":\"https:\\/\\/hub.woodsonisd.net\\/admin\\/packages\\/list?type=available\"},\"_flash\":{\"old\":[],\"new\":[]}},\"response_headers\":{\"cache-control\":\"no-cache, private\",\"date\":\"Thu, 12 Feb 2026 16:58:10 GMT\",\"content-type\":\"application\\/json\",\"set-cookie\":\"XSRF-TOKEN=eyJpdiI6Ii94ZzlXcU5yQVpzZ1FuUWtPWDI3WXc9PSIsInZhbHVlIjoiRGlIZndWbTVwYy9WTU0vOTdoeGFJazZDby8zeGhaVnQwMXVGcXdSajc2b2wwTEoxeG9tSjdEVDVjWXAzODRWUHF1VXRsSFYyZFhySFE0MGpxR2RjVVJ1VFFUUTZjRWcxSFRsalF1Q2NJN2tHSkFkaUdIK3NNMzJXclhNNUV3bEQiLCJtYWMiOiIyYmVlOTRjYTEwNzcyMzcyMTEyNDBjN2YxN2U3Y2U0NWIzZjZiMWZkYTkzMTk3YmM5YmFiOTViYTNiMjg1ZGI4IiwidGFnIjoiIn0%3D; expires=Fri, 17 Jan 2031 16:58:10 GMT; Max-Age=155520000; path=\\/; secure; samesite=lax, thehub-session=eyJpdiI6Ikx0UXRxMjU4VEZjcTJRNTAwbjRCMkE9PSIsInZhbHVlIjoiTDFlWTJjVVd1RXdzM0RsWXh2ZXJnVXo3bWJrSVQ1ZUpBTnFZRDJuMy9VaW5sdjZqVVk1MkJrMEFxalFGZWFEbE9ERkxZY3NLVkdrMXZvbkFqSWtncnNJSzVyNFltaldOU3NKd2pXSDV4alZ2NzhaU3dhY05Fa2lLVk9ibHU1dWUiLCJtYWMiOiJiZWRkZDc3ZTliMDk4YjQ5NzBiMzExMTkwMWVkNjFmYTg3NjA1YjU5MjhiODRhODQxYTYxMjUzZTY0MzI5YzQyIiwidGFnIjoiIn0%3D; expires=Fri, 17 Jan 2031 16:58:10 GMT; Max-Age=155520000; path=\\/; secure; httponly; samesite=lax\"},\"response_status\":200,\"response\":{\"success\":true,\"packages\":[]},\"duration\":367,\"memory\":4,\"hostname\":\"welllogix\"}, 2026-02-12 10:58:10, ?, request, a11056df-66cb-42ad-b107-f93bd4453149)) at /var/www/woodson/thehub/vendor/laravel/framework/src/Illuminate/Database/Connection.php:825)
[stacktrace]
#0 /var/www/woodson/thehub/vendor/laravel/framework/src/Illuminate/Database/Connection.php(779): Illuminate\\Database\\Connection->runQueryCallback()
#1 /var/www/woodson/thehub/vendor/laravel/framework/src/Illuminate/Database/MySqlConnection.php(42): Illuminate\\Database\\Connection->run()
#2 /var/www/woodson/thehub/vendor/laravel/framework/src/Illuminate/Database/Query/Builder.php(3717): Illuminate\\Database\\MySqlConnection->insert()
#3 /var/www/woodson/thehub/vendor/laravel/telescope/src/Storage/DatabaseEntriesRepository.php(145): Illuminate\\Database\\Query\\Builder->insert()
#4 /var/www/woodson/thehub/vendor/laravel/framework/src/Illuminate/Collections/Traits/EnumeratesValues.php(261): Laravel\\Telescope\\Storage\\DatabaseEntriesRepository->Laravel\\Telescope\\Storage\\{closure}()
#5 /var/www/woodson/thehub/vendor/laravel/telescope/src/Storage/DatabaseEntriesRepository.php(144): Illuminate\\Support\\Collection->each()
#6 /var/www/woodson/thehub/vendor/laravel/telescope/src/Telescope.php(664): Laravel\\Telescope\\Storage\\DatabaseEntriesRepository->store()
#7 [internal function]: Laravel\\Telescope\\Telescope::Laravel\\Telescope\\{closure}()
#8 /var/www/woodson/thehub/vendor/laravel/telescope/src/Telescope.php(289): call_user_func()
#9 /var/www/woodson/thehub/vendor/laravel/telescope/src/Telescope.php(656): Laravel\\Telescope\\Telescope::withoutRecording()
#10 /var/www/woodson/thehub/vendor/laravel/telescope/src/ListensForStorageOpportunities.php(65): Laravel\\Telescope\\Telescope::store()
#11 /var/www/woodson/thehub/vendor/laravel/framework/src/Illuminate/Container/BoundMethod.php(36): Laravel\\Telescope\\Telescope::Laravel\\Telescope\\{closure}()
#12 /var/www/woodson/thehub/vendor/laravel/framework/src/Illuminate/Container/Util.php(43): Illuminate\\Container\\BoundMethod::Illuminate\\Container\\{closure}()
#13 /var/www/woodson/thehub/vendor/laravel/framework/src/Illuminate/Container/BoundMethod.php(83): Illuminate\\Container\\Util::unwrapIfClosure()
#14 /var/www/woodson/thehub/vendor/laravel/framework/src/Illuminate/Container/BoundMethod.php(35): Illuminate\\Container\\BoundMethod::callBoundMethod()
#15 /var/www/woodson/thehub/vendor/laravel/framework/src/Illuminate/Container/Container.php(696): Illuminate\\Container\\BoundMethod::call()
#16 /var/www/woodson/thehub/vendor/laravel/framework/src/Illuminate/Foundation/Application.php(1452): Illuminate\\Container\\Container->call()
#17 /var/www/woodson/thehub/vendor/laravel/framework/src/Illuminate/Foundation/Http/Kernel.php(218): Illuminate\\Foundation\\Application->terminate()
#18 /var/www/woodson/thehub/public/laravel.php(40): Illuminate\\Foundation\\Http\\Kernel->terminate()
#19 {main}

[previous exception] [object] (PDOException(code: 42S02): SQLSTATE[42S02]: Base table or view not found: 1146 Table 'woodson_hub.telescope_entries' doesn't exist at /var/www/woodson/thehub/vendor/laravel/framework/src/Illuminate/Database/MySqlConnection.php:47)
[stacktrace]
#0 /var/www/woodson/thehub/vendor/laravel/framework/src/Illuminate/Database/MySqlConnection.php(47): PDO->prepare()
#1 /var/www/woodson/thehub/vendor/laravel/framework/src/Illuminate/Database/Connection.php(812): Illuminate\\Database\\MySqlConnection->Illuminate\\Database\\{closure}()
#2 /var/www/woodson/thehub/vendor/laravel/framework/src/Illuminate/Database/Connection.php(779): Illuminate\\Database\\Connection->runQueryCallback()
#3 /var/www/woodson/thehub/vendor/laravel/framework/src/Illuminate/Database/MySqlConnection.php(42): Illuminate\\Database\\Connection->run()
#4 /var/www/woodson/thehub/vendor/laravel/framework/src/Illuminate/Database/Query/Builder.php(3717): Illuminate\\Database\\MySqlConnection->insert()
#5 /var/www/woodson/thehub/vendor/laravel/telescope/src/Storage/DatabaseEntriesRepository.php(145): Illuminate\\Database\\Query\\Builder->insert()
#6 /var/www/woodson/thehub/vendor/laravel/framework/src/Illuminate/Collections/Traits/EnumeratesValues.php(261): Laravel\\Telescope\\Storage\\DatabaseEntriesRepository->Laravel\\Telescope\\Storage\\{closure}()
#7 /var/www/woodson/thehub/vendor/laravel/telescope/src/Storage/DatabaseEntriesRepository.php(144): Illuminate\\Support\\Collection->each()
#8 /var/www/woodson/thehub/vendor/laravel/telescope/src/Telescope.php(664): Laravel\\Telescope\\Storage\\DatabaseEntriesRepository->store()
#9 [internal function]: Laravel\\Telescope\\Telescope::Laravel\\Telescope\\{closure}()
#10 /var/www/woodson/thehub/vendor/laravel/telescope/src/Telescope.php(289): call_user_func()
#11 /var/www/woodson/thehub/vendor/laravel/telescope/src/Telescope.php(656): Laravel\\Telescope\\Telescope::withoutRecording()
#12 /var/www/woodson/thehub/vendor/laravel/telescope/src/ListensForStorageOpportunities.php(65): Laravel\\Telescope\\Telescope::store()
#13 /var/www/woodson/thehub/vendor/laravel/framework/src/Illuminate/Container/BoundMethod.php(36): Laravel\\Telescope\\Telescope::Laravel\\Telescope\\{closure}()
#14 /var/www/woodson/thehub/vendor/laravel/framework/src/Illuminate/Container/Util.php(43): Illuminate\\Container\\BoundMethod::Illuminate\\Container\\{closure}()
#15 /var/www/woodson/thehub/vendor/laravel/framework/src/Illuminate/Container/BoundMethod.php(83): Illuminate\\Container\\Util::unwrapIfClosure()
#16 /var/www/woodson/thehub/vendor/laravel/framework/src/Illuminate/Container/BoundMethod.php(35): Illuminate\\Container\\BoundMethod::callBoundMethod()
#17 /var/www/woodson/thehub/vendor/laravel/framework/src/Illuminate/Container/Container.php(696): Illuminate\\Container\\BoundMethod::call()
#18 /var/www/woodson/thehub/vendor/laravel/framework/src/Illuminate/Foundation/Application.php(1452): Illuminate\\Container\\Container->call()
#19 /var/www/woodson/thehub/vendor/laravel/framework/src/Illuminate/Foundation/Http/Kernel.php(218): Illuminate\\Foundation\\Application->terminate()
#20 /var/www/woodson/thehub/public/laravel.php(40): Illuminate\\Foundation\\Http\\Kernel->terminate()
#21 {main}
"} 
[2026-02-12 11:23:39] production.ERROR: SQLSTATE[42S02]: Base table or view not found: 1146 Table 'woodson_hub.telescope_entries' doesn't exist (Connection: mysql, SQL: insert into `telescope_entries` (`batch_id`, `content`, `created_at`, `family_hash`, `type`, `uuid`) values (a1105ffd-05db-4053-889e-9116fb72df59, {"name":"admin.dashboard","path":"\/resources\/views\/admin\/dashboard.blade.php","data":["user"],"hostname":"welllogix"}, 2026-02-12 11:23:39, ?, view, a1105ffc-fa5b-4393-adf4-a4fbbd563e3b), (a1105ffd-05db-4053-889e-9116fb72df59, {"name":"layouts.admin","path":"\/resources\/views\/layouts\/admin.blade.php","data":["user"],"hostname":"welllogix"}, 2026-02-12 11:23:39, ?, view, a1105ffc-fcdb-4c77-8200-87bf5df5aa00), (a1105ffd-05db-4053-889e-9116fb72df59, {"name":"layouts.enterprise","path":"\/resources\/views\/layouts\/enterprise.blade.php","data":["user","context","navItems","activeItem","sidebarTitle","sidebarIcon","logoUrl","breadcrumbs"],"hostname":"welllogix"}, 2026-02-12 11:23:39, ?, view, a1105ffc-fff3-49c8-869c-a0dc2c98cf89), (a1105ffd-05db-4053-889e-9116fb72df59, {"ip_address":"10.49.16.200","uri":"\/admin","method":"GET","controller_action":"App\\Http\\Controllers\\Admin\\DashboardController@index","middleware":["web","auth:admin,super_admin"],"headers":{"host":"hub.woodsonisd.net","priority":"u=0, i","cookie":"THEHUB_SESSION=e7kj2r13j7e496lmuntlkkr905; XSRF-TOKEN=eyJpdiI6Ii94ZzlXcU5yQVpzZ1FuUWtPWDI3WXc9PSIsInZhbHVlIjoiRGlIZndWbTVwYy9WTU0vOTdoeGFJazZDby8zeGhaVnQwMXVGcXdSajc2b2wwTEoxeG9tSjdEVDVjWXAzODRWUHF1VXRsSFYyZFhySFE0MGpxR2RjVVJ1VFFUUTZjRWcxSFRsalF1Q2NJN2tHSkFkaUdIK3NNMzJXclhNNUV3bEQiLCJtYWMiOiIyYmVlOTRjYTEwNzcyMzcyMTEyNDBjN2YxN2U3Y2U0NWIzZjZiMWZkYTkzMTk3YmM5YmFiOTViYTNiMjg1ZGI4IiwidGFnIjoiIn0%3D; thehub-session=eyJpdiI6Ikx0UXRxMjU4VEZjcTJRNTAwbjRCMkE9PSIsInZhbHVlIjoiTDFlWTJjVVd1RXdzM0RsWXh2ZXJnVXo3bWJrSVQ1ZUpBTnFZRDJuMy9VaW5sdjZqVVk1MkJrMEFxalFGZWFEbE9ERkxZY3NLVkdrMXZvbkFqSWtncnNJSzVyNFltaldOU3NKd2pXSDV4alZ2NzhaU3dhY05Fa2lLVk9ibHU1dWUiLCJtYWMiOiJiZWRkZDc3ZTliMDk4YjQ5NzBiMzExMTkwMWVkNjFmYTg3NjA1YjU5MjhiODRhODQxYTYxMjUzZTY0MzI5YzQyIiwidGFnIjoiIn0%3D; PHPSESSID=015d7637d5036f36ccfdef68e4a1048e","accept-language":"en-US,en;q=0.9","accept-encoding":"gzip, deflate, br, zstd","referer":"https:\/\/hub.woodsonisd.net\/","sec-fetch-dest":"document","sec-fetch-user":"?1","sec-fetch-mode":"navigate","sec-fetch-site":"same-origin","accept":"text\/html,application\/xhtml+xml,application\/xml;q=0.9,image\/avif,image\/webp,image\/apng,*\/*;q=0.8,application\/signed-exchange;v=b3;q=0.7","user-agent":"Mozilla\/5.0 (Windows NT 10.0; Win64; x64) AppleWebKit\/537.36 (KHTML, like Gecko) Chrome\/144.0.0.0 Safari\/537.36","upgrade-insecure-requests":"1","dnt":"1","sec-ch-ua-platform":"\"Windows\"","sec-ch-ua-mobile":"?0","sec-ch-ua":"\"Not(A:Brand\";v=\"8\", \"Chromium\";v=\"144\", \"Google Chrome\";v=\"144\""},"payload":[],"session":{"_token":"rZ3uqqPHpZRECR1htqk3HVmLQzoQLKwT4aaHc1I0","_previous":{"url":"https:\/\/hub.woodsonisd.net\/admin"},"_flash":{"old":[],"new":[]}},"response_headers":{"content-type":"text\/html; charset=UTF-8","cache-control":"no-cache, private","date":"Thu, 12 Feb 2026 17:23:39 GMT","set-cookie":"XSRF-TOKEN=eyJpdiI6ImF6eVBsNTB4U1VwengzclVHdDNnS3c9PSIsInZhbHVlIjoiR1hlNlVXS3VPT0V5TzdXcTY4cU85R2s2dnViUXJjQzNyb01GeGZPL1FqSnNHeXg2dVlHajNEcjU5R203RFZLM2svM0trWTVtTDNPOGN5Y2RKa1pCbVJoenpsb05HL3lLZ1pzZkFxL05JbGNjb011YzFQNHoyaEIxeWpPdG1rNGsiLCJtYWMiOiI5NmZlY2Q3MThmNGI0MzgxMWNjMDFiNTY4NzFjYzBjOTdlMzZjZmY1YmM0OGViN2M0Y2U3NjBmY2UyMDk1N2IzIiwidGFnIjoiIn0%3D; expires=Fri, 17 Jan 2031 17:23:39 GMT; Max-Age=155520000; path=\/; secure; samesite=lax, thehub-session=eyJpdiI6IlgyeGYwbHlqZTlCeFlvb21DRmxpNUE9PSIsInZhbHVlIjoiVXJQRWZURnJSVmdIbmt0cEpNemdnc0tUWW5TUHQ2ZXFHZHc5dzdVbTJGbHlmUGhYZlpybHI5alBKRGZOZzFXQklFRDNpMDFRZ3FLS0cwUnJUYmhWNUhWTHJoZ1ZsSkhZdDZtem04ajYwcHJrMTF4VUhERXAzVEYwMkFlanZPUngiLCJtYWMiOiI5YjY1MzUxM2QxMmVhMzZhNjBmNDAxN2JmZTQ4OTZlZTYyMmY1MjQzYjZhOWJiZDQyMjg1NTdiODlmZmFhMmQ3IiwidGFnIjoiIn0%3D; expires=Fri, 17 Jan 2031 17:23:39 GMT; Max-Age=155520000; path=\/; secure; httponly; samesite=lax"},"response_status":200,"response":{"view":"\/var\/www\/woodson\/thehub\/resources\/views\/admin\/dashboard.blade.php","data":{"user":{"id":27486,"email":"richard.sullivan@woodsonisd.net","name":"Richard Sullivan","role":"super_admin","picture":"https:\/\/lh3.googleusercontent.com\/a\/ACg8ocJMpjAziLo6z-2uxW6WwPtjFBts00IZOLRwgiScJy3ONzUY8A6e=s96-c"}}},"duration":201,"memory":2,"hostname":"welllogix"}, 2026-02-12 11:23:39, ?, request, a1105ffd-034d-4d13-b69a-f7ab639bb33f)) {"exception":"[object] (Illuminate\\Database\\QueryException(code: 42S02): SQLSTATE[42S02]: Base table or view not found: 1146 Table 'woodson_hub.telescope_entries' doesn't exist (Connection: mysql, SQL: insert into `telescope_entries` (`batch_id`, `content`, `created_at`, `family_hash`, `type`, `uuid`) values (a1105ffd-05db-4053-889e-9116fb72df59, {\"name\":\"admin.dashboard\",\"path\":\"\\/resources\\/views\\/admin\\/dashboard.blade.php\",\"data\":[\"user\"],\"hostname\":\"welllogix\"}, 2026-02-12 11:23:39, ?, view, a1105ffc-fa5b-4393-adf4-a4fbbd563e3b), (a1105ffd-05db-4053-889e-9116fb72df59, {\"name\":\"layouts.admin\",\"path\":\"\\/resources\\/views\\/layouts\\/admin.blade.php\",\"data\":[\"user\"],\"hostname\":\"welllogix\"}, 2026-02-12 11:23:39, ?, view, a1105ffc-fcdb-4c77-8200-87bf5df5aa00), (a1105ffd-05db-4053-889e-9116fb72df59, {\"name\":\"layouts.enterprise\",\"path\":\"\\/resources\\/views\\/layouts\\/enterprise.blade.php\",\"data\":[\"user\",\"context\",\"navItems\",\"activeItem\",\"sidebarTitle\",\"sidebarIcon\",\"logoUrl\",\"breadcrumbs\"],\"hostname\":\"welllogix\"}, 2026-02-12 11:23:39, ?, view, a1105ffc-fff3-49c8-869c-a0dc2c98cf89), (a1105ffd-05db-4053-889e-9116fb72df59, {\"ip_address\":\"10.49.16.200\",\"uri\":\"\\/admin\",\"method\":\"GET\",\"controller_action\":\"App\\\\Http\\\\Controllers\\\\Admin\\\\DashboardController@index\",\"middleware\":[\"web\",\"auth:admin,super_admin\"],\"headers\":{\"host\":\"hub.woodsonisd.net\",\"priority\":\"u=0, i\",\"cookie\":\"THEHUB_SESSION=e7kj2r13j7e496lmuntlkkr905; XSRF-TOKEN=eyJpdiI6Ii94ZzlXcU5yQVpzZ1FuUWtPWDI3WXc9PSIsInZhbHVlIjoiRGlIZndWbTVwYy9WTU0vOTdoeGFJazZDby8zeGhaVnQwMXVGcXdSajc2b2wwTEoxeG9tSjdEVDVjWXAzODRWUHF1VXRsSFYyZFhySFE0MGpxR2RjVVJ1VFFUUTZjRWcxSFRsalF1Q2NJN2tHSkFkaUdIK3NNMzJXclhNNUV3bEQiLCJtYWMiOiIyYmVlOTRjYTEwNzcyMzcyMTEyNDBjN2YxN2U3Y2U0NWIzZjZiMWZkYTkzMTk3YmM5YmFiOTViYTNiMjg1ZGI4IiwidGFnIjoiIn0%3D; thehub-session=eyJpdiI6Ikx0UXRxMjU4VEZjcTJRNTAwbjRCMkE9PSIsInZhbHVlIjoiTDFlWTJjVVd1RXdzM0RsWXh2ZXJnVXo3bWJrSVQ1ZUpBTnFZRDJuMy9VaW5sdjZqVVk1MkJrMEFxalFGZWFEbE9ERkxZY3NLVkdrMXZvbkFqSWtncnNJSzVyNFltaldOU3NKd2pXSDV4alZ2NzhaU3dhY05Fa2lLVk9ibHU1dWUiLCJtYWMiOiJiZWRkZDc3ZTliMDk4YjQ5NzBiMzExMTkwMWVkNjFmYTg3NjA1YjU5MjhiODRhODQxYTYxMjUzZTY0MzI5YzQyIiwidGFnIjoiIn0%3D; PHPSESSID=015d7637d5036f36ccfdef68e4a1048e\",\"accept-language\":\"en-US,en;q=0.9\",\"accept-encoding\":\"gzip, deflate, br, zstd\",\"referer\":\"https:\\/\\/hub.woodsonisd.net\\/\",\"sec-fetch-dest\":\"document\",\"sec-fetch-user\":\"?1\",\"sec-fetch-mode\":\"navigate\",\"sec-fetch-site\":\"same-origin\",\"accept\":\"text\\/html,application\\/xhtml+xml,application\\/xml;q=0.9,image\\/avif,image\\/webp,image\\/apng,*\\/*;q=0.8,application\\/signed-exchange;v=b3;q=0.7\",\"user-agent\":\"Mozilla\\/5.0 (Windows NT 10.0; Win64; x64) AppleWebKit\\/537.36 (KHTML, like Gecko) Chrome\\/144.0.0.0 Safari\\/537.36\",\"upgrade-insecure-requests\":\"1\",\"dnt\":\"1\",\"sec-ch-ua-platform\":\"\\\"Windows\\\"\",\"sec-ch-ua-mobile\":\"?0\",\"sec-ch-ua\":\"\\\"Not(A:Brand\\\";v=\\\"8\\\", \\\"Chromium\\\";v=\\\"144\\\", \\\"Google Chrome\\\";v=\\\"144\\\"\"},\"payload\":[],\"session\":{\"_token\":\"rZ3uqqPHpZRECR1htqk3HVmLQzoQLKwT4aaHc1I0\",\"_previous\":{\"url\":\"https:\\/\\/hub.woodsonisd.net\\/admin\"},\"_flash\":{\"old\":[],\"new\":[]}},\"response_headers\":{\"content-type\":\"text\\/html; charset=UTF-8\",\"cache-control\":\"no-cache, private\",\"date\":\"Thu, 12 Feb 2026 17:23:39 GMT\",\"set-cookie\":\"XSRF-TOKEN=eyJpdiI6ImF6eVBsNTB4U1VwengzclVHdDNnS3c9PSIsInZhbHVlIjoiR1hlNlVXS3VPT0V5TzdXcTY4cU85R2s2dnViUXJjQzNyb01GeGZPL1FqSnNHeXg2dVlHajNEcjU5R203RFZLM2svM0trWTVtTDNPOGN5Y2RKa1pCbVJoenpsb05HL3lLZ1pzZkFxL05JbGNjb011YzFQNHoyaEIxeWpPdG1rNGsiLCJtYWMiOiI5NmZlY2Q3MThmNGI0MzgxMWNjMDFiNTY4NzFjYzBjOTdlMzZjZmY1YmM0OGViN2M0Y2U3NjBmY2UyMDk1N2IzIiwidGFnIjoiIn0%3D; expires=Fri, 17 Jan 2031 17:23:39 GMT; Max-Age=155520000; path=\\/; secure; samesite=lax, thehub-session=eyJpdiI6IlgyeGYwbHlqZTlCeFlvb21DRmxpNUE9PSIsInZhbHVlIjoiVXJQRWZURnJSVmdIbmt0cEpNemdnc0tUWW5TUHQ2ZXFHZHc5dzdVbTJGbHlmUGhYZlpybHI5alBKRGZOZzFXQklFRDNpMDFRZ3FLS0cwUnJUYmhWNUhWTHJoZ1ZsSkhZdDZtem04ajYwcHJrMTF4VUhERXAzVEYwMkFlanZPUngiLCJtYWMiOiI5YjY1MzUxM2QxMmVhMzZhNjBmNDAxN2JmZTQ4OTZlZTYyMmY1MjQzYjZhOWJiZDQyMjg1NTdiODlmZmFhMmQ3IiwidGFnIjoiIn0%3D; expires=Fri, 17 Jan 2031 17:23:39 GMT; Max-Age=155520000; path=\\/; secure; httponly; samesite=lax\"},\"response_status\":200,\"response\":{\"view\":\"\\/var\\/www\\/woodson\\/thehub\\/resources\\/views\\/admin\\/dashboard.blade.php\",\"data\":{\"user\":{\"id\":27486,\"email\":\"richard.sullivan@woodsonisd.net\",\"name\":\"Richard Sullivan\",\"role\":\"super_admin\",\"picture\":\"https:\\/\\/lh3.googleusercontent.com\\/a\\/ACg8ocJMpjAziLo6z-2uxW6WwPtjFBts00IZOLRwgiScJy3ONzUY8A6e=s96-c\"}}},\"duration\":201,\"memory\":2,\"hostname\":\"welllogix\"}, 2026-02-12 11:23:39, ?, request, a1105ffd-034d-4d13-b69a-f7ab639bb33f)) at /var/www/woodson/thehub/vendor/laravel/framework/src/Illuminate/Database/Connection.php:825)
[stacktrace]
#0 /var/www/woodson/thehub/vendor/laravel/framework/src/Illuminate/Database/Connection.php(779): Illuminate\\Database\\Connection->runQueryCallback()
#1 /var/www/woodson/thehub/vendor/laravel/framework/src/Illuminate/Database/MySqlConnection.php(42): Illuminate\\Database\\Connection->run()
#2 /var/www/woodson/thehub/vendor/laravel/framework/src/Illuminate/Database/Query/Builder.php(3717): Illuminate\\Database\\MySqlConnection->insert()
#3 /var/www/woodson/thehub/vendor/laravel/telescope/src/Storage/DatabaseEntriesRepository.php(145): Illuminate\\Database\\Query\\Builder->insert()
#4 /var/www/woodson/thehub/vendor/laravel/framework/src/Illuminate/Collections/Traits/EnumeratesValues.php(261): Laravel\\Telescope\\Storage\\DatabaseEntriesRepository->Laravel\\Telescope\\Storage\\{closure}()
#5 /var/www/woodson/thehub/vendor/laravel/telescope/src/Storage/DatabaseEntriesRepository.php(144): Illuminate\\Support\\Collection->each()
#6 /var/www/woodson/thehub/vendor/laravel/telescope/src/Telescope.php(664): Laravel\\Telescope\\Storage\\DatabaseEntriesRepository->store()
#7 [internal function]: Laravel\\Telescope\\Telescope::Laravel\\Telescope\\{closure}()
#8 /var/www/woodson/thehub/vendor/laravel/telescope/src/Telescope.php(289): call_user_func()
#9 /var/www/woodson/thehub/vendor/laravel/telescope/src/Telescope.php(656): Laravel\\Telescope\\Telescope::withoutRecording()
#10 /var/www/woodson/thehub/vendor/laravel/telescope/src/ListensForStorageOpportunities.php(65): Laravel\\Telescope\\Telescope::store()
#11 /var/www/woodson/thehub/vendor/laravel/framework/src/Illuminate/Container/BoundMethod.php(36): Laravel\\Telescope\\Telescope::Laravel\\Telescope\\{closure}()
#12 /var/www/woodson/thehub/vendor/laravel/framework/src/Illuminate/Container/Util.php(43): Illuminate\\Container\\BoundMethod::Illuminate\\Container\\{closure}()
#13 /var/www/woodson/thehub/vendor/laravel/framework/src/Illuminate/Container/BoundMethod.php(83): Illuminate\\Container\\Util::unwrapIfClosure()
#14 /var/www/woodson/thehub/vendor/laravel/framework/src/Illuminate/Container/BoundMethod.php(35): Illuminate\\Container\\BoundMethod::callBoundMethod()
#15 /var/www/woodson/thehub/vendor/laravel/framework/src/Illuminate/Container/Container.php(696): Illuminate\\Container\\BoundMethod::call()
#16 /var/www/woodson/thehub/vendor/laravel/framework/src/Illuminate/Foundation/Application.php(1452): Illuminate\\Container\\Container->call()
#17 /var/www/woodson/thehub/vendor/laravel/framework/src/Illuminate/Foundation/Http/Kernel.php(218): Illuminate\\Foundation\\Application->terminate()
#18 /var/www/woodson/thehub/public/laravel.php(40): Illuminate\\Foundation\\Http\\Kernel->terminate()
#19 {main}

[previous exception] [object] (PDOException(code: 42S02): SQLSTATE[42S02]: Base table or view not found: 1146 Table 'woodson_hub.telescope_entries' doesn't exist at /var/www/woodson/thehub/vendor/laravel/framework/src/Illuminate/Database/MySqlConnection.php:47)
[stacktrace]
#0 /var/www/woodson/thehub/vendor/laravel/framework/src/Illuminate/Database/MySqlConnection.php(47): PDO->prepare()
#1 /var/www/woodson/thehub/vendor/laravel/framework/src/Illuminate/Database/Connection.php(812): Illuminate\\Database\\MySqlConnection->Illuminate\\Database\\{closure}()
#2 /var/www/woodson/thehub/vendor/laravel/framework/src/Illuminate/Database/Connection.php(779): Illuminate\\Database\\Connection->runQueryCallback()
#3 /var/www/woodson/thehub/vendor/laravel/framework/src/Illuminate/Database/MySqlConnection.php(42): Illuminate\\Database\\Connection->run()
#4 /var/www/woodson/thehub/vendor/laravel/framework/src/Illuminate/Database/Query/Builder.php(3717): Illuminate\\Database\\MySqlConnection->insert()
#5 /var/www/woodson/thehub/vendor/laravel/telescope/src/Storage/DatabaseEntriesRepository.php(145): Illuminate\\Database\\Query\\Builder->insert()
#6 /var/www/woodson/thehub/vendor/laravel/framework/src/Illuminate/Collections/Traits/EnumeratesValues.php(261): Laravel\\Telescope\\Storage\\DatabaseEntriesRepository->Laravel\\Telescope\\Storage\\{closure}()
#7 /var/www/woodson/thehub/vendor/laravel/telescope/src/Storage/DatabaseEntriesRepository.php(144): Illuminate\\Support\\Collection->each()
#8 /var/www/woodson/thehub/vendor/laravel/telescope/src/Telescope.php(664): Laravel\\Telescope\\Storage\\DatabaseEntriesRepository->store()
#9 [internal function]: Laravel\\Telescope\\Telescope::Laravel\\Telescope\\{closure}()
#10 /var/www/woodson/thehub/vendor/laravel/telescope/src/Telescope.php(289): call_user_func()
#11 /var/www/woodson/thehub/vendor/laravel/telescope/src/Telescope.php(656): Laravel\\Telescope\\Telescope::withoutRecording()
#12 /var/www/woodson/thehub/vendor/laravel/telescope/src/ListensForStorageOpportunities.php(65): Laravel\\Telescope\\Telescope::store()
#13 /var/www/woodson/thehub/vendor/laravel/framework/src/Illuminate/Container/BoundMethod.php(36): Laravel\\Telescope\\Telescope::Laravel\\Telescope\\{closure}()
#14 /var/www/woodson/thehub/vendor/laravel/framework/src/Illuminate/Container/Util.php(43): Illuminate\\Container\\BoundMethod::Illuminate\\Container\\{closure}()
#15 /var/www/woodson/thehub/vendor/laravel/framework/src/Illuminate/Container/BoundMethod.php(83): Illuminate\\Container\\Util::unwrapIfClosure()
#16 /var/www/woodson/thehub/vendor/laravel/framework/src/Illuminate/Container/BoundMethod.php(35): Illuminate\\Container\\BoundMethod::callBoundMethod()
#17 /var/www/woodson/thehub/vendor/laravel/framework/src/Illuminate/Container/Container.php(696): Illuminate\\Container\\BoundMethod::call()
#18 /var/www/woodson/thehub/vendor/laravel/framework/src/Illuminate/Foundation/Application.php(1452): Illuminate\\Container\\Container->call()
#19 /var/www/woodson/thehub/vendor/laravel/framework/src/Illuminate/Foundation/Http/Kernel.php(218): Illuminate\\Foundation\\Application->terminate()
#20 /var/www/woodson/thehub/public/laravel.php(40): Illuminate\\Foundation\\Http\\Kernel->terminate()
#21 {main}
"} 
[2026-02-12 11:23:43] production.ERROR: SQLSTATE[42S02]: Base table or view not found: 1146 Table 'woodson_hub.telescope_entries' doesn't exist (Connection: mysql, SQL: insert into `telescope_entries` (`batch_id`, `content`, `created_at`, `family_hash`, `type`, `uuid`) values (a1106003-3dba-4f20-b745-b9771d2f53b0, {"name":"admin.packages","path":"\/resources\/views\/admin\/packages.blade.php","data":["isSuperAdmin","view"],"hostname":"welllogix"}, 2026-02-12 11:23:43, ?, view, a1106003-3135-4664-8806-5fbaa4d1d54d), (a1106003-3dba-4f20-b745-b9771d2f53b0, {"name":"layouts.admin","path":"\/resources\/views\/layouts\/admin.blade.php","data":["isSuperAdmin","view"],"hostname":"welllogix"}, 2026-02-12 11:23:43, ?, view, a1106003-3373-4668-9c67-20ec7db73df4), (a1106003-3dba-4f20-b745-b9771d2f53b0, {"name":"layouts.enterprise","path":"\/resources\/views\/layouts\/enterprise.blade.php","data":["isSuperAdmin","view","context","navItems","activeItem","sidebarTitle","sidebarIcon","logoUrl","breadcrumbs"],"hostname":"welllogix"}, 2026-02-12 11:23:43, ?, view, a1106003-3690-4861-8147-d89baf38f6ee), (a1106003-3dba-4f20-b745-b9771d2f53b0, {"ip_address":"10.49.16.200","uri":"\/admin\/packages\/installed","method":"GET","controller_action":"App\\Http\\Controllers\\Admin\\PackageController@installed","middleware":["web","auth:admin,super_admin"],"headers":{"host":"hub.woodsonisd.net","priority":"u=0, i","cookie":"THEHUB_SESSION=e7kj2r13j7e496lmuntlkkr905; PHPSESSID=015d7637d5036f36ccfdef68e4a1048e; XSRF-TOKEN=eyJpdiI6ImF6eVBsNTB4U1VwengzclVHdDNnS3c9PSIsInZhbHVlIjoiR1hlNlVXS3VPT0V5TzdXcTY4cU85R2s2dnViUXJjQzNyb01GeGZPL1FqSnNHeXg2dVlHajNEcjU5R203RFZLM2svM0trWTVtTDNPOGN5Y2RKa1pCbVJoenpsb05HL3lLZ1pzZkFxL05JbGNjb011YzFQNHoyaEIxeWpPdG1rNGsiLCJtYWMiOiI5NmZlY2Q3MThmNGI0MzgxMWNjMDFiNTY4NzFjYzBjOTdlMzZjZmY1YmM0OGViN2M0Y2U3NjBmY2UyMDk1N2IzIiwidGFnIjoiIn0%3D; thehub-session=eyJpdiI6IlgyeGYwbHlqZTlCeFlvb21DRmxpNUE9PSIsInZhbHVlIjoiVXJQRWZURnJSVmdIbmt0cEpNemdnc0tUWW5TUHQ2ZXFHZHc5dzdVbTJGbHlmUGhYZlpybHI5alBKRGZOZzFXQklFRDNpMDFRZ3FLS0cwUnJUYmhWNUhWTHJoZ1ZsSkhZdDZtem04ajYwcHJrMTF4VUhERXAzVEYwMkFlanZPUngiLCJtYWMiOiI5YjY1MzUxM2QxMmVhMzZhNjBmNDAxN2JmZTQ4OTZlZTYyMmY1MjQzYjZhOWJiZDQyMjg1NTdiODlmZmFhMmQ3IiwidGFnIjoiIn0%3D","accept-language":"en-US,en;q=0.9","accept-encoding":"gzip, deflate, br, zstd","referer":"https:\/\/hub.woodsonisd.net\/admin\/","sec-fetch-dest":"document","sec-fetch-user":"?1","sec-fetch-mode":"navigate","sec-fetch-site":"same-origin","accept":"text\/html,application\/xhtml+xml,application\/xml;q=0.9,image\/avif,image\/webp,image\/apng,*\/*;q=0.8,application\/signed-exchange;v=b3;q=0.7","user-agent":"Mozilla\/5.0 (Windows NT 10.0; Win64; x64) AppleWebKit\/537.36 (KHTML, like Gecko) Chrome\/144.0.0.0 Safari\/537.36","upgrade-insecure-requests":"1","dnt":"1","sec-ch-ua-platform":"\"Windows\"","sec-ch-ua-mobile":"?0","sec-ch-ua":"\"Not(A:Brand\";v=\"8\", \"Chromium\";v=\"144\", \"Google Chrome\";v=\"144\""},"payload":[],"session":{"_token":"rZ3uqqPHpZRECR1htqk3HVmLQzoQLKwT4aaHc1I0","_previous":{"url":"https:\/\/hub.woodsonisd.net\/admin\/packages\/installed"},"_flash":{"old":[],"new":[]}},"response_headers":{"content-type":"text\/html; charset=UTF-8","cache-control":"no-cache, private","date":"Thu, 12 Feb 2026 17:23:43 GMT","set-cookie":"XSRF-TOKEN=eyJpdiI6IllGQWFYWlZ6T2s3dTVCK0FmOVUwTHc9PSIsInZhbHVlIjoiclA5RlZ1MzlGMjFwaCtKNmhSUUQ4Qmc0aHdEZWdZbnpuLzZxSVNOVEF0TFFrWklrcGpkQmdSbEI2QXhFZC8wdU01WjN3WGtnNHhjaWp5cmFDM292eE9LWWlaRE9OWTRRTWFjRnNnMDBjNUl0bTJFWmxvYXYrWCsxOXlIRmlKSFMiLCJtYWMiOiI0YTQwYzc4ZGFhNDRmZTc4Y2U2ZTFiZTZlNGU5MjVkNTE4ZTYxM2YwMGNmNThhY2VmZWYxYTY2YTQxOWIxMjEzIiwidGFnIjoiIn0%3D; expires=Fri, 17 Jan 2031 17:23:43 GMT; Max-Age=155520000; path=\/; secure; samesite=lax, thehub-session=eyJpdiI6ImlTVEJtaEx3cWVQZDByRFk1MWI0eUE9PSIsInZhbHVlIjoickhqZnJnR09ONm5vN1BCSEwrUHZPQUZUR09FTy9wM1BZTHR3aGVxVEpjT0EwdmtOWG16Mnp5aXpKZUg4ejd3UjNFYW5IQVQ1Q1NhMEJJcXRnaVJxdW5URHdZeE5ldFM1ajBMR0FQRVBjUUduVlAxSE5wUGtudTNMZGkzTHhqVnAiLCJtYWMiOiJiMTlkNDdkM2I4MmIwMjJmYzQ3ZDY3ZTYyMDQ3MWNlZTUyZjdhMzExMmRkMTgwOTZjMzIwNjJlMDY4ZThmOThmIiwidGFnIjoiIn0%3D; expires=Fri, 17 Jan 2031 17:23:43 GMT; Max-Age=155520000; path=\/; secure; httponly; samesite=lax"},"response_status":200,"response":{"view":"\/var\/www\/woodson\/thehub\/resources\/views\/admin\/packages.blade.php","data":{"isSuperAdmin":true,"view":"installed"}},"duration":214,"memory":4,"hostname":"welllogix"}, 2026-02-12 11:23:43, ?, request, a1106003-3a0b-4b6d-bd7e-c0689412fa95)) {"exception":"[object] (Illuminate\\Database\\QueryException(code: 42S02): SQLSTATE[42S02]: Base table or view not found: 1146 Table 'woodson_hub.telescope_entries' doesn't exist (Connection: mysql, SQL: insert into `telescope_entries` (`batch_id`, `content`, `created_at`, `family_hash`, `type`, `uuid`) values (a1106003-3dba-4f20-b745-b9771d2f53b0, {\"name\":\"admin.packages\",\"path\":\"\\/resources\\/views\\/admin\\/packages.blade.php\",\"data\":[\"isSuperAdmin\",\"view\"],\"hostname\":\"welllogix\"}, 2026-02-12 11:23:43, ?, view, a1106003-3135-4664-8806-5fbaa4d1d54d), (a1106003-3dba-4f20-b745-b9771d2f53b0, {\"name\":\"layouts.admin\",\"path\":\"\\/resources\\/views\\/layouts\\/admin.blade.php\",\"data\":[\"isSuperAdmin\",\"view\"],\"hostname\":\"welllogix\"}, 2026-02-12 11:23:43, ?, view, a1106003-3373-4668-9c67-20ec7db73df4), (a1106003-3dba-4f20-b745-b9771d2f53b0, {\"name\":\"layouts.enterprise\",\"path\":\"\\/resources\\/views\\/layouts\\/enterprise.blade.php\",\"data\":[\"isSuperAdmin\",\"view\",\"context\",\"navItems\",\"activeItem\",\"sidebarTitle\",\"sidebarIcon\",\"logoUrl\",\"breadcrumbs\"],\"hostname\":\"welllogix\"}, 2026-02-12 11:23:43, ?, view, a1106003-3690-4861-8147-d89baf38f6ee), (a1106003-3dba-4f20-b745-b9771d2f53b0, {\"ip_address\":\"10.49.16.200\",\"uri\":\"\\/admin\\/packages\\/installed\",\"method\":\"GET\",\"controller_action\":\"App\\\\Http\\\\Controllers\\\\Admin\\\\PackageController@installed\",\"middleware\":[\"web\",\"auth:admin,super_admin\"],\"headers\":{\"host\":\"hub.woodsonisd.net\",\"priority\":\"u=0, i\",\"cookie\":\"THEHUB_SESSION=e7kj2r13j7e496lmuntlkkr905; PHPSESSID=015d7637d5036f36ccfdef68e4a1048e; XSRF-TOKEN=eyJpdiI6ImF6eVBsNTB4U1VwengzclVHdDNnS3c9PSIsInZhbHVlIjoiR1hlNlVXS3VPT0V5TzdXcTY4cU85R2s2dnViUXJjQzNyb01GeGZPL1FqSnNHeXg2dVlHajNEcjU5R203RFZLM2svM0trWTVtTDNPOGN5Y2RKa1pCbVJoenpsb05HL3lLZ1pzZkFxL05JbGNjb011YzFQNHoyaEIxeWpPdG1rNGsiLCJtYWMiOiI5NmZlY2Q3MThmNGI0MzgxMWNjMDFiNTY4NzFjYzBjOTdlMzZjZmY1YmM0OGViN2M0Y2U3NjBmY2UyMDk1N2IzIiwidGFnIjoiIn0%3D; thehub-session=eyJpdiI6IlgyeGYwbHlqZTlCeFlvb21DRmxpNUE9PSIsInZhbHVlIjoiVXJQRWZURnJSVmdIbmt0cEpNemdnc0tUWW5TUHQ2ZXFHZHc5dzdVbTJGbHlmUGhYZlpybHI5alBKRGZOZzFXQklFRDNpMDFRZ3FLS0cwUnJUYmhWNUhWTHJoZ1ZsSkhZdDZtem04ajYwcHJrMTF4VUhERXAzVEYwMkFlanZPUngiLCJtYWMiOiI5YjY1MzUxM2QxMmVhMzZhNjBmNDAxN2JmZTQ4OTZlZTYyMmY1MjQzYjZhOWJiZDQyMjg1NTdiODlmZmFhMmQ3IiwidGFnIjoiIn0%3D\",\"accept-language\":\"en-US,en;q=0.9\",\"accept-encoding\":\"gzip, deflate, br, zstd\",\"referer\":\"https:\\/\\/hub.woodsonisd.net\\/admin\\/\",\"sec-fetch-dest\":\"document\",\"sec-fetch-user\":\"?1\",\"sec-fetch-mode\":\"navigate\",\"sec-fetch-site\":\"same-origin\",\"accept\":\"text\\/html,application\\/xhtml+xml,application\\/xml;q=0.9,image\\/avif,image\\/webp,image\\/apng,*\\/*;q=0.8,application\\/signed-exchange;v=b3;q=0.7\",\"user-agent\":\"Mozilla\\/5.0 (Windows NT 10.0; Win64; x64) AppleWebKit\\/537.36 (KHTML, like Gecko) Chrome\\/144.0.0.0 Safari\\/537.36\",\"upgrade-insecure-requests\":\"1\",\"dnt\":\"1\",\"sec-ch-ua-platform\":\"\\\"Windows\\\"\",\"sec-ch-ua-mobile\":\"?0\",\"sec-ch-ua\":\"\\\"Not(A:Brand\\\";v=\\\"8\\\", \\\"Chromium\\\";v=\\\"144\\\", \\\"Google Chrome\\\";v=\\\"144\\\"\"},\"payload\":[],\"session\":{\"_token\":\"rZ3uqqPHpZRECR1htqk3HVmLQzoQLKwT4aaHc1I0\",\"_previous\":{\"url\":\"https:\\/\\/hub.woodsonisd.net\\/admin\\/packages\\/installed\"},\"_flash\":{\"old\":[],\"new\":[]}},\"response_headers\":{\"content-type\":\"text\\/html; charset=UTF-8\",\"cache-control\":\"no-cache, private\",\"date\":\"Thu, 12 Feb 2026 17:23:43 GMT\",\"set-cookie\":\"XSRF-TOKEN=eyJpdiI6IllGQWFYWlZ6T2s3dTVCK0FmOVUwTHc9PSIsInZhbHVlIjoiclA5RlZ1MzlGMjFwaCtKNmhSUUQ4Qmc0aHdEZWdZbnpuLzZxSVNOVEF0TFFrWklrcGpkQmdSbEI2QXhFZC8wdU01WjN3WGtnNHhjaWp5cmFDM292eE9LWWlaRE9OWTRRTWFjRnNnMDBjNUl0bTJFWmxvYXYrWCsxOXlIRmlKSFMiLCJtYWMiOiI0YTQwYzc4ZGFhNDRmZTc4Y2U2ZTFiZTZlNGU5MjVkNTE4ZTYxM2YwMGNmNThhY2VmZWYxYTY2YTQxOWIxMjEzIiwidGFnIjoiIn0%3D; expires=Fri, 17 Jan 2031 17:23:43 GMT; Max-Age=155520000; path=\\/; secure; samesite=lax, thehub-session=eyJpdiI6ImlTVEJtaEx3cWVQZDByRFk1MWI0eUE9PSIsInZhbHVlIjoickhqZnJnR09ONm5vN1BCSEwrUHZPQUZUR09FTy9wM1BZTHR3aGVxVEpjT0EwdmtOWG16Mnp5aXpKZUg4ejd3UjNFYW5IQVQ1Q1NhMEJJcXRnaVJxdW5URHdZeE5ldFM1ajBMR0FQRVBjUUduVlAxSE5wUGtudTNMZGkzTHhqVnAiLCJtYWMiOiJiMTlkNDdkM2I4MmIwMjJmYzQ3ZDY3ZTYyMDQ3MWNlZTUyZjdhMzExMmRkMTgwOTZjMzIwNjJlMDY4ZThmOThmIiwidGFnIjoiIn0%3D; expires=Fri, 17 Jan 2031 17:23:43 GMT; Max-Age=155520000; path=\\/; secure; httponly; samesite=lax\"},\"response_status\":200,\"response\":{\"view\":\"\\/var\\/www\\/woodson\\/thehub\\/resources\\/views\\/admin\\/packages.blade.php\",\"data\":{\"isSuperAdmin\":true,\"view\":\"installed\"}},\"duration\":214,\"memory\":4,\"hostname\":\"welllogix\"}, 2026-02-12 11:23:43, ?, request, a1106003-3a0b-4b6d-bd7e-c0689412fa95)) at /var/www/woodson/thehub/vendor/laravel/framework/src/Illuminate/Database/Connection.php:825)
[stacktrace]
#0 /var/www/woodson/thehub/vendor/laravel/framework/src/Illuminate/Database/Connection.php(779): Illuminate\\Database\\Connection->runQueryCallback()
#1 /var/www/woodson/thehub/vendor/laravel/framework/src/Illuminate/Database/MySqlConnection.php(42): Illuminate\\Database\\Connection->run()
#2 /var/www/woodson/thehub/vendor/laravel/framework/src/Illuminate/Database/Query/Builder.php(3717): Illuminate\\Database\\MySqlConnection->insert()
#3 /var/www/woodson/thehub/vendor/laravel/telescope/src/Storage/DatabaseEntriesRepository.php(145): Illuminate\\Database\\Query\\Builder->insert()
#4 /var/www/woodson/thehub/vendor/laravel/framework/src/Illuminate/Collections/Traits/EnumeratesValues.php(261): Laravel\\Telescope\\Storage\\DatabaseEntriesRepository->Laravel\\Telescope\\Storage\\{closure}()
#5 /var/www/woodson/thehub/vendor/laravel/telescope/src/Storage/DatabaseEntriesRepository.php(144): Illuminate\\Support\\Collection->each()
#6 /var/www/woodson/thehub/vendor/laravel/telescope/src/Telescope.php(664): Laravel\\Telescope\\Storage\\DatabaseEntriesRepository->store()
#7 [internal function]: Laravel\\Telescope\\Telescope::Laravel\\Telescope\\{closure}()
#8 /var/www/woodson/thehub/vendor/laravel/telescope/src/Telescope.php(289): call_user_func()
#9 /var/www/woodson/thehub/vendor/laravel/telescope/src/Telescope.php(656): Laravel\\Telescope\\Telescope::withoutRecording()
#10 /var/www/woodson/thehub/vendor/laravel/telescope/src/ListensForStorageOpportunities.php(65): Laravel\\Telescope\\Telescope::store()
#11 /var/www/woodson/thehub/vendor/laravel/framework/src/Illuminate/Container/BoundMethod.php(36): Laravel\\Telescope\\Telescope::Laravel\\Telescope\\{closure}()
#12 /var/www/woodson/thehub/vendor/laravel/framework/src/Illuminate/Container/Util.php(43): Illuminate\\Container\\BoundMethod::Illuminate\\Container\\{closure}()
#13 /var/www/woodson/thehub/vendor/laravel/framework/src/Illuminate/Container/BoundMethod.php(83): Illuminate\\Container\\Util::unwrapIfClosure()
#14 /var/www/woodson/thehub/vendor/laravel/framework/src/Illuminate/Container/BoundMethod.php(35): Illuminate\\Container\\BoundMethod::callBoundMethod()
#15 /var/www/woodson/thehub/vendor/laravel/framework/src/Illuminate/Container/Container.php(696): Illuminate\\Container\\BoundMethod::call()
#16 /var/www/woodson/thehub/vendor/laravel/framework/src/Illuminate/Foundation/Application.php(1452): Illuminate\\Container\\Container->call()
#17 /var/www/woodson/thehub/vendor/laravel/framework/src/Illuminate/Foundation/Http/Kernel.php(218): Illuminate\\Foundation\\Application->terminate()
#18 /var/www/woodson/thehub/public/laravel.php(40): Illuminate\\Foundation\\Http\\Kernel->terminate()
#19 {main}

[previous exception] [object] (PDOException(code: 42S02): SQLSTATE[42S02]: Base table or view not found: 1146 Table 'woodson_hub.telescope_entries' doesn't exist at /var/www/woodson/thehub/vendor/laravel/framework/src/Illuminate/Database/MySqlConnection.php:47)
[stacktrace]
#0 /var/www/woodson/thehub/vendor/laravel/framework/src/Illuminate/Database/MySqlConnection.php(47): PDO->prepare()
#1 /var/www/woodson/thehub/vendor/laravel/framework/src/Illuminate/Database/Connection.php(812): Illuminate\\Database\\MySqlConnection->Illuminate\\Database\\{closure}()
#2 /var/www/woodson/thehub/vendor/laravel/framework/src/Illuminate/Database/Connection.php(779): Illuminate\\Database\\Connection->runQueryCallback()
#3 /var/www/woodson/thehub/vendor/laravel/framework/src/Illuminate/Database/MySqlConnection.php(42): Illuminate\\Database\\Connection->run()
#4 /var/www/woodson/thehub/vendor/laravel/framework/src/Illuminate/Database/Query/Builder.php(3717): Illuminate\\Database\\MySqlConnection->insert()
#5 /var/www/woodson/thehub/vendor/laravel/telescope/src/Storage/DatabaseEntriesRepository.php(145): Illuminate\\Database\\Query\\Builder->insert()
#6 /var/www/woodson/thehub/vendor/laravel/framework/src/Illuminate/Collections/Traits/EnumeratesValues.php(261): Laravel\\Telescope\\Storage\\DatabaseEntriesRepository->Laravel\\Telescope\\Storage\\{closure}()
#7 /var/www/woodson/thehub/vendor/laravel/telescope/src/Storage/DatabaseEntriesRepository.php(144): Illuminate\\Support\\Collection->each()
#8 /var/www/woodson/thehub/vendor/laravel/telescope/src/Telescope.php(664): Laravel\\Telescope\\Storage\\DatabaseEntriesRepository->store()
#9 [internal function]: Laravel\\Telescope\\Telescope::Laravel\\Telescope\\{closure}()
#10 /var/www/woodson/thehub/vendor/laravel/telescope/src/Telescope.php(289): call_user_func()
#11 /var/www/woodson/thehub/vendor/laravel/telescope/src/Telescope.php(656): Laravel\\Telescope\\Telescope::withoutRecording()
#12 /var/www/woodson/thehub/vendor/laravel/telescope/src/ListensForStorageOpportunities.php(65): Laravel\\Telescope\\Telescope::store()
#13 /var/www/woodson/thehub/vendor/laravel/framework/src/Illuminate/Container/BoundMethod.php(36): Laravel\\Telescope\\Telescope::Laravel\\Telescope\\{closure}()
#14 /var/www/woodson/thehub/vendor/laravel/framework/src/Illuminate/Container/Util.php(43): Illuminate\\Container\\BoundMethod::Illuminate\\Container\\{closure}()
#15 /var/www/woodson/thehub/vendor/laravel/framework/src/Illuminate/Container/BoundMethod.php(83): Illuminate\\Container\\Util::unwrapIfClosure()
#16 /var/www/woodson/thehub/vendor/laravel/framework/src/Illuminate/Container/BoundMethod.php(35): Illuminate\\Container\\BoundMethod::callBoundMethod()
#17 /var/www/woodson/thehub/vendor/laravel/framework/src/Illuminate/Container/Container.php(696): Illuminate\\Container\\BoundMethod::call()
#18 /var/www/woodson/thehub/vendor/laravel/framework/src/Illuminate/Foundation/Application.php(1452): Illuminate\\Container\\Container->call()
#19 /var/www/woodson/thehub/vendor/laravel/framework/src/Illuminate/Foundation/Http/Kernel.php(218): Illuminate\\Foundation\\Application->terminate()
#20 /var/www/woodson/thehub/public/laravel.php(40): Illuminate\\Foundation\\Http\\Kernel->terminate()
#21 {main}
"} 
[2026-02-12 11:23:44] production.ERROR: SQLSTATE[42S02]: Base table or view not found: 1146 Table 'woodson_hub.telescope_entries' doesn't exist (Connection: mysql, SQL: insert into `telescope_entries` (`batch_id`, `content`, `created_at`, `family_hash`, `type`, `uuid`) values (a1106003-a18f-4f26-9fbe-32e2fa618e2a, {"ip_address":"10.49.16.200","uri":"\/admin\/packages\/list?type=installed","method":"GET","controller_action":"App\\Http\\Controllers\\Admin\\PackageController@list","middleware":["web","auth:admin,super_admin"],"headers":{"host":"hub.woodsonisd.net","priority":"u=1, i","cookie":"THEHUB_SESSION=e7kj2r13j7e496lmuntlkkr905; PHPSESSID=015d7637d5036f36ccfdef68e4a1048e; XSRF-TOKEN=eyJpdiI6IllGQWFYWlZ6T2s3dTVCK0FmOVUwTHc9PSIsInZhbHVlIjoiclA5RlZ1MzlGMjFwaCtKNmhSUUQ4Qmc0aHdEZWdZbnpuLzZxSVNOVEF0TFFrWklrcGpkQmdSbEI2QXhFZC8wdU01WjN3WGtnNHhjaWp5cmFDM292eE9LWWlaRE9OWTRRTWFjRnNnMDBjNUl0bTJFWmxvYXYrWCsxOXlIRmlKSFMiLCJtYWMiOiI0YTQwYzc4ZGFhNDRmZTc4Y2U2ZTFiZTZlNGU5MjVkNTE4ZTYxM2YwMGNmNThhY2VmZWYxYTY2YTQxOWIxMjEzIiwidGFnIjoiIn0%3D; thehub-session=eyJpdiI6ImlTVEJtaEx3cWVQZDByRFk1MWI0eUE9PSIsInZhbHVlIjoickhqZnJnR09ONm5vN1BCSEwrUHZPQUZUR09FTy9wM1BZTHR3aGVxVEpjT0EwdmtOWG16Mnp5aXpKZUg4ejd3UjNFYW5IQVQ1Q1NhMEJJcXRnaVJxdW5URHdZeE5ldFM1ajBMR0FQRVBjUUduVlAxSE5wUGtudTNMZGkzTHhqVnAiLCJtYWMiOiJiMTlkNDdkM2I4MmIwMjJmYzQ3ZDY3ZTYyMDQ3MWNlZTUyZjdhMzExMmRkMTgwOTZjMzIwNjJlMDY4ZThmOThmIiwidGFnIjoiIn0%3D","accept-language":"en-US,en;q=0.9","accept-encoding":"gzip, deflate, br, zstd","referer":"https:\/\/hub.woodsonisd.net\/admin\/packages\/installed","sec-fetch-dest":"empty","sec-fetch-mode":"cors","sec-fetch-site":"same-origin","accept":"*\/*","sec-ch-ua-mobile":"?0","dnt":"1","sec-ch-ua":"\"Not(A:Brand\";v=\"8\", \"Chromium\";v=\"144\", \"Google Chrome\";v=\"144\"","user-agent":"Mozilla\/5.0 (Windows NT 10.0; Win64; x64) AppleWebKit\/537.36 (KHTML, like Gecko) Chrome\/144.0.0.0 Safari\/537.36","sec-ch-ua-platform":"\"Windows\""},"payload":{"type":"installed"},"session":{"_token":"rZ3uqqPHpZRECR1htqk3HVmLQzoQLKwT4aaHc1I0","_previous":{"url":"https:\/\/hub.woodsonisd.net\/admin\/packages\/list?type=installed"},"_flash":{"old":[],"new":[]}},"response_headers":{"cache-control":"no-cache, private","date":"Thu, 12 Feb 2026 17:23:43 GMT","content-type":"application\/json","set-cookie":"XSRF-TOKEN=eyJpdiI6Ik9jYS9WcHpTdWZYdTVmSk5nb25jdEE9PSIsInZhbHVlIjoiOE82Z2taanZXZzY5TkVDSDZIUm93T3A4M1ZMV2oxd05IL3Rja0puVWJZZXQ4S1FNVGg2a2tXTUlFb3FGWTZ0T05xVlg2Q3FZazZYNWljYzNPa1pHUjBSZlIxWk11T0R3Y0lUM2U4bFBuK3EvSXBrTUtVWjBCL1IvcVFLZ1Q3VnYiLCJtYWMiOiJjMDhmNjI4OTM1MTY3NDY0ODMwYjAzYWZlYzBlYzI3NWMwNDI1YzQxNTAyOGRhMTIyZjQ5YjRmNTNmMjVjMmZiIiwidGFnIjoiIn0%3D; expires=Fri, 17 Jan 2031 17:23:43 GMT; Max-Age=155520000; path=\/; secure; samesite=lax, thehub-session=eyJpdiI6IjJJRVZwR2hpRmUwejJGbzFZKzhEOXc9PSIsInZhbHVlIjoibU8zVnNJbGJmT1YxcUxXYXR1YWZieUdKT3ZCZTYvNzR0M3g5M1Vlc2R0cHlYd1UvK1d5Zmp5ditKOHFEUzAydWRtWldXOU91OGxnYTgxbmNCcFNpQ1JUK3RsVG1yWENvaEpBVmVXdUNsZE5MOXdUT1J6Rk1LUXl1cHpMakpCSHYiLCJtYWMiOiJmZDBkYmE0ZDE0MGFkMjllM2VkZGFkZjA4Mjc0YzVhZWI1Y2VhYjRkZGJlNTNlYTI5Yjk4NWFiMjE3ZDIzYjEwIiwidGFnIjoiIn0%3D; expires=Fri, 17 Jan 2031 17:23:43 GMT; Max-Age=155520000; path=\/; secure; httponly; samesite=lax"},"response_status":200,"response":{"success":true,"packages":[{"id":63,"section_id":2677,"package_id":"district.student-directory","package_record_id":117,"installed_version":"1.0.0","available_version":null,"auto_update":0,"status":"installed","installed_by":null,"installed_at":"2026-02-12 17:07:32","upgraded_at":null,"updated_at":"2026-02-12 17:07:32","slug":"student-directory","display_name":"Student Directory","icon":"bi-people-fill","is_active":1,"latest_available_version":"1.0.0"}]},"duration":172,"memory":2,"hostname":"welllogix"}, 2026-02-12 11:23:43, ?, request, a1106003-9eef-4ac8-8ebb-4ab909527ee2)) {"exception":"[object] (Illuminate\\Database\\QueryException(code: 42S02): SQLSTATE[42S02]: Base table or view not found: 1146 Table 'woodson_hub.telescope_entries' doesn't exist (Connection: mysql, SQL: insert into `telescope_entries` (`batch_id`, `content`, `created_at`, `family_hash`, `type`, `uuid`) values (a1106003-a18f-4f26-9fbe-32e2fa618e2a, {\"ip_address\":\"10.49.16.200\",\"uri\":\"\\/admin\\/packages\\/list?type=installed\",\"method\":\"GET\",\"controller_action\":\"App\\\\Http\\\\Controllers\\\\Admin\\\\PackageController@list\",\"middleware\":[\"web\",\"auth:admin,super_admin\"],\"headers\":{\"host\":\"hub.woodsonisd.net\",\"priority\":\"u=1, i\",\"cookie\":\"THEHUB_SESSION=e7kj2r13j7e496lmuntlkkr905; PHPSESSID=015d7637d5036f36ccfdef68e4a1048e; XSRF-TOKEN=eyJpdiI6IllGQWFYWlZ6T2s3dTVCK0FmOVUwTHc9PSIsInZhbHVlIjoiclA5RlZ1MzlGMjFwaCtKNmhSUUQ4Qmc0aHdEZWdZbnpuLzZxSVNOVEF0TFFrWklrcGpkQmdSbEI2QXhFZC8wdU01WjN3WGtnNHhjaWp5cmFDM292eE9LWWlaRE9OWTRRTWFjRnNnMDBjNUl0bTJFWmxvYXYrWCsxOXlIRmlKSFMiLCJtYWMiOiI0YTQwYzc4ZGFhNDRmZTc4Y2U2ZTFiZTZlNGU5MjVkNTE4ZTYxM2YwMGNmNThhY2VmZWYxYTY2YTQxOWIxMjEzIiwidGFnIjoiIn0%3D; thehub-session=eyJpdiI6ImlTVEJtaEx3cWVQZDByRFk1MWI0eUE9PSIsInZhbHVlIjoickhqZnJnR09ONm5vN1BCSEwrUHZPQUZUR09FTy9wM1BZTHR3aGVxVEpjT0EwdmtOWG16Mnp5aXpKZUg4ejd3UjNFYW5IQVQ1Q1NhMEJJcXRnaVJxdW5URHdZeE5ldFM1ajBMR0FQRVBjUUduVlAxSE5wUGtudTNMZGkzTHhqVnAiLCJtYWMiOiJiMTlkNDdkM2I4MmIwMjJmYzQ3ZDY3ZTYyMDQ3MWNlZTUyZjdhMzExMmRkMTgwOTZjMzIwNjJlMDY4ZThmOThmIiwidGFnIjoiIn0%3D\",\"accept-language\":\"en-US,en;q=0.9\",\"accept-encoding\":\"gzip, deflate, br, zstd\",\"referer\":\"https:\\/\\/hub.woodsonisd.net\\/admin\\/packages\\/installed\",\"sec-fetch-dest\":\"empty\",\"sec-fetch-mode\":\"cors\",\"sec-fetch-site\":\"same-origin\",\"accept\":\"*\\/*\",\"sec-ch-ua-mobile\":\"?0\",\"dnt\":\"1\",\"sec-ch-ua\":\"\\\"Not(A:Brand\\\";v=\\\"8\\\", \\\"Chromium\\\";v=\\\"144\\\", \\\"Google Chrome\\\";v=\\\"144\\\"\",\"user-agent\":\"Mozilla\\/5.0 (Windows NT 10.0; Win64; x64) AppleWebKit\\/537.36 (KHTML, like Gecko) Chrome\\/144.0.0.0 Safari\\/537.36\",\"sec-ch-ua-platform\":\"\\\"Windows\\\"\"},\"payload\":{\"type\":\"installed\"},\"session\":{\"_token\":\"rZ3uqqPHpZRECR1htqk3HVmLQzoQLKwT4aaHc1I0\",\"_previous\":{\"url\":\"https:\\/\\/hub.woodsonisd.net\\/admin\\/packages\\/list?type=installed\"},\"_flash\":{\"old\":[],\"new\":[]}},\"response_headers\":{\"cache-control\":\"no-cache, private\",\"date\":\"Thu, 12 Feb 2026 17:23:43 GMT\",\"content-type\":\"application\\/json\",\"set-cookie\":\"XSRF-TOKEN=eyJpdiI6Ik9jYS9WcHpTdWZYdTVmSk5nb25jdEE9PSIsInZhbHVlIjoiOE82Z2taanZXZzY5TkVDSDZIUm93T3A4M1ZMV2oxd05IL3Rja0puVWJZZXQ4S1FNVGg2a2tXTUlFb3FGWTZ0T05xVlg2Q3FZazZYNWljYzNPa1pHUjBSZlIxWk11T0R3Y0lUM2U4bFBuK3EvSXBrTUtVWjBCL1IvcVFLZ1Q3VnYiLCJtYWMiOiJjMDhmNjI4OTM1MTY3NDY0ODMwYjAzYWZlYzBlYzI3NWMwNDI1YzQxNTAyOGRhMTIyZjQ5YjRmNTNmMjVjMmZiIiwidGFnIjoiIn0%3D; expires=Fri, 17 Jan 2031 17:23:43 GMT; Max-Age=155520000; path=\\/; secure; samesite=lax, thehub-session=eyJpdiI6IjJJRVZwR2hpRmUwejJGbzFZKzhEOXc9PSIsInZhbHVlIjoibU8zVnNJbGJmT1YxcUxXYXR1YWZieUdKT3ZCZTYvNzR0M3g5M1Vlc2R0cHlYd1UvK1d5Zmp5ditKOHFEUzAydWRtWldXOU91OGxnYTgxbmNCcFNpQ1JUK3RsVG1yWENvaEpBVmVXdUNsZE5MOXdUT1J6Rk1LUXl1cHpMakpCSHYiLCJtYWMiOiJmZDBkYmE0ZDE0MGFkMjllM2VkZGFkZjA4Mjc0YzVhZWI1Y2VhYjRkZGJlNTNlYTI5Yjk4NWFiMjE3ZDIzYjEwIiwidGFnIjoiIn0%3D; expires=Fri, 17 Jan 2031 17:23:43 GMT; Max-Age=155520000; path=\\/; secure; httponly; samesite=lax\"},\"response_status\":200,\"response\":{\"success\":true,\"packages\":[{\"id\":63,\"section_id\":2677,\"package_id\":\"district.student-directory\",\"package_record_id\":117,\"installed_version\":\"1.0.0\",\"available_version\":null,\"auto_update\":0,\"status\":\"installed\",\"installed_by\":null,\"installed_at\":\"2026-02-12 17:07:32\",\"upgraded_at\":null,\"updated_at\":\"2026-02-12 17:07:32\",\"slug\":\"student-directory\",\"display_name\":\"Student Directory\",\"icon\":\"bi-people-fill\",\"is_active\":1,\"latest_available_version\":\"1.0.0\"}]},\"duration\":172,\"memory\":2,\"hostname\":\"welllogix\"}, 2026-02-12 11:23:43, ?, request, a1106003-9eef-4ac8-8ebb-4ab909527ee2)) at /var/www/woodson/thehub/vendor/laravel/framework/src/Illuminate/Database/Connection.php:825)
[stacktrace]
#0 /var/www/woodson/thehub/vendor/laravel/framework/src/Illuminate/Database/Connection.php(779): Illuminate\\Database\\Connection->runQueryCallback()
#1 /var/www/woodson/thehub/vendor/laravel/framework/src/Illuminate/Database/MySqlConnection.php(42): Illuminate\\Database\\Connection->run()
#2 /var/www/woodson/thehub/vendor/laravel/framework/src/Illuminate/Database/Query/Builder.php(3717): Illuminate\\Database\\MySqlConnection->insert()
#3 /var/www/woodson/thehub/vendor/laravel/telescope/src/Storage/DatabaseEntriesRepository.php(145): Illuminate\\Database\\Query\\Builder->insert()
#4 /var/www/woodson/thehub/vendor/laravel/framework/src/Illuminate/Collections/Traits/EnumeratesValues.php(261): Laravel\\Telescope\\Storage\\DatabaseEntriesRepository->Laravel\\Telescope\\Storage\\{closure}()
#5 /var/www/woodson/thehub/vendor/laravel/telescope/src/Storage/DatabaseEntriesRepository.php(144): Illuminate\\Support\\Collection->each()
#6 /var/www/woodson/thehub/vendor/laravel/telescope/src/Telescope.php(664): Laravel\\Telescope\\Storage\\DatabaseEntriesRepository->store()
#7 [internal function]: Laravel\\Telescope\\Telescope::Laravel\\Telescope\\{closure}()
#8 /var/www/woodson/thehub/vendor/laravel/telescope/src/Telescope.php(289): call_user_func()
#9 /var/www/woodson/thehub/vendor/laravel/telescope/src/Telescope.php(656): Laravel\\Telescope\\Telescope::withoutRecording()
#10 /var/www/woodson/thehub/vendor/laravel/telescope/src/ListensForStorageOpportunities.php(65): Laravel\\Telescope\\Telescope::store()
#11 /var/www/woodson/thehub/vendor/laravel/framework/src/Illuminate/Container/BoundMethod.php(36): Laravel\\Telescope\\Telescope::Laravel\\Telescope\\{closure}()
#12 /var/www/woodson/thehub/vendor/laravel/framework/src/Illuminate/Container/Util.php(43): Illuminate\\Container\\BoundMethod::Illuminate\\Container\\{closure}()
#13 /var/www/woodson/thehub/vendor/laravel/framework/src/Illuminate/Container/BoundMethod.php(83): Illuminate\\Container\\Util::unwrapIfClosure()
#14 /var/www/woodson/thehub/vendor/laravel/framework/src/Illuminate/Container/BoundMethod.php(35): Illuminate\\Container\\BoundMethod::callBoundMethod()
#15 /var/www/woodson/thehub/vendor/laravel/framework/src/Illuminate/Container/Container.php(696): Illuminate\\Container\\BoundMethod::call()
#16 /var/www/woodson/thehub/vendor/laravel/framework/src/Illuminate/Foundation/Application.php(1452): Illuminate\\Container\\Container->call()
#17 /var/www/woodson/thehub/vendor/laravel/framework/src/Illuminate/Foundation/Http/Kernel.php(218): Illuminate\\Foundation\\Application->terminate()
#18 /var/www/woodson/thehub/public/laravel.php(40): Illuminate\\Foundation\\Http\\Kernel->terminate()
#19 {main}

[previous exception] [object] (PDOException(code: 42S02): SQLSTATE[42S02]: Base table or view not found: 1146 Table 'woodson_hub.telescope_entries' doesn't exist at /var/www/woodson/thehub/vendor/laravel/framework/src/Illuminate/Database/MySqlConnection.php:47)
[stacktrace]
#0 /var/www/woodson/thehub/vendor/laravel/framework/src/Illuminate/Database/MySqlConnection.php(47): PDO->prepare()
#1 /var/www/woodson/thehub/vendor/laravel/framework/src/Illuminate/Database/Connection.php(812): Illuminate\\Database\\MySqlConnection->Illuminate\\Database\\{closure}()
#2 /var/www/woodson/thehub/vendor/laravel/framework/src/Illuminate/Database/Connection.php(779): Illuminate\\Database\\Connection->runQueryCallback()
#3 /var/www/woodson/thehub/vendor/laravel/framework/src/Illuminate/Database/MySqlConnection.php(42): Illuminate\\Database\\Connection->run()
#4 /var/www/woodson/thehub/vendor/laravel/framework/src/Illuminate/Database/Query/Builder.php(3717): Illuminate\\Database\\MySqlConnection->insert()
#5 /var/www/woodson/thehub/vendor/laravel/telescope/src/Storage/DatabaseEntriesRepository.php(145): Illuminate\\Database\\Query\\Builder->insert()
#6 /var/www/woodson/thehub/vendor/laravel/framework/src/Illuminate/Collections/Traits/EnumeratesValues.php(261): Laravel\\Telescope\\Storage\\DatabaseEntriesRepository->Laravel\\Telescope\\Storage\\{closure}()
#7 /var/www/woodson/thehub/vendor/laravel/telescope/src/Storage/DatabaseEntriesRepository.php(144): Illuminate\\Support\\Collection->each()
#8 /var/www/woodson/thehub/vendor/laravel/telescope/src/Telescope.php(664): Laravel\\Telescope\\Storage\\DatabaseEntriesRepository->store()
#9 [internal function]: Laravel\\Telescope\\Telescope::Laravel\\Telescope\\{closure}()
#10 /var/www/woodson/thehub/vendor/laravel/telescope/src/Telescope.php(289): call_user_func()
#11 /var/www/woodson/thehub/vendor/laravel/telescope/src/Telescope.php(656): Laravel\\Telescope\\Telescope::withoutRecording()
#12 /var/www/woodson/thehub/vendor/laravel/telescope/src/ListensForStorageOpportunities.php(65): Laravel\\Telescope\\Telescope::store()
#13 /var/www/woodson/thehub/vendor/laravel/framework/src/Illuminate/Container/BoundMethod.php(36): Laravel\\Telescope\\Telescope::Laravel\\Telescope\\{closure}()
#14 /var/www/woodson/thehub/vendor/laravel/framework/src/Illuminate/Container/Util.php(43): Illuminate\\Container\\BoundMethod::Illuminate\\Container\\{closure}()
#15 /var/www/woodson/thehub/vendor/laravel/framework/src/Illuminate/Container/BoundMethod.php(83): Illuminate\\Container\\Util::unwrapIfClosure()
#16 /var/www/woodson/thehub/vendor/laravel/framework/src/Illuminate/Container/BoundMethod.php(35): Illuminate\\Container\\BoundMethod::callBoundMethod()
#17 /var/www/woodson/thehub/vendor/laravel/framework/src/Illuminate/Container/Container.php(696): Illuminate\\Container\\BoundMethod::call()
#18 /var/www/woodson/thehub/vendor/laravel/framework/src/Illuminate/Foundation/Application.php(1452): Illuminate\\Container\\Container->call()
#19 /var/www/woodson/thehub/vendor/laravel/framework/src/Illuminate/Foundation/Http/Kernel.php(218): Illuminate\\Foundation\\Application->terminate()
#20 /var/www/woodson/thehub/public/laravel.php(40): Illuminate\\Foundation\\Http\\Kernel->terminate()
#21 {main}
"} 
[2026-02-12 11:23:44] production.ERROR: SQLSTATE[42S02]: Base table or view not found: 1146 Table 'woodson_hub.telescope_entries' doesn't exist (Connection: mysql, SQL: insert into `telescope_entries` (`batch_id`, `content`, `created_at`, `family_hash`, `type`, `uuid`) values (a1106003-ec41-4983-bed7-075190da7bbf, {"ip_address":"10.49.16.200","uri":"\/admin\/packages\/list?type=installed","method":"GET","controller_action":"App\\Http\\Controllers\\Admin\\PackageController@list","middleware":["web","auth:admin,super_admin"],"headers":{"host":"hub.woodsonisd.net","priority":"u=1, i","cookie":"THEHUB_SESSION=e7kj2r13j7e496lmuntlkkr905; PHPSESSID=015d7637d5036f36ccfdef68e4a1048e; XSRF-TOKEN=eyJpdiI6IllGQWFYWlZ6T2s3dTVCK0FmOVUwTHc9PSIsInZhbHVlIjoiclA5RlZ1MzlGMjFwaCtKNmhSUUQ4Qmc0aHdEZWdZbnpuLzZxSVNOVEF0TFFrWklrcGpkQmdSbEI2QXhFZC8wdU01WjN3WGtnNHhjaWp5cmFDM292eE9LWWlaRE9OWTRRTWFjRnNnMDBjNUl0bTJFWmxvYXYrWCsxOXlIRmlKSFMiLCJtYWMiOiI0YTQwYzc4ZGFhNDRmZTc4Y2U2ZTFiZTZlNGU5MjVkNTE4ZTYxM2YwMGNmNThhY2VmZWYxYTY2YTQxOWIxMjEzIiwidGFnIjoiIn0%3D; thehub-session=eyJpdiI6ImlTVEJtaEx3cWVQZDByRFk1MWI0eUE9PSIsInZhbHVlIjoickhqZnJnR09ONm5vN1BCSEwrUHZPQUZUR09FTy9wM1BZTHR3aGVxVEpjT0EwdmtOWG16Mnp5aXpKZUg4ejd3UjNFYW5IQVQ1Q1NhMEJJcXRnaVJxdW5URHdZeE5ldFM1ajBMR0FQRVBjUUduVlAxSE5wUGtudTNMZGkzTHhqVnAiLCJtYWMiOiJiMTlkNDdkM2I4MmIwMjJmYzQ3ZDY3ZTYyMDQ3MWNlZTUyZjdhMzExMmRkMTgwOTZjMzIwNjJlMDY4ZThmOThmIiwidGFnIjoiIn0%3D","accept-language":"en-US,en;q=0.9","accept-encoding":"gzip, deflate, br, zstd","referer":"https:\/\/hub.woodsonisd.net\/admin\/packages\/installed","sec-fetch-dest":"empty","sec-fetch-mode":"cors","sec-fetch-site":"same-origin","accept":"*\/*","sec-ch-ua-mobile":"?0","dnt":"1","sec-ch-ua":"\"Not(A:Brand\";v=\"8\", \"Chromium\";v=\"144\", \"Google Chrome\";v=\"144\"","user-agent":"Mozilla\/5.0 (Windows NT 10.0; Win64; x64) AppleWebKit\/537.36 (KHTML, like Gecko) Chrome\/144.0.0.0 Safari\/537.36","sec-ch-ua-platform":"\"Windows\""},"payload":{"type":"installed"},"session":{"_token":"rZ3uqqPHpZRECR1htqk3HVmLQzoQLKwT4aaHc1I0","_previous":{"url":"https:\/\/hub.woodsonisd.net\/admin\/packages\/list?type=installed"},"_flash":{"old":[],"new":[]}},"response_headers":{"cache-control":"no-cache, private","date":"Thu, 12 Feb 2026 17:23:44 GMT","content-type":"application\/json","set-cookie":"XSRF-TOKEN=eyJpdiI6IlI0SzJxOGlvNVR3NDQ2OGRWTkFYUGc9PSIsInZhbHVlIjoiMG5qVmVNL214SmlTQVZpd0RwbmhHamJETWd1ZG5oM2YwRHo0WWdKaXJkYTRldUwrV1dKMGFzdzZ4OTl1aldZZS81SkIvNTBpcFlObVg2a3Q2Q05YYjV3MlBDRGlsTnhyU0pETk9ldkpuRWd1TFdQTWZNYU11M3dQblJTVm94YjkiLCJtYWMiOiIxODQ3Mjk5OTNlOTM2OTk1ZWI3NmE4ZTU0YWVjNmJjODgyODFkNGQ2NGRhOTM5ZTViMjQyZDk4MmFjZDQyOGI1IiwidGFnIjoiIn0%3D; expires=Fri, 17 Jan 2031 17:23:44 GMT; Max-Age=155520000; path=\/; secure; samesite=lax, thehub-session=eyJpdiI6Ikh2cmgyUFJsV2JML2ZxM2ZqRUJDU2c9PSIsInZhbHVlIjoiZ1lXK3NtbjErNXppVEVBVDFtMjdtenU4RldUb3ovcUtGSHM3VWV0d240aE84N21tSWdTUWphM2pkOGg4cVJmR3ZQWFh0U0hNUXFSZ2ZITmhXRzE0T0p2ZVozNE81Q3JlRmRyNG9KaXVxNnhrdEtmQlN2c3BVY1kyaGJjZkdlTjciLCJtYWMiOiIxOWQ1NWUxMmIwYmY2NDZiOGYzMDIzODczMTY1NjY3MmY1NmMyOGViZDE4ODI0Y2UxNTA1ZWQ0MWYxODAwYjFjIiwidGFnIjoiIn0%3D; expires=Fri, 17 Jan 2031 17:23:44 GMT; Max-Age=155520000; path=\/; secure; httponly; samesite=lax"},"response_status":200,"response":{"success":true,"packages":[{"id":63,"section_id":2677,"package_id":"district.student-directory","package_record_id":117,"installed_version":"1.0.0","available_version":null,"auto_update":0,"status":"installed","installed_by":null,"installed_at":"2026-02-12 17:07:32","upgraded_at":null,"updated_at":"2026-02-12 17:07:32","slug":"student-directory","display_name":"Student Directory","icon":"bi-people-fill","is_active":1,"latest_available_version":"1.0.0"}]},"duration":185,"memory":2,"hostname":"welllogix"}, 2026-02-12 11:23:44, ?, request, a1106003-ea94-407b-b63d-0ae412d52e81)) {"exception":"[object] (Illuminate\\Database\\QueryException(code: 42S02): SQLSTATE[42S02]: Base table or view not found: 1146 Table 'woodson_hub.telescope_entries' doesn't exist (Connection: mysql, SQL: insert into `telescope_entries` (`batch_id`, `content`, `created_at`, `family_hash`, `type`, `uuid`) values (a1106003-ec41-4983-bed7-075190da7bbf, {\"ip_address\":\"10.49.16.200\",\"uri\":\"\\/admin\\/packages\\/list?type=installed\",\"method\":\"GET\",\"controller_action\":\"App\\\\Http\\\\Controllers\\\\Admin\\\\PackageController@list\",\"middleware\":[\"web\",\"auth:admin,super_admin\"],\"headers\":{\"host\":\"hub.woodsonisd.net\",\"priority\":\"u=1, i\",\"cookie\":\"THEHUB_SESSION=e7kj2r13j7e496lmuntlkkr905; PHPSESSID=015d7637d5036f36ccfdef68e4a1048e; XSRF-TOKEN=eyJpdiI6IllGQWFYWlZ6T2s3dTVCK0FmOVUwTHc9PSIsInZhbHVlIjoiclA5RlZ1MzlGMjFwaCtKNmhSUUQ4Qmc0aHdEZWdZbnpuLzZxSVNOVEF0TFFrWklrcGpkQmdSbEI2QXhFZC8wdU01WjN3WGtnNHhjaWp5cmFDM292eE9LWWlaRE9OWTRRTWFjRnNnMDBjNUl0bTJFWmxvYXYrWCsxOXlIRmlKSFMiLCJtYWMiOiI0YTQwYzc4ZGFhNDRmZTc4Y2U2ZTFiZTZlNGU5MjVkNTE4ZTYxM2YwMGNmNThhY2VmZWYxYTY2YTQxOWIxMjEzIiwidGFnIjoiIn0%3D; thehub-session=eyJpdiI6ImlTVEJtaEx3cWVQZDByRFk1MWI0eUE9PSIsInZhbHVlIjoickhqZnJnR09ONm5vN1BCSEwrUHZPQUZUR09FTy9wM1BZTHR3aGVxVEpjT0EwdmtOWG16Mnp5aXpKZUg4ejd3UjNFYW5IQVQ1Q1NhMEJJcXRnaVJxdW5URHdZeE5ldFM1ajBMR0FQRVBjUUduVlAxSE5wUGtudTNMZGkzTHhqVnAiLCJtYWMiOiJiMTlkNDdkM2I4MmIwMjJmYzQ3ZDY3ZTYyMDQ3MWNlZTUyZjdhMzExMmRkMTgwOTZjMzIwNjJlMDY4ZThmOThmIiwidGFnIjoiIn0%3D\",\"accept-language\":\"en-US,en;q=0.9\",\"accept-encoding\":\"gzip, deflate, br, zstd\",\"referer\":\"https:\\/\\/hub.woodsonisd.net\\/admin\\/packages\\/installed\",\"sec-fetch-dest\":\"empty\",\"sec-fetch-mode\":\"cors\",\"sec-fetch-site\":\"same-origin\",\"accept\":\"*\\/*\",\"sec-ch-ua-mobile\":\"?0\",\"dnt\":\"1\",\"sec-ch-ua\":\"\\\"Not(A:Brand\\\";v=\\\"8\\\", \\\"Chromium\\\";v=\\\"144\\\", \\\"Google Chrome\\\";v=\\\"144\\\"\",\"user-agent\":\"Mozilla\\/5.0 (Windows NT 10.0; Win64; x64) AppleWebKit\\/537.36 (KHTML, like Gecko) Chrome\\/144.0.0.0 Safari\\/537.36\",\"sec-ch-ua-platform\":\"\\\"Windows\\\"\"},\"payload\":{\"type\":\"installed\"},\"session\":{\"_token\":\"rZ3uqqPHpZRECR1htqk3HVmLQzoQLKwT4aaHc1I0\",\"_previous\":{\"url\":\"https:\\/\\/hub.woodsonisd.net\\/admin\\/packages\\/list?type=installed\"},\"_flash\":{\"old\":[],\"new\":[]}},\"response_headers\":{\"cache-control\":\"no-cache, private\",\"date\":\"Thu, 12 Feb 2026 17:23:44 GMT\",\"content-type\":\"application\\/json\",\"set-cookie\":\"XSRF-TOKEN=eyJpdiI6IlI0SzJxOGlvNVR3NDQ2OGRWTkFYUGc9PSIsInZhbHVlIjoiMG5qVmVNL214SmlTQVZpd0RwbmhHamJETWd1ZG5oM2YwRHo0WWdKaXJkYTRldUwrV1dKMGFzdzZ4OTl1aldZZS81SkIvNTBpcFlObVg2a3Q2Q05YYjV3MlBDRGlsTnhyU0pETk9ldkpuRWd1TFdQTWZNYU11M3dQblJTVm94YjkiLCJtYWMiOiIxODQ3Mjk5OTNlOTM2OTk1ZWI3NmE4ZTU0YWVjNmJjODgyODFkNGQ2NGRhOTM5ZTViMjQyZDk4MmFjZDQyOGI1IiwidGFnIjoiIn0%3D; expires=Fri, 17 Jan 2031 17:23:44 GMT; Max-Age=155520000; path=\\/; secure; samesite=lax, thehub-session=eyJpdiI6Ikh2cmgyUFJsV2JML2ZxM2ZqRUJDU2c9PSIsInZhbHVlIjoiZ1lXK3NtbjErNXppVEVBVDFtMjdtenU4RldUb3ovcUtGSHM3VWV0d240aE84N21tSWdTUWphM2pkOGg4cVJmR3ZQWFh0U0hNUXFSZ2ZITmhXRzE0T0p2ZVozNE81Q3JlRmRyNG9KaXVxNnhrdEtmQlN2c3BVY1kyaGJjZkdlTjciLCJtYWMiOiIxOWQ1NWUxMmIwYmY2NDZiOGYzMDIzODczMTY1NjY3MmY1NmMyOGViZDE4ODI0Y2UxNTA1ZWQ0MWYxODAwYjFjIiwidGFnIjoiIn0%3D; expires=Fri, 17 Jan 2031 17:23:44 GMT; Max-Age=155520000; path=\\/; secure; httponly; samesite=lax\"},\"response_status\":200,\"response\":{\"success\":true,\"packages\":[{\"id\":63,\"section_id\":2677,\"package_id\":\"district.student-directory\",\"package_record_id\":117,\"installed_version\":\"1.0.0\",\"available_version\":null,\"auto_update\":0,\"status\":\"installed\",\"installed_by\":null,\"installed_at\":\"2026-02-12 17:07:32\",\"upgraded_at\":null,\"updated_at\":\"2026-02-12 17:07:32\",\"slug\":\"student-directory\",\"display_name\":\"Student Directory\",\"icon\":\"bi-people-fill\",\"is_active\":1,\"latest_available_version\":\"1.0.0\"}]},\"duration\":185,\"memory\":2,\"hostname\":\"welllogix\"}, 2026-02-12 11:23:44, ?, request, a1106003-ea94-407b-b63d-0ae412d52e81)) at /var/www/woodson/thehub/vendor/laravel/framework/src/Illuminate/Database/Connection.php:825)
[stacktrace]
#0 /var/www/woodson/thehub/vendor/laravel/framework/src/Illuminate/Database/Connection.php(779): Illuminate\\Database\\Connection->runQueryCallback()
#1 /var/www/woodson/thehub/vendor/laravel/framework/src/Illuminate/Database/MySqlConnection.php(42): Illuminate\\Database\\Connection->run()
#2 /var/www/woodson/thehub/vendor/laravel/framework/src/Illuminate/Database/Query/Builder.php(3717): Illuminate\\Database\\MySqlConnection->insert()
#3 /var/www/woodson/thehub/vendor/laravel/telescope/src/Storage/DatabaseEntriesRepository.php(145): Illuminate\\Database\\Query\\Builder->insert()
#4 /var/www/woodson/thehub/vendor/laravel/framework/src/Illuminate/Collections/Traits/EnumeratesValues.php(261): Laravel\\Telescope\\Storage\\DatabaseEntriesRepository->Laravel\\Telescope\\Storage\\{closure}()
#5 /var/www/woodson/thehub/vendor/laravel/telescope/src/Storage/DatabaseEntriesRepository.php(144): Illuminate\\Support\\Collection->each()
#6 /var/www/woodson/thehub/vendor/laravel/telescope/src/Telescope.php(664): Laravel\\Telescope\\Storage\\DatabaseEntriesRepository->store()
#7 [internal function]: Laravel\\Telescope\\Telescope::Laravel\\Telescope\\{closure}()
#8 /var/www/woodson/thehub/vendor/laravel/telescope/src/Telescope.php(289): call_user_func()
#9 /var/www/woodson/thehub/vendor/laravel/telescope/src/Telescope.php(656): Laravel\\Telescope\\Telescope::withoutRecording()
#10 /var/www/woodson/thehub/vendor/laravel/telescope/src/ListensForStorageOpportunities.php(65): Laravel\\Telescope\\Telescope::store()
#11 /var/www/woodson/thehub/vendor/laravel/framework/src/Illuminate/Container/BoundMethod.php(36): Laravel\\Telescope\\Telescope::Laravel\\Telescope\\{closure}()
#12 /var/www/woodson/thehub/vendor/laravel/framework/src/Illuminate/Container/Util.php(43): Illuminate\\Container\\BoundMethod::Illuminate\\Container\\{closure}()
#13 /var/www/woodson/thehub/vendor/laravel/framework/src/Illuminate/Container/BoundMethod.php(83): Illuminate\\Container\\Util::unwrapIfClosure()
#14 /var/www/woodson/thehub/vendor/laravel/framework/src/Illuminate/Container/BoundMethod.php(35): Illuminate\\Container\\BoundMethod::callBoundMethod()
#15 /var/www/woodson/thehub/vendor/laravel/framework/src/Illuminate/Container/Container.php(696): Illuminate\\Container\\BoundMethod::call()
#16 /var/www/woodson/thehub/vendor/laravel/framework/src/Illuminate/Foundation/Application.php(1452): Illuminate\\Container\\Container->call()
#17 /var/www/woodson/thehub/vendor/laravel/framework/src/Illuminate/Foundation/Http/Kernel.php(218): Illuminate\\Foundation\\Application->terminate()
#18 /var/www/woodson/thehub/public/laravel.php(40): Illuminate\\Foundation\\Http\\Kernel->terminate()
#19 {main}

[previous exception] [object] (PDOException(code: 42S02): SQLSTATE[42S02]: Base table or view not found: 1146 Table 'woodson_hub.telescope_entries' doesn't exist at /var/www/woodson/thehub/vendor/laravel/framework/src/Illuminate/Database/MySqlConnection.php:47)
[stacktrace]
#0 /var/www/woodson/thehub/vendor/laravel/framework/src/Illuminate/Database/MySqlConnection.php(47): PDO->prepare()
#1 /var/www/woodson/thehub/vendor/laravel/framework/src/Illuminate/Database/Connection.php(812): Illuminate\\Database\\MySqlConnection->Illuminate\\Database\\{closure}()
#2 /var/www/woodson/thehub/vendor/laravel/framework/src/Illuminate/Database/Connection.php(779): Illuminate\\Database\\Connection->runQueryCallback()
#3 /var/www/woodson/thehub/vendor/laravel/framework/src/Illuminate/Database/MySqlConnection.php(42): Illuminate\\Database\\Connection->run()
#4 /var/www/woodson/thehub/vendor/laravel/framework/src/Illuminate/Database/Query/Builder.php(3717): Illuminate\\Database\\MySqlConnection->insert()
#5 /var/www/woodson/thehub/vendor/laravel/telescope/src/Storage/DatabaseEntriesRepository.php(145): Illuminate\\Database\\Query\\Builder->insert()
#6 /var/www/woodson/thehub/vendor/laravel/framework/src/Illuminate/Collections/Traits/EnumeratesValues.php(261): Laravel\\Telescope\\Storage\\DatabaseEntriesRepository->Laravel\\Telescope\\Storage\\{closure}()
#7 /var/www/woodson/thehub/vendor/laravel/telescope/src/Storage/DatabaseEntriesRepository.php(144): Illuminate\\Support\\Collection->each()
#8 /var/www/woodson/thehub/vendor/laravel/telescope/src/Telescope.php(664): Laravel\\Telescope\\Storage\\DatabaseEntriesRepository->store()
#9 [internal function]: Laravel\\Telescope\\Telescope::Laravel\\Telescope\\{closure}()
#10 /var/www/woodson/thehub/vendor/laravel/telescope/src/Telescope.php(289): call_user_func()
#11 /var/www/woodson/thehub/vendor/laravel/telescope/src/Telescope.php(656): Laravel\\Telescope\\Telescope::withoutRecording()
#12 /var/www/woodson/thehub/vendor/laravel/telescope/src/ListensForStorageOpportunities.php(65): Laravel\\Telescope\\Telescope::store()
#13 /var/www/woodson/thehub/vendor/laravel/framework/src/Illuminate/Container/BoundMethod.php(36): Laravel\\Telescope\\Telescope::Laravel\\Telescope\\{closure}()
#14 /var/www/woodson/thehub/vendor/laravel/framework/src/Illuminate/Container/Util.php(43): Illuminate\\Container\\BoundMethod::Illuminate\\Container\\{closure}()
#15 /var/www/woodson/thehub/vendor/laravel/framework/src/Illuminate/Container/BoundMethod.php(83): Illuminate\\Container\\Util::unwrapIfClosure()
#16 /var/www/woodson/thehub/vendor/laravel/framework/src/Illuminate/Container/BoundMethod.php(35): Illuminate\\Container\\BoundMethod::callBoundMethod()
#17 /var/www/woodson/thehub/vendor/laravel/framework/src/Illuminate/Container/Container.php(696): Illuminate\\Container\\BoundMethod::call()
#18 /var/www/woodson/thehub/vendor/laravel/framework/src/Illuminate/Foundation/Application.php(1452): Illuminate\\Container\\Container->call()
#19 /var/www/woodson/thehub/vendor/laravel/framework/src/Illuminate/Foundation/Http/Kernel.php(218): Illuminate\\Foundation\\Application->terminate()
#20 /var/www/woodson/thehub/public/laravel.php(40): Illuminate\\Foundation\\Http\\Kernel->terminate()
#21 {main}
"} 
[2026-02-12 11:23:46] production.ERROR: SQLSTATE[42S02]: Base table or view not found: 1146 Table 'woodson_hub.telescope_entries' doesn't exist (Connection: mysql, SQL: insert into `telescope_entries` (`batch_id`, `content`, `created_at`, `family_hash`, `type`, `uuid`) values (a1106007-150f-4ff7-a46b-56450c4a22c1, {"name":"admin.packages","path":"\/resources\/views\/admin\/packages.blade.php","data":["isSuperAdmin","view"],"hostname":"welllogix"}, 2026-02-12 11:23:46, ?, view, a1106007-09e5-4c83-a28f-cfd52001eea8), (a1106007-150f-4ff7-a46b-56450c4a22c1, {"name":"layouts.admin","path":"\/resources\/views\/layouts\/admin.blade.php","data":["isSuperAdmin","view"],"hostname":"welllogix"}, 2026-02-12 11:23:46, ?, view, a1106007-0c10-45cb-b876-ae5f61414b6c), (a1106007-150f-4ff7-a46b-56450c4a22c1, {"name":"layouts.enterprise","path":"\/resources\/views\/layouts\/enterprise.blade.php","data":["isSuperAdmin","view","context","navItems","activeItem","sidebarTitle","sidebarIcon","logoUrl","breadcrumbs"],"hostname":"welllogix"}, 2026-02-12 11:23:46, ?, view, a1106007-0ed6-4e4d-8b37-b49050d40664), (a1106007-150f-4ff7-a46b-56450c4a22c1, {"ip_address":"10.49.16.200","uri":"\/admin\/packages\/available","method":"GET","controller_action":"App\\Http\\Controllers\\Admin\\PackageController@available","middleware":["web","auth:admin,super_admin"],"headers":{"host":"hub.woodsonisd.net","priority":"u=0, i","cookie":"THEHUB_SESSION=e7kj2r13j7e496lmuntlkkr905; PHPSESSID=015d7637d5036f36ccfdef68e4a1048e; XSRF-TOKEN=eyJpdiI6IlI0SzJxOGlvNVR3NDQ2OGRWTkFYUGc9PSIsInZhbHVlIjoiMG5qVmVNL214SmlTQVZpd0RwbmhHamJETWd1ZG5oM2YwRHo0WWdKaXJkYTRldUwrV1dKMGFzdzZ4OTl1aldZZS81SkIvNTBpcFlObVg2a3Q2Q05YYjV3MlBDRGlsTnhyU0pETk9ldkpuRWd1TFdQTWZNYU11M3dQblJTVm94YjkiLCJtYWMiOiIxODQ3Mjk5OTNlOTM2OTk1ZWI3NmE4ZTU0YWVjNmJjODgyODFkNGQ2NGRhOTM5ZTViMjQyZDk4MmFjZDQyOGI1IiwidGFnIjoiIn0%3D; thehub-session=eyJpdiI6Ikh2cmgyUFJsV2JML2ZxM2ZqRUJDU2c9PSIsInZhbHVlIjoiZ1lXK3NtbjErNXppVEVBVDFtMjdtenU4RldUb3ovcUtGSHM3VWV0d240aE84N21tSWdTUWphM2pkOGg4cVJmR3ZQWFh0U0hNUXFSZ2ZITmhXRzE0T0p2ZVozNE81Q3JlRmRyNG9KaXVxNnhrdEtmQlN2c3BVY1kyaGJjZkdlTjciLCJtYWMiOiIxOWQ1NWUxMmIwYmY2NDZiOGYzMDIzODczMTY1NjY3MmY1NmMyOGViZDE4ODI0Y2UxNTA1ZWQ0MWYxODAwYjFjIiwidGFnIjoiIn0%3D","accept-language":"en-US,en;q=0.9","accept-encoding":"gzip, deflate, br, zstd","referer":"https:\/\/hub.woodsonisd.net\/admin\/packages\/installed","sec-fetch-dest":"document","sec-fetch-user":"?1","sec-fetch-mode":"navigate","sec-fetch-site":"same-origin","accept":"text\/html,application\/xhtml+xml,application\/xml;q=0.9,image\/avif,image\/webp,image\/apng,*\/*;q=0.8,application\/signed-exchange;v=b3;q=0.7","user-agent":"Mozilla\/5.0 (Windows NT 10.0; Win64; x64) AppleWebKit\/537.36 (KHTML, like Gecko) Chrome\/144.0.0.0 Safari\/537.36","upgrade-insecure-requests":"1","dnt":"1","sec-ch-ua-platform":"\"Windows\"","sec-ch-ua-mobile":"?0","sec-ch-ua":"\"Not(A:Brand\";v=\"8\", \"Chromium\";v=\"144\", \"Google Chrome\";v=\"144\""},"payload":[],"session":{"_token":"rZ3uqqPHpZRECR1htqk3HVmLQzoQLKwT4aaHc1I0","_previous":{"url":"https:\/\/hub.woodsonisd.net\/admin\/packages\/available"},"_flash":{"old":[],"new":[]}},"response_headers":{"content-type":"text\/html; charset=UTF-8","cache-control":"no-cache, private","date":"Thu, 12 Feb 2026 17:23:46 GMT","set-cookie":"XSRF-TOKEN=eyJpdiI6ImVXcEJQaUdhcGZ1d3NXeEc3WGxrY0E9PSIsInZhbHVlIjoiWUFTMlpFaFZDUDlqUE5JaUozNkQvZUxHSGhWb2VQNVE2WXczTFVML1p3bURsc0w2YjVNZzQ4SWxBYU1EaE12czlGMlhTdHdRQSs2UG1RTVFRMlNMSlRHVjB4aWFHREQ4MWdxbURDWUJLaGQwcTB5MDNLOEpCNy9oK2krTWNWNU8iLCJtYWMiOiJhNjU4YjdjMjZjODZjMjg2ZmY5MzIxOWIwNDc4MzM1ZDBkMGNiZTAzMDJlZjJlNzM5MmNlN2QwYjNkYjg5MzVlIiwidGFnIjoiIn0%3D; expires=Fri, 17 Jan 2031 17:23:46 GMT; Max-Age=155520000; path=\/; secure; samesite=lax, thehub-session=eyJpdiI6ImZqWnZKUlZnWmsvN0xBeDZneUI2ZkE9PSIsInZhbHVlIjoicEJoaDd1S2V5WVhtSVByL1VNQkU2YVV4L2xqeE5rMytkUmJqTzcydFlBaWpDd1plMy95QjdncU1CZE1zZkJQbnY4RjBlckZMUmNGanJFWnlxZmd2OSsxd1owYkw5bFBGTStQdW5HY3pqMGJWTDEvbXJDZ2ZHdlN4OXpnZ3R0MTYiLCJtYWMiOiI3ZjA4YzliZGM1OWRhYzdlYjMwOWQxZTI1ZmJiZDNlYWQxYWIxOWJmYjgwMzE1Mzg0ZjEwYjQ2YTU1YTBjZDdhIiwidGFnIjoiIn0%3D; expires=Fri, 17 Jan 2031 17:23:46 GMT; Max-Age=155520000; path=\/; secure; httponly; samesite=lax"},"response_status":200,"response":{"view":"\/var\/www\/woodson\/thehub\/resources\/views\/admin\/packages.blade.php","data":{"isSuperAdmin":true,"view":"available"}},"duration":206,"memory":4,"hostname":"welllogix"}, 2026-02-12 11:23:46, ?, request, a1106007-11bb-4abe-bd16-36b41ae81599)) {"exception":"[object] (Illuminate\\Database\\QueryException(code: 42S02): SQLSTATE[42S02]: Base table or view not found: 1146 Table 'woodson_hub.telescope_entries' doesn't exist (Connection: mysql, SQL: insert into `telescope_entries` (`batch_id`, `content`, `created_at`, `family_hash`, `type`, `uuid`) values (a1106007-150f-4ff7-a46b-56450c4a22c1, {\"name\":\"admin.packages\",\"path\":\"\\/resources\\/views\\/admin\\/packages.blade.php\",\"data\":[\"isSuperAdmin\",\"view\"],\"hostname\":\"welllogix\"}, 2026-02-12 11:23:46, ?, view, a1106007-09e5-4c83-a28f-cfd52001eea8), (a1106007-150f-4ff7-a46b-56450c4a22c1, {\"name\":\"layouts.admin\",\"path\":\"\\/resources\\/views\\/layouts\\/admin.blade.php\",\"data\":[\"isSuperAdmin\",\"view\"],\"hostname\":\"welllogix\"}, 2026-02-12 11:23:46, ?, view, a1106007-0c10-45cb-b876-ae5f61414b6c), (a1106007-150f-4ff7-a46b-56450c4a22c1, {\"name\":\"layouts.enterprise\",\"path\":\"\\/resources\\/views\\/layouts\\/enterprise.blade.php\",\"data\":[\"isSuperAdmin\",\"view\",\"context\",\"navItems\",\"activeItem\",\"sidebarTitle\",\"sidebarIcon\",\"logoUrl\",\"breadcrumbs\"],\"hostname\":\"welllogix\"}, 2026-02-12 11:23:46, ?, view, a1106007-0ed6-4e4d-8b37-b49050d40664), (a1106007-150f-4ff7-a46b-56450c4a22c1, {\"ip_address\":\"10.49.16.200\",\"uri\":\"\\/admin\\/packages\\/available\",\"method\":\"GET\",\"controller_action\":\"App\\\\Http\\\\Controllers\\\\Admin\\\\PackageController@available\",\"middleware\":[\"web\",\"auth:admin,super_admin\"],\"headers\":{\"host\":\"hub.woodsonisd.net\",\"priority\":\"u=0, i\",\"cookie\":\"THEHUB_SESSION=e7kj2r13j7e496lmuntlkkr905; PHPSESSID=015d7637d5036f36ccfdef68e4a1048e; XSRF-TOKEN=eyJpdiI6IlI0SzJxOGlvNVR3NDQ2OGRWTkFYUGc9PSIsInZhbHVlIjoiMG5qVmVNL214SmlTQVZpd0RwbmhHamJETWd1ZG5oM2YwRHo0WWdKaXJkYTRldUwrV1dKMGFzdzZ4OTl1aldZZS81SkIvNTBpcFlObVg2a3Q2Q05YYjV3MlBDRGlsTnhyU0pETk9ldkpuRWd1TFdQTWZNYU11M3dQblJTVm94YjkiLCJtYWMiOiIxODQ3Mjk5OTNlOTM2OTk1ZWI3NmE4ZTU0YWVjNmJjODgyODFkNGQ2NGRhOTM5ZTViMjQyZDk4MmFjZDQyOGI1IiwidGFnIjoiIn0%3D; thehub-session=eyJpdiI6Ikh2cmgyUFJsV2JML2ZxM2ZqRUJDU2c9PSIsInZhbHVlIjoiZ1lXK3NtbjErNXppVEVBVDFtMjdtenU4RldUb3ovcUtGSHM3VWV0d240aE84N21tSWdTUWphM2pkOGg4cVJmR3ZQWFh0U0hNUXFSZ2ZITmhXRzE0T0p2ZVozNE81Q3JlRmRyNG9KaXVxNnhrdEtmQlN2c3BVY1kyaGJjZkdlTjciLCJtYWMiOiIxOWQ1NWUxMmIwYmY2NDZiOGYzMDIzODczMTY1NjY3MmY1NmMyOGViZDE4ODI0Y2UxNTA1ZWQ0MWYxODAwYjFjIiwidGFnIjoiIn0%3D\",\"accept-language\":\"en-US,en;q=0.9\",\"accept-encoding\":\"gzip, deflate, br, zstd\",\"referer\":\"https:\\/\\/hub.woodsonisd.net\\/admin\\/packages\\/installed\",\"sec-fetch-dest\":\"document\",\"sec-fetch-user\":\"?1\",\"sec-fetch-mode\":\"navigate\",\"sec-fetch-site\":\"same-origin\",\"accept\":\"text\\/html,application\\/xhtml+xml,application\\/xml;q=0.9,image\\/avif,image\\/webp,image\\/apng,*\\/*;q=0.8,application\\/signed-exchange;v=b3;q=0.7\",\"user-agent\":\"Mozilla\\/5.0 (Windows NT 10.0; Win64; x64) AppleWebKit\\/537.36 (KHTML, like Gecko) Chrome\\/144.0.0.0 Safari\\/537.36\",\"upgrade-insecure-requests\":\"1\",\"dnt\":\"1\",\"sec-ch-ua-platform\":\"\\\"Windows\\\"\",\"sec-ch-ua-mobile\":\"?0\",\"sec-ch-ua\":\"\\\"Not(A:Brand\\\";v=\\\"8\\\", \\\"Chromium\\\";v=\\\"144\\\", \\\"Google Chrome\\\";v=\\\"144\\\"\"},\"payload\":[],\"session\":{\"_token\":\"rZ3uqqPHpZRECR1htqk3HVmLQzoQLKwT4aaHc1I0\",\"_previous\":{\"url\":\"https:\\/\\/hub.woodsonisd.net\\/admin\\/packages\\/available\"},\"_flash\":{\"old\":[],\"new\":[]}},\"response_headers\":{\"content-type\":\"text\\/html; charset=UTF-8\",\"cache-control\":\"no-cache, private\",\"date\":\"Thu, 12 Feb 2026 17:23:46 GMT\",\"set-cookie\":\"XSRF-TOKEN=eyJpdiI6ImVXcEJQaUdhcGZ1d3NXeEc3WGxrY0E9PSIsInZhbHVlIjoiWUFTMlpFaFZDUDlqUE5JaUozNkQvZUxHSGhWb2VQNVE2WXczTFVML1p3bURsc0w2YjVNZzQ4SWxBYU1EaE12czlGMlhTdHdRQSs2UG1RTVFRMlNMSlRHVjB4aWFHREQ4MWdxbURDWUJLaGQwcTB5MDNLOEpCNy9oK2krTWNWNU8iLCJtYWMiOiJhNjU4YjdjMjZjODZjMjg2ZmY5MzIxOWIwNDc4MzM1ZDBkMGNiZTAzMDJlZjJlNzM5MmNlN2QwYjNkYjg5MzVlIiwidGFnIjoiIn0%3D; expires=Fri, 17 Jan 2031 17:23:46 GMT; Max-Age=155520000; path=\\/; secure; samesite=lax, thehub-session=eyJpdiI6ImZqWnZKUlZnWmsvN0xBeDZneUI2ZkE9PSIsInZhbHVlIjoicEJoaDd1S2V5WVhtSVByL1VNQkU2YVV4L2xqeE5rMytkUmJqTzcydFlBaWpDd1plMy95QjdncU1CZE1zZkJQbnY4RjBlckZMUmNGanJFWnlxZmd2OSsxd1owYkw5bFBGTStQdW5HY3pqMGJWTDEvbXJDZ2ZHdlN4OXpnZ3R0MTYiLCJtYWMiOiI3ZjA4YzliZGM1OWRhYzdlYjMwOWQxZTI1ZmJiZDNlYWQxYWIxOWJmYjgwMzE1Mzg0ZjEwYjQ2YTU1YTBjZDdhIiwidGFnIjoiIn0%3D; expires=Fri, 17 Jan 2031 17:23:46 GMT; Max-Age=155520000; path=\\/; secure; httponly; samesite=lax\"},\"response_status\":200,\"response\":{\"view\":\"\\/var\\/www\\/woodson\\/thehub\\/resources\\/views\\/admin\\/packages.blade.php\",\"data\":{\"isSuperAdmin\":true,\"view\":\"available\"}},\"duration\":206,\"memory\":4,\"hostname\":\"welllogix\"}, 2026-02-12 11:23:46, ?, request, a1106007-11bb-4abe-bd16-36b41ae81599)) at /var/www/woodson/thehub/vendor/laravel/framework/src/Illuminate/Database/Connection.php:825)
[stacktrace]
#0 /var/www/woodson/thehub/vendor/laravel/framework/src/Illuminate/Database/Connection.php(779): Illuminate\\Database\\Connection->runQueryCallback()
#1 /var/www/woodson/thehub/vendor/laravel/framework/src/Illuminate/Database/MySqlConnection.php(42): Illuminate\\Database\\Connection->run()
#2 /var/www/woodson/thehub/vendor/laravel/framework/src/Illuminate/Database/Query/Builder.php(3717): Illuminate\\Database\\MySqlConnection->insert()
#3 /var/www/woodson/thehub/vendor/laravel/telescope/src/Storage/DatabaseEntriesRepository.php(145): Illuminate\\Database\\Query\\Builder->insert()
#4 /var/www/woodson/thehub/vendor/laravel/framework/src/Illuminate/Collections/Traits/EnumeratesValues.php(261): Laravel\\Telescope\\Storage\\DatabaseEntriesRepository->Laravel\\Telescope\\Storage\\{closure}()
#5 /var/www/woodson/thehub/vendor/laravel/telescope/src/Storage/DatabaseEntriesRepository.php(144): Illuminate\\Support\\Collection->each()
#6 /var/www/woodson/thehub/vendor/laravel/telescope/src/Telescope.php(664): Laravel\\Telescope\\Storage\\DatabaseEntriesRepository->store()
#7 [internal function]: Laravel\\Telescope\\Telescope::Laravel\\Telescope\\{closure}()
#8 /var/www/woodson/thehub/vendor/laravel/telescope/src/Telescope.php(289): call_user_func()
#9 /var/www/woodson/thehub/vendor/laravel/telescope/src/Telescope.php(656): Laravel\\Telescope\\Telescope::withoutRecording()
#10 /var/www/woodson/thehub/vendor/laravel/telescope/src/ListensForStorageOpportunities.php(65): Laravel\\Telescope\\Telescope::store()
#11 /var/www/woodson/thehub/vendor/laravel/framework/src/Illuminate/Container/BoundMethod.php(36): Laravel\\Telescope\\Telescope::Laravel\\Telescope\\{closure}()
#12 /var/www/woodson/thehub/vendor/laravel/framework/src/Illuminate/Container/Util.php(43): Illuminate\\Container\\BoundMethod::Illuminate\\Container\\{closure}()
#13 /var/www/woodson/thehub/vendor/laravel/framework/src/Illuminate/Container/BoundMethod.php(83): Illuminate\\Container\\Util::unwrapIfClosure()
#14 /var/www/woodson/thehub/vendor/laravel/framework/src/Illuminate/Container/BoundMethod.php(35): Illuminate\\Container\\BoundMethod::callBoundMethod()
#15 /var/www/woodson/thehub/vendor/laravel/framework/src/Illuminate/Container/Container.php(696): Illuminate\\Container\\BoundMethod::call()
#16 /var/www/woodson/thehub/vendor/laravel/framework/src/Illuminate/Foundation/Application.php(1452): Illuminate\\Container\\Container->call()
#17 /var/www/woodson/thehub/vendor/laravel/framework/src/Illuminate/Foundation/Http/Kernel.php(218): Illuminate\\Foundation\\Application->terminate()
#18 /var/www/woodson/thehub/public/laravel.php(40): Illuminate\\Foundation\\Http\\Kernel->terminate()
#19 {main}

[previous exception] [object] (PDOException(code: 42S02): SQLSTATE[42S02]: Base table or view not found: 1146 Table 'woodson_hub.telescope_entries' doesn't exist at /var/www/woodson/thehub/vendor/laravel/framework/src/Illuminate/Database/MySqlConnection.php:47)
[stacktrace]
#0 /var/www/woodson/thehub/vendor/laravel/framework/src/Illuminate/Database/MySqlConnection.php(47): PDO->prepare()
#1 /var/www/woodson/thehub/vendor/laravel/framework/src/Illuminate/Database/Connection.php(812): Illuminate\\Database\\MySqlConnection->Illuminate\\Database\\{closure}()
#2 /var/www/woodson/thehub/vendor/laravel/framework/src/Illuminate/Database/Connection.php(779): Illuminate\\Database\\Connection->runQueryCallback()
#3 /var/www/woodson/thehub/vendor/laravel/framework/src/Illuminate/Database/MySqlConnection.php(42): Illuminate\\Database\\Connection->run()
#4 /var/www/woodson/thehub/vendor/laravel/framework/src/Illuminate/Database/Query/Builder.php(3717): Illuminate\\Database\\MySqlConnection->insert()
#5 /var/www/woodson/thehub/vendor/laravel/telescope/src/Storage/DatabaseEntriesRepository.php(145): Illuminate\\Database\\Query\\Builder->insert()
#6 /var/www/woodson/thehub/vendor/laravel/framework/src/Illuminate/Collections/Traits/EnumeratesValues.php(261): Laravel\\Telescope\\Storage\\DatabaseEntriesRepository->Laravel\\Telescope\\Storage\\{closure}()
#7 /var/www/woodson/thehub/vendor/laravel/telescope/src/Storage/DatabaseEntriesRepository.php(144): Illuminate\\Support\\Collection->each()
#8 /var/www/woodson/thehub/vendor/laravel/telescope/src/Telescope.php(664): Laravel\\Telescope\\Storage\\DatabaseEntriesRepository->store()
#9 [internal function]: Laravel\\Telescope\\Telescope::Laravel\\Telescope\\{closure}()
#10 /var/www/woodson/thehub/vendor/laravel/telescope/src/Telescope.php(289): call_user_func()
#11 /var/www/woodson/thehub/vendor/laravel/telescope/src/Telescope.php(656): Laravel\\Telescope\\Telescope::withoutRecording()
#12 /var/www/woodson/thehub/vendor/laravel/telescope/src/ListensForStorageOpportunities.php(65): Laravel\\Telescope\\Telescope::store()
#13 /var/www/woodson/thehub/vendor/laravel/framework/src/Illuminate/Container/BoundMethod.php(36): Laravel\\Telescope\\Telescope::Laravel\\Telescope\\{closure}()
#14 /var/www/woodson/thehub/vendor/laravel/framework/src/Illuminate/Container/Util.php(43): Illuminate\\Container\\BoundMethod::Illuminate\\Container\\{closure}()
#15 /var/www/woodson/thehub/vendor/laravel/framework/src/Illuminate/Container/BoundMethod.php(83): Illuminate\\Container\\Util::unwrapIfClosure()
#16 /var/www/woodson/thehub/vendor/laravel/framework/src/Illuminate/Container/BoundMethod.php(35): Illuminate\\Container\\BoundMethod::callBoundMethod()
#17 /var/www/woodson/thehub/vendor/laravel/framework/src/Illuminate/Container/Container.php(696): Illuminate\\Container\\BoundMethod::call()
#18 /var/www/woodson/thehub/vendor/laravel/framework/src/Illuminate/Foundation/Application.php(1452): Illuminate\\Container\\Container->call()
#19 /var/www/woodson/thehub/vendor/laravel/framework/src/Illuminate/Foundation/Http/Kernel.php(218): Illuminate\\Foundation\\Application->terminate()
#20 /var/www/woodson/thehub/public/laravel.php(40): Illuminate\\Foundation\\Http\\Kernel->terminate()
#21 {main}
"} 
[2026-02-12 11:23:46] production.ERROR: SQLSTATE[42S02]: Base table or view not found: 1146 Table 'woodson_hub.telescope_entries' doesn't exist (Connection: mysql, SQL: insert into `telescope_entries` (`batch_id`, `content`, `created_at`, `family_hash`, `type`, `uuid`) values (a1106007-66ab-443b-bf78-e590ec43d8bc, {"ip_address":"10.49.16.200","uri":"\/admin\/packages\/list?type=installed","method":"GET","controller_action":"App\\Http\\Controllers\\Admin\\PackageController@list","middleware":["web","auth:admin,super_admin"],"headers":{"host":"hub.woodsonisd.net","priority":"u=1, i","cookie":"THEHUB_SESSION=e7kj2r13j7e496lmuntlkkr905; PHPSESSID=015d7637d5036f36ccfdef68e4a1048e; XSRF-TOKEN=eyJpdiI6ImVXcEJQaUdhcGZ1d3NXeEc3WGxrY0E9PSIsInZhbHVlIjoiWUFTMlpFaFZDUDlqUE5JaUozNkQvZUxHSGhWb2VQNVE2WXczTFVML1p3bURsc0w2YjVNZzQ4SWxBYU1EaE12czlGMlhTdHdRQSs2UG1RTVFRMlNMSlRHVjB4aWFHREQ4MWdxbURDWUJLaGQwcTB5MDNLOEpCNy9oK2krTWNWNU8iLCJtYWMiOiJhNjU4YjdjMjZjODZjMjg2ZmY5MzIxOWIwNDc4MzM1ZDBkMGNiZTAzMDJlZjJlNzM5MmNlN2QwYjNkYjg5MzVlIiwidGFnIjoiIn0%3D; thehub-session=eyJpdiI6ImZqWnZKUlZnWmsvN0xBeDZneUI2ZkE9PSIsInZhbHVlIjoicEJoaDd1S2V5WVhtSVByL1VNQkU2YVV4L2xqeE5rMytkUmJqTzcydFlBaWpDd1plMy95QjdncU1CZE1zZkJQbnY4RjBlckZMUmNGanJFWnlxZmd2OSsxd1owYkw5bFBGTStQdW5HY3pqMGJWTDEvbXJDZ2ZHdlN4OXpnZ3R0MTYiLCJtYWMiOiI3ZjA4YzliZGM1OWRhYzdlYjMwOWQxZTI1ZmJiZDNlYWQxYWIxOWJmYjgwMzE1Mzg0ZjEwYjQ2YTU1YTBjZDdhIiwidGFnIjoiIn0%3D","accept-language":"en-US,en;q=0.9","accept-encoding":"gzip, deflate, br, zstd","referer":"https:\/\/hub.woodsonisd.net\/admin\/packages\/available","sec-fetch-dest":"empty","sec-fetch-mode":"cors","sec-fetch-site":"same-origin","accept":"*\/*","sec-ch-ua-mobile":"?0","dnt":"1","sec-ch-ua":"\"Not(A:Brand\";v=\"8\", \"Chromium\";v=\"144\", \"Google Chrome\";v=\"144\"","user-agent":"Mozilla\/5.0 (Windows NT 10.0; Win64; x64) AppleWebKit\/537.36 (KHTML, like Gecko) Chrome\/144.0.0.0 Safari\/537.36","sec-ch-ua-platform":"\"Windows\""},"payload":{"type":"installed"},"session":{"_token":"rZ3uqqPHpZRECR1htqk3HVmLQzoQLKwT4aaHc1I0","_previous":{"url":"https:\/\/hub.woodsonisd.net\/admin\/packages\/list?type=installed"},"_flash":{"old":[],"new":[]}},"response_headers":{"cache-control":"no-cache, private","date":"Thu, 12 Feb 2026 17:23:46 GMT","content-type":"application\/json","set-cookie":"XSRF-TOKEN=eyJpdiI6InNRWVpndGJmN3hTb3RtMlVZRmo0Z2c9PSIsInZhbHVlIjoiMFVrVGpLOTl2UDlKMFgvUzZoNmVrRGY1MWVYeHRKNm00aytGWDJKZkhiazNtSUdIRE1GTjd4anpKMFYzSlJmWXd1Z1BUOXhRbG96bk1XR2tVeDhaZ0dRelRaZXkwSG9xUElqS3FQWjZzUmtQdUV6RkJHejhpMmROTUJadzlKTHkiLCJtYWMiOiJiZmM4OTljMTQxODA2NTI4MWVhMDYzMzRhNWM5MDZjYWRmZTY2NWYwOTkzMDZjMjU4ZDQ2YmMzYjYyZjFlMjkxIiwidGFnIjoiIn0%3D; expires=Fri, 17 Jan 2031 17:23:46 GMT; Max-Age=155520000; path=\/; secure; samesite=lax, thehub-session=eyJpdiI6ImhnejVscnBaYmxrcDdNN1pqdHlZdVE9PSIsInZhbHVlIjoiZEdJdURWUnc2aGsxNjMrV0dEL3lCT3BVaVRIWUF4eTJmTFhMcFZlMGs0ejdVUHVwazNsUk1WVC9scEpIaERTS0tWZDBEbnJjd0tmQjBZcE1uTU8yci9vcDVPMnlZOHhhVXFZWjc2MEhEa0VmeUFraEdSTVhKS2R3bWhMdHY4TEkiLCJtYWMiOiIxNjUwOTkyMGZhNWMyNTk5MjE0YjMyMGMyMjMxY2RlYTk3NWIxMDEwOTA2MDAwYzMwYjNhMDg5ZWRlOTQzYmVhIiwidGFnIjoiIn0%3D; expires=Fri, 17 Jan 2031 17:23:46 GMT; Max-Age=155520000; path=\/; secure; httponly; samesite=lax"},"response_status":200,"response":{"success":true,"packages":[{"id":63,"section_id":2677,"package_id":"district.student-directory","package_record_id":117,"installed_version":"1.0.0","available_version":null,"auto_update":0,"status":"installed","installed_by":null,"installed_at":"2026-02-12 17:07:32","upgraded_at":null,"updated_at":"2026-02-12 17:07:32","slug":"student-directory","display_name":"Student Directory","icon":"bi-people-fill","is_active":1,"latest_available_version":"1.0.0"}]},"duration":139,"memory":2,"hostname":"welllogix"}, 2026-02-12 11:23:46, ?, request, a1106007-6476-444f-99d2-c4d2ea48b340)) {"exception":"[object] (Illuminate\\Database\\QueryException(code: 42S02): SQLSTATE[42S02]: Base table or view not found: 1146 Table 'woodson_hub.telescope_entries' doesn't exist (Connection: mysql, SQL: insert into `telescope_entries` (`batch_id`, `content`, `created_at`, `family_hash`, `type`, `uuid`) values (a1106007-66ab-443b-bf78-e590ec43d8bc, {\"ip_address\":\"10.49.16.200\",\"uri\":\"\\/admin\\/packages\\/list?type=installed\",\"method\":\"GET\",\"controller_action\":\"App\\\\Http\\\\Controllers\\\\Admin\\\\PackageController@list\",\"middleware\":[\"web\",\"auth:admin,super_admin\"],\"headers\":{\"host\":\"hub.woodsonisd.net\",\"priority\":\"u=1, i\",\"cookie\":\"THEHUB_SESSION=e7kj2r13j7e496lmuntlkkr905; PHPSESSID=015d7637d5036f36ccfdef68e4a1048e; XSRF-TOKEN=eyJpdiI6ImVXcEJQaUdhcGZ1d3NXeEc3WGxrY0E9PSIsInZhbHVlIjoiWUFTMlpFaFZDUDlqUE5JaUozNkQvZUxHSGhWb2VQNVE2WXczTFVML1p3bURsc0w2YjVNZzQ4SWxBYU1EaE12czlGMlhTdHdRQSs2UG1RTVFRMlNMSlRHVjB4aWFHREQ4MWdxbURDWUJLaGQwcTB5MDNLOEpCNy9oK2krTWNWNU8iLCJtYWMiOiJhNjU4YjdjMjZjODZjMjg2ZmY5MzIxOWIwNDc4MzM1ZDBkMGNiZTAzMDJlZjJlNzM5MmNlN2QwYjNkYjg5MzVlIiwidGFnIjoiIn0%3D; thehub-session=eyJpdiI6ImZqWnZKUlZnWmsvN0xBeDZneUI2ZkE9PSIsInZhbHVlIjoicEJoaDd1S2V5WVhtSVByL1VNQkU2YVV4L2xqeE5rMytkUmJqTzcydFlBaWpDd1plMy95QjdncU1CZE1zZkJQbnY4RjBlckZMUmNGanJFWnlxZmd2OSsxd1owYkw5bFBGTStQdW5HY3pqMGJWTDEvbXJDZ2ZHdlN4OXpnZ3R0MTYiLCJtYWMiOiI3ZjA4YzliZGM1OWRhYzdlYjMwOWQxZTI1ZmJiZDNlYWQxYWIxOWJmYjgwMzE1Mzg0ZjEwYjQ2YTU1YTBjZDdhIiwidGFnIjoiIn0%3D\",\"accept-language\":\"en-US,en;q=0.9\",\"accept-encoding\":\"gzip, deflate, br, zstd\",\"referer\":\"https:\\/\\/hub.woodsonisd.net\\/admin\\/packages\\/available\",\"sec-fetch-dest\":\"empty\",\"sec-fetch-mode\":\"cors\",\"sec-fetch-site\":\"same-origin\",\"accept\":\"*\\/*\",\"sec-ch-ua-mobile\":\"?0\",\"dnt\":\"1\",\"sec-ch-ua\":\"\\\"Not(A:Brand\\\";v=\\\"8\\\", \\\"Chromium\\\";v=\\\"144\\\", \\\"Google Chrome\\\";v=\\\"144\\\"\",\"user-agent\":\"Mozilla\\/5.0 (Windows NT 10.0; Win64; x64) AppleWebKit\\/537.36 (KHTML, like Gecko) Chrome\\/144.0.0.0 Safari\\/537.36\",\"sec-ch-ua-platform\":\"\\\"Windows\\\"\"},\"payload\":{\"type\":\"installed\"},\"session\":{\"_token\":\"rZ3uqqPHpZRECR1htqk3HVmLQzoQLKwT4aaHc1I0\",\"_previous\":{\"url\":\"https:\\/\\/hub.woodsonisd.net\\/admin\\/packages\\/list?type=installed\"},\"_flash\":{\"old\":[],\"new\":[]}},\"response_headers\":{\"cache-control\":\"no-cache, private\",\"date\":\"Thu, 12 Feb 2026 17:23:46 GMT\",\"content-type\":\"application\\/json\",\"set-cookie\":\"XSRF-TOKEN=eyJpdiI6InNRWVpndGJmN3hTb3RtMlVZRmo0Z2c9PSIsInZhbHVlIjoiMFVrVGpLOTl2UDlKMFgvUzZoNmVrRGY1MWVYeHRKNm00aytGWDJKZkhiazNtSUdIRE1GTjd4anpKMFYzSlJmWXd1Z1BUOXhRbG96bk1XR2tVeDhaZ0dRelRaZXkwSG9xUElqS3FQWjZzUmtQdUV6RkJHejhpMmROTUJadzlKTHkiLCJtYWMiOiJiZmM4OTljMTQxODA2NTI4MWVhMDYzMzRhNWM5MDZjYWRmZTY2NWYwOTkzMDZjMjU4ZDQ2YmMzYjYyZjFlMjkxIiwidGFnIjoiIn0%3D; expires=Fri, 17 Jan 2031 17:23:46 GMT; Max-Age=155520000; path=\\/; secure; samesite=lax, thehub-session=eyJpdiI6ImhnejVscnBaYmxrcDdNN1pqdHlZdVE9PSIsInZhbHVlIjoiZEdJdURWUnc2aGsxNjMrV0dEL3lCT3BVaVRIWUF4eTJmTFhMcFZlMGs0ejdVUHVwazNsUk1WVC9scEpIaERTS0tWZDBEbnJjd0tmQjBZcE1uTU8yci9vcDVPMnlZOHhhVXFZWjc2MEhEa0VmeUFraEdSTVhKS2R3bWhMdHY4TEkiLCJtYWMiOiIxNjUwOTkyMGZhNWMyNTk5MjE0YjMyMGMyMjMxY2RlYTk3NWIxMDEwOTA2MDAwYzMwYjNhMDg5ZWRlOTQzYmVhIiwidGFnIjoiIn0%3D; expires=Fri, 17 Jan 2031 17:23:46 GMT; Max-Age=155520000; path=\\/; secure; httponly; samesite=lax\"},\"response_status\":200,\"response\":{\"success\":true,\"packages\":[{\"id\":63,\"section_id\":2677,\"package_id\":\"district.student-directory\",\"package_record_id\":117,\"installed_version\":\"1.0.0\",\"available_version\":null,\"auto_update\":0,\"status\":\"installed\",\"installed_by\":null,\"installed_at\":\"2026-02-12 17:07:32\",\"upgraded_at\":null,\"updated_at\":\"2026-02-12 17:07:32\",\"slug\":\"student-directory\",\"display_name\":\"Student Directory\",\"icon\":\"bi-people-fill\",\"is_active\":1,\"latest_available_version\":\"1.0.0\"}]},\"duration\":139,\"memory\":2,\"hostname\":\"welllogix\"}, 2026-02-12 11:23:46, ?, request, a1106007-6476-444f-99d2-c4d2ea48b340)) at /var/www/woodson/thehub/vendor/laravel/framework/src/Illuminate/Database/Connection.php:825)
[stacktrace]
#0 /var/www/woodson/thehub/vendor/laravel/framework/src/Illuminate/Database/Connection.php(779): Illuminate\\Database\\Connection->runQueryCallback()
#1 /var/www/woodson/thehub/vendor/laravel/framework/src/Illuminate/Database/MySqlConnection.php(42): Illuminate\\Database\\Connection->run()
#2 /var/www/woodson/thehub/vendor/laravel/framework/src/Illuminate/Database/Query/Builder.php(3717): Illuminate\\Database\\MySqlConnection->insert()
#3 /var/www/woodson/thehub/vendor/laravel/telescope/src/Storage/DatabaseEntriesRepository.php(145): Illuminate\\Database\\Query\\Builder->insert()
#4 /var/www/woodson/thehub/vendor/laravel/framework/src/Illuminate/Collections/Traits/EnumeratesValues.php(261): Laravel\\Telescope\\Storage\\DatabaseEntriesRepository->Laravel\\Telescope\\Storage\\{closure}()
#5 /var/www/woodson/thehub/vendor/laravel/telescope/src/Storage/DatabaseEntriesRepository.php(144): Illuminate\\Support\\Collection->each()
#6 /var/www/woodson/thehub/vendor/laravel/telescope/src/Telescope.php(664): Laravel\\Telescope\\Storage\\DatabaseEntriesRepository->store()
#7 [internal function]: Laravel\\Telescope\\Telescope::Laravel\\Telescope\\{closure}()
#8 /var/www/woodson/thehub/vendor/laravel/telescope/src/Telescope.php(289): call_user_func()
#9 /var/www/woodson/thehub/vendor/laravel/telescope/src/Telescope.php(656): Laravel\\Telescope\\Telescope::withoutRecording()
#10 /var/www/woodson/thehub/vendor/laravel/telescope/src/ListensForStorageOpportunities.php(65): Laravel\\Telescope\\Telescope::store()
#11 /var/www/woodson/thehub/vendor/laravel/framework/src/Illuminate/Container/BoundMethod.php(36): Laravel\\Telescope\\Telescope::Laravel\\Telescope\\{closure}()
#12 /var/www/woodson/thehub/vendor/laravel/framework/src/Illuminate/Container/Util.php(43): Illuminate\\Container\\BoundMethod::Illuminate\\Container\\{closure}()
#13 /var/www/woodson/thehub/vendor/laravel/framework/src/Illuminate/Container/BoundMethod.php(83): Illuminate\\Container\\Util::unwrapIfClosure()
#14 /var/www/woodson/thehub/vendor/laravel/framework/src/Illuminate/Container/BoundMethod.php(35): Illuminate\\Container\\BoundMethod::callBoundMethod()
#15 /var/www/woodson/thehub/vendor/laravel/framework/src/Illuminate/Container/Container.php(696): Illuminate\\Container\\BoundMethod::call()
#16 /var/www/woodson/thehub/vendor/laravel/framework/src/Illuminate/Foundation/Application.php(1452): Illuminate\\Container\\Container->call()
#17 /var/www/woodson/thehub/vendor/laravel/framework/src/Illuminate/Foundation/Http/Kernel.php(218): Illuminate\\Foundation\\Application->terminate()
#18 /var/www/woodson/thehub/public/laravel.php(40): Illuminate\\Foundation\\Http\\Kernel->terminate()
#19 {main}

[previous exception] [object] (PDOException(code: 42S02): SQLSTATE[42S02]: Base table or view not found: 1146 Table 'woodson_hub.telescope_entries' doesn't exist at /var/www/woodson/thehub/vendor/laravel/framework/src/Illuminate/Database/MySqlConnection.php:47)
[stacktrace]
#0 /var/www/woodson/thehub/vendor/laravel/framework/src/Illuminate/Database/MySqlConnection.php(47): PDO->prepare()
#1 /var/www/woodson/thehub/vendor/laravel/framework/src/Illuminate/Database/Connection.php(812): Illuminate\\Database\\MySqlConnection->Illuminate\\Database\\{closure}()
#2 /var/www/woodson/thehub/vendor/laravel/framework/src/Illuminate/Database/Connection.php(779): Illuminate\\Database\\Connection->runQueryCallback()
#3 /var/www/woodson/thehub/vendor/laravel/framework/src/Illuminate/Database/MySqlConnection.php(42): Illuminate\\Database\\Connection->run()
#4 /var/www/woodson/thehub/vendor/laravel/framework/src/Illuminate/Database/Query/Builder.php(3717): Illuminate\\Database\\MySqlConnection->insert()
#5 /var/www/woodson/thehub/vendor/laravel/telescope/src/Storage/DatabaseEntriesRepository.php(145): Illuminate\\Database\\Query\\Builder->insert()
#6 /var/www/woodson/thehub/vendor/laravel/framework/src/Illuminate/Collections/Traits/EnumeratesValues.php(261): Laravel\\Telescope\\Storage\\DatabaseEntriesRepository->Laravel\\Telescope\\Storage\\{closure}()
#7 /var/www/woodson/thehub/vendor/laravel/telescope/src/Storage/DatabaseEntriesRepository.php(144): Illuminate\\Support\\Collection->each()
#8 /var/www/woodson/thehub/vendor/laravel/telescope/src/Telescope.php(664): Laravel\\Telescope\\Storage\\DatabaseEntriesRepository->store()
#9 [internal function]: Laravel\\Telescope\\Telescope::Laravel\\Telescope\\{closure}()
#10 /var/www/woodson/thehub/vendor/laravel/telescope/src/Telescope.php(289): call_user_func()
#11 /var/www/woodson/thehub/vendor/laravel/telescope/src/Telescope.php(656): Laravel\\Telescope\\Telescope::withoutRecording()
#12 /var/www/woodson/thehub/vendor/laravel/telescope/src/ListensForStorageOpportunities.php(65): Laravel\\Telescope\\Telescope::store()
#13 /var/www/woodson/thehub/vendor/laravel/framework/src/Illuminate/Container/BoundMethod.php(36): Laravel\\Telescope\\Telescope::Laravel\\Telescope\\{closure}()
#14 /var/www/woodson/thehub/vendor/laravel/framework/src/Illuminate/Container/Util.php(43): Illuminate\\Container\\BoundMethod::Illuminate\\Container\\{closure}()
#15 /var/www/woodson/thehub/vendor/laravel/framework/src/Illuminate/Container/BoundMethod.php(83): Illuminate\\Container\\Util::unwrapIfClosure()
#16 /var/www/woodson/thehub/vendor/laravel/framework/src/Illuminate/Container/BoundMethod.php(35): Illuminate\\Container\\BoundMethod::callBoundMethod()
#17 /var/www/woodson/thehub/vendor/laravel/framework/src/Illuminate/Container/Container.php(696): Illuminate\\Container\\BoundMethod::call()
#18 /var/www/woodson/thehub/vendor/laravel/framework/src/Illuminate/Foundation/Application.php(1452): Illuminate\\Container\\Container->call()
#19 /var/www/woodson/thehub/vendor/laravel/framework/src/Illuminate/Foundation/Http/Kernel.php(218): Illuminate\\Foundation\\Application->terminate()
#20 /var/www/woodson/thehub/public/laravel.php(40): Illuminate\\Foundation\\Http\\Kernel->terminate()
#21 {main}
"} 
[2026-02-12 11:23:46] production.ERROR: SQLSTATE[42S02]: Base table or view not found: 1146 Table 'woodson_hub.telescope_entries' doesn't exist (Connection: mysql, SQL: insert into `telescope_entries` (`batch_id`, `content`, `created_at`, `family_hash`, `type`, `uuid`) values (a1106007-a2ff-41bb-b621-e02c97d96cbe, {"connection":"mysql","driver":"mysql","bindings":[],"sql":"select `package_id` from `section_installations` where `status` = 'installed'","time":"1.47","slow":false,"file":"\/var\/www\/woodson\/thehub\/app\/Http\/Controllers\/Admin\/PackageController.php","line":128,"hash":"3ca4c9b4a7ed4339ff678f679d956161","hostname":"welllogix"}, 2026-02-12 11:23:46, ?, query, a1106007-9ca2-40b1-90d9-0dcdb425a16b), (a1106007-a2ff-41bb-b621-e02c97d96cbe, {"connection":"mysql","driver":"mysql","bindings":[],"sql":"select * from `section_packages` where `package_id` not in ('district.student-directory') and `can_install` = 1 and `validation_status` in ('validated', 'pass') order by `created_at` desc","time":"0.80","slow":false,"file":"\/var\/www\/woodson\/thehub\/app\/Http\/Controllers\/Admin\/PackageController.php","line":135,"hash":"a94249cb1f789a6092f7ccc8216ade3b","hostname":"welllogix"}, 2026-02-12 11:23:46, ?, query, a1106007-9ee2-4bd8-9ba7-d41134db5d43), (a1106007-a2ff-41bb-b621-e02c97d96cbe, {"ip_address":"10.49.16.200","uri":"\/admin\/packages\/list?type=available","method":"GET","controller_action":"App\\Http\\Controllers\\Admin\\PackageController@list","middleware":["web","auth:admin,super_admin"],"headers":{"host":"hub.woodsonisd.net","priority":"u=1, i","cookie":"THEHUB_SESSION=e7kj2r13j7e496lmuntlkkr905; PHPSESSID=015d7637d5036f36ccfdef68e4a1048e; XSRF-TOKEN=eyJpdiI6ImVXcEJQaUdhcGZ1d3NXeEc3WGxrY0E9PSIsInZhbHVlIjoiWUFTMlpFaFZDUDlqUE5JaUozNkQvZUxHSGhWb2VQNVE2WXczTFVML1p3bURsc0w2YjVNZzQ4SWxBYU1EaE12czlGMlhTdHdRQSs2UG1RTVFRMlNMSlRHVjB4aWFHREQ4MWdxbURDWUJLaGQwcTB5MDNLOEpCNy9oK2krTWNWNU8iLCJtYWMiOiJhNjU4YjdjMjZjODZjMjg2ZmY5MzIxOWIwNDc4MzM1ZDBkMGNiZTAzMDJlZjJlNzM5MmNlN2QwYjNkYjg5MzVlIiwidGFnIjoiIn0%3D; thehub-session=eyJpdiI6ImZqWnZKUlZnWmsvN0xBeDZneUI2ZkE9PSIsInZhbHVlIjoicEJoaDd1S2V5WVhtSVByL1VNQkU2YVV4L2xqeE5rMytkUmJqTzcydFlBaWpDd1plMy95QjdncU1CZE1zZkJQbnY4RjBlckZMUmNGanJFWnlxZmd2OSsxd1owYkw5bFBGTStQdW5HY3pqMGJWTDEvbXJDZ2ZHdlN4OXpnZ3R0MTYiLCJtYWMiOiI3ZjA4YzliZGM1OWRhYzdlYjMwOWQxZTI1ZmJiZDNlYWQxYWIxOWJmYjgwMzE1Mzg0ZjEwYjQ2YTU1YTBjZDdhIiwidGFnIjoiIn0%3D","accept-language":"en-US,en;q=0.9","accept-encoding":"gzip, deflate, br, zstd","referer":"https:\/\/hub.woodsonisd.net\/admin\/packages\/available","sec-fetch-dest":"empty","sec-fetch-mode":"cors","sec-fetch-site":"same-origin","accept":"*\/*","sec-ch-ua-mobile":"?0","dnt":"1","sec-ch-ua":"\"Not(A:Brand\";v=\"8\", \"Chromium\";v=\"144\", \"Google Chrome\";v=\"144\"","user-agent":"Mozilla\/5.0 (Windows NT 10.0; Win64; x64) AppleWebKit\/537.36 (KHTML, like Gecko) Chrome\/144.0.0.0 Safari\/537.36","sec-ch-ua-platform":"\"Windows\""},"payload":{"type":"available"},"session":{"_token":"rZ3uqqPHpZRECR1htqk3HVmLQzoQLKwT4aaHc1I0","_previous":{"url":"https:\/\/hub.woodsonisd.net\/admin\/packages\/list?type=available"},"_flash":{"old":[],"new":[]}},"response_headers":{"cache-control":"no-cache, private","date":"Thu, 12 Feb 2026 17:23:46 GMT","content-type":"application\/json","set-cookie":"XSRF-TOKEN=eyJpdiI6ImF0aVlmYXlGVG1BTjBPR1lUYmlxalE9PSIsInZhbHVlIjoiY0NwZ3VXVGtWc3F0UVY1RjNxejIvcXhsZUFRMnV2cW05cis2YWx2S2w1OFZRZS9kbHRNc0ZCc3lLc2lQVXgxUVNaRDBLV2tKeWlMeW0rTFE0Y1phYmpNTjNDcElzNjF2emY2WG9mSzVGTkkxejhDSS9RY2hQNDZXcnVqeFNURXciLCJtYWMiOiIwODg4ODAwMTNlM2Y4YTgyZjM4YWE5ZTgzMjdiYTA1NGRmZWI2NTcwMWFkNGMyMWI3MWQzOGRkODcwZTIxMTdiIiwidGFnIjoiIn0%3D; expires=Fri, 17 Jan 2031 17:23:46 GMT; Max-Age=155520000; path=\/; secure; samesite=lax, thehub-session=eyJpdiI6IkZTWVNmb2o4QUF2cGxkTVdWTk93MlE9PSIsInZhbHVlIjoiWFFnYVVsV0ZBUUxja0lya2Z3SzdKZ2NHK3hNaVlKSTd4WEdCYUtOVndJMUk4eHZYRGFYTXFVMlhoK0wvZ1lNamdIakFvVVpFZWlXRXp6L2tnMHJraE9WZEpMbTVxUDczbm8zZU9CaVFUWGc4Y2c2WldIZDRXUzBLc0lTNi9RU2YiLCJtYWMiOiJmNDBhZjg4NTVlYWY3ZDZhYTU5ZTAzMWE4ZGM2YTgxMTNlNjEzOGRkZTlhMTYxYWJkZmJjNjg5MDM4OWE3NTczIiwidGFnIjoiIn0%3D; expires=Fri, 17 Jan 2031 17:23:46 GMT; Max-Age=155520000; path=\/; secure; httponly; samesite=lax"},"response_status":200,"response":{"success":true,"packages":[]},"duration":282,"memory":2,"hostname":"welllogix"}, 2026-02-12 11:23:46, ?, request, a1106007-a167-4fff-a435-9cc98dc5cab9)) {"exception":"[object] (Illuminate\\Database\\QueryException(code: 42S02): SQLSTATE[42S02]: Base table or view not found: 1146 Table 'woodson_hub.telescope_entries' doesn't exist (Connection: mysql, SQL: insert into `telescope_entries` (`batch_id`, `content`, `created_at`, `family_hash`, `type`, `uuid`) values (a1106007-a2ff-41bb-b621-e02c97d96cbe, {\"connection\":\"mysql\",\"driver\":\"mysql\",\"bindings\":[],\"sql\":\"select `package_id` from `section_installations` where `status` = 'installed'\",\"time\":\"1.47\",\"slow\":false,\"file\":\"\\/var\\/www\\/woodson\\/thehub\\/app\\/Http\\/Controllers\\/Admin\\/PackageController.php\",\"line\":128,\"hash\":\"3ca4c9b4a7ed4339ff678f679d956161\",\"hostname\":\"welllogix\"}, 2026-02-12 11:23:46, ?, query, a1106007-9ca2-40b1-90d9-0dcdb425a16b), (a1106007-a2ff-41bb-b621-e02c97d96cbe, {\"connection\":\"mysql\",\"driver\":\"mysql\",\"bindings\":[],\"sql\":\"select * from `section_packages` where `package_id` not in ('district.student-directory') and `can_install` = 1 and `validation_status` in ('validated', 'pass') order by `created_at` desc\",\"time\":\"0.80\",\"slow\":false,\"file\":\"\\/var\\/www\\/woodson\\/thehub\\/app\\/Http\\/Controllers\\/Admin\\/PackageController.php\",\"line\":135,\"hash\":\"a94249cb1f789a6092f7ccc8216ade3b\",\"hostname\":\"welllogix\"}, 2026-02-12 11:23:46, ?, query, a1106007-9ee2-4bd8-9ba7-d41134db5d43), (a1106007-a2ff-41bb-b621-e02c97d96cbe, {\"ip_address\":\"10.49.16.200\",\"uri\":\"\\/admin\\/packages\\/list?type=available\",\"method\":\"GET\",\"controller_action\":\"App\\\\Http\\\\Controllers\\\\Admin\\\\PackageController@list\",\"middleware\":[\"web\",\"auth:admin,super_admin\"],\"headers\":{\"host\":\"hub.woodsonisd.net\",\"priority\":\"u=1, i\",\"cookie\":\"THEHUB_SESSION=e7kj2r13j7e496lmuntlkkr905; PHPSESSID=015d7637d5036f36ccfdef68e4a1048e; XSRF-TOKEN=eyJpdiI6ImVXcEJQaUdhcGZ1d3NXeEc3WGxrY0E9PSIsInZhbHVlIjoiWUFTMlpFaFZDUDlqUE5JaUozNkQvZUxHSGhWb2VQNVE2WXczTFVML1p3bURsc0w2YjVNZzQ4SWxBYU1EaE12czlGMlhTdHdRQSs2UG1RTVFRMlNMSlRHVjB4aWFHREQ4MWdxbURDWUJLaGQwcTB5MDNLOEpCNy9oK2krTWNWNU8iLCJtYWMiOiJhNjU4YjdjMjZjODZjMjg2ZmY5MzIxOWIwNDc4MzM1ZDBkMGNiZTAzMDJlZjJlNzM5MmNlN2QwYjNkYjg5MzVlIiwidGFnIjoiIn0%3D; thehub-session=eyJpdiI6ImZqWnZKUlZnWmsvN0xBeDZneUI2ZkE9PSIsInZhbHVlIjoicEJoaDd1S2V5WVhtSVByL1VNQkU2YVV4L2xqeE5rMytkUmJqTzcydFlBaWpDd1plMy95QjdncU1CZE1zZkJQbnY4RjBlckZMUmNGanJFWnlxZmd2OSsxd1owYkw5bFBGTStQdW5HY3pqMGJWTDEvbXJDZ2ZHdlN4OXpnZ3R0MTYiLCJtYWMiOiI3ZjA4YzliZGM1OWRhYzdlYjMwOWQxZTI1ZmJiZDNlYWQxYWIxOWJmYjgwMzE1Mzg0ZjEwYjQ2YTU1YTBjZDdhIiwidGFnIjoiIn0%3D\",\"accept-language\":\"en-US,en;q=0.9\",\"accept-encoding\":\"gzip, deflate, br, zstd\",\"referer\":\"https:\\/\\/hub.woodsonisd.net\\/admin\\/packages\\/available\",\"sec-fetch-dest\":\"empty\",\"sec-fetch-mode\":\"cors\",\"sec-fetch-site\":\"same-origin\",\"accept\":\"*\\/*\",\"sec-ch-ua-mobile\":\"?0\",\"dnt\":\"1\",\"sec-ch-ua\":\"\\\"Not(A:Brand\\\";v=\\\"8\\\", \\\"Chromium\\\";v=\\\"144\\\", \\\"Google Chrome\\\";v=\\\"144\\\"\",\"user-agent\":\"Mozilla\\/5.0 (Windows NT 10.0; Win64; x64) AppleWebKit\\/537.36 (KHTML, like Gecko) Chrome\\/144.0.0.0 Safari\\/537.36\",\"sec-ch-ua-platform\":\"\\\"Windows\\\"\"},\"payload\":{\"type\":\"available\"},\"session\":{\"_token\":\"rZ3uqqPHpZRECR1htqk3HVmLQzoQLKwT4aaHc1I0\",\"_previous\":{\"url\":\"https:\\/\\/hub.woodsonisd.net\\/admin\\/packages\\/list?type=available\"},\"_flash\":{\"old\":[],\"new\":[]}},\"response_headers\":{\"cache-control\":\"no-cache, private\",\"date\":\"Thu, 12 Feb 2026 17:23:46 GMT\",\"content-type\":\"application\\/json\",\"set-cookie\":\"XSRF-TOKEN=eyJpdiI6ImF0aVlmYXlGVG1BTjBPR1lUYmlxalE9PSIsInZhbHVlIjoiY0NwZ3VXVGtWc3F0UVY1RjNxejIvcXhsZUFRMnV2cW05cis2YWx2S2w1OFZRZS9kbHRNc0ZCc3lLc2lQVXgxUVNaRDBLV2tKeWlMeW0rTFE0Y1phYmpNTjNDcElzNjF2emY2WG9mSzVGTkkxejhDSS9RY2hQNDZXcnVqeFNURXciLCJtYWMiOiIwODg4ODAwMTNlM2Y4YTgyZjM4YWE5ZTgzMjdiYTA1NGRmZWI2NTcwMWFkNGMyMWI3MWQzOGRkODcwZTIxMTdiIiwidGFnIjoiIn0%3D; expires=Fri, 17 Jan 2031 17:23:46 GMT; Max-Age=155520000; path=\\/; secure; samesite=lax, thehub-session=eyJpdiI6IkZTWVNmb2o4QUF2cGxkTVdWTk93MlE9PSIsInZhbHVlIjoiWFFnYVVsV0ZBUUxja0lya2Z3SzdKZ2NHK3hNaVlKSTd4WEdCYUtOVndJMUk4eHZYRGFYTXFVMlhoK0wvZ1lNamdIakFvVVpFZWlXRXp6L2tnMHJraE9WZEpMbTVxUDczbm8zZU9CaVFUWGc4Y2c2WldIZDRXUzBLc0lTNi9RU2YiLCJtYWMiOiJmNDBhZjg4NTVlYWY3ZDZhYTU5ZTAzMWE4ZGM2YTgxMTNlNjEzOGRkZTlhMTYxYWJkZmJjNjg5MDM4OWE3NTczIiwidGFnIjoiIn0%3D; expires=Fri, 17 Jan 2031 17:23:46 GMT; Max-Age=155520000; path=\\/; secure; httponly; samesite=lax\"},\"response_status\":200,\"response\":{\"success\":true,\"packages\":[]},\"duration\":282,\"memory\":2,\"hostname\":\"welllogix\"}, 2026-02-12 11:23:46, ?, request, a1106007-a167-4fff-a435-9cc98dc5cab9)) at /var/www/woodson/thehub/vendor/laravel/framework/src/Illuminate/Database/Connection.php:825)
[stacktrace]
#0 /var/www/woodson/thehub/vendor/laravel/framework/src/Illuminate/Database/Connection.php(779): Illuminate\\Database\\Connection->runQueryCallback()
#1 /var/www/woodson/thehub/vendor/laravel/framework/src/Illuminate/Database/MySqlConnection.php(42): Illuminate\\Database\\Connection->run()
#2 /var/www/woodson/thehub/vendor/laravel/framework/src/Illuminate/Database/Query/Builder.php(3717): Illuminate\\Database\\MySqlConnection->insert()
#3 /var/www/woodson/thehub/vendor/laravel/telescope/src/Storage/DatabaseEntriesRepository.php(145): Illuminate\\Database\\Query\\Builder->insert()
#4 /var/www/woodson/thehub/vendor/laravel/framework/src/Illuminate/Collections/Traits/EnumeratesValues.php(261): Laravel\\Telescope\\Storage\\DatabaseEntriesRepository->Laravel\\Telescope\\Storage\\{closure}()
#5 /var/www/woodson/thehub/vendor/laravel/telescope/src/Storage/DatabaseEntriesRepository.php(144): Illuminate\\Support\\Collection->each()
#6 /var/www/woodson/thehub/vendor/laravel/telescope/src/Telescope.php(664): Laravel\\Telescope\\Storage\\DatabaseEntriesRepository->store()
#7 [internal function]: Laravel\\Telescope\\Telescope::Laravel\\Telescope\\{closure}()
#8 /var/www/woodson/thehub/vendor/laravel/telescope/src/Telescope.php(289): call_user_func()
#9 /var/www/woodson/thehub/vendor/laravel/telescope/src/Telescope.php(656): Laravel\\Telescope\\Telescope::withoutRecording()
#10 /var/www/woodson/thehub/vendor/laravel/telescope/src/ListensForStorageOpportunities.php(65): Laravel\\Telescope\\Telescope::store()
#11 /var/www/woodson/thehub/vendor/laravel/framework/src/Illuminate/Container/BoundMethod.php(36): Laravel\\Telescope\\Telescope::Laravel\\Telescope\\{closure}()
#12 /var/www/woodson/thehub/vendor/laravel/framework/src/Illuminate/Container/Util.php(43): Illuminate\\Container\\BoundMethod::Illuminate\\Container\\{closure}()
#13 /var/www/woodson/thehub/vendor/laravel/framework/src/Illuminate/Container/BoundMethod.php(83): Illuminate\\Container\\Util::unwrapIfClosure()
#14 /var/www/woodson/thehub/vendor/laravel/framework/src/Illuminate/Container/BoundMethod.php(35): Illuminate\\Container\\BoundMethod::callBoundMethod()
#15 /var/www/woodson/thehub/vendor/laravel/framework/src/Illuminate/Container/Container.php(696): Illuminate\\Container\\BoundMethod::call()
#16 /var/www/woodson/thehub/vendor/laravel/framework/src/Illuminate/Foundation/Application.php(1452): Illuminate\\Container\\Container->call()
#17 /var/www/woodson/thehub/vendor/laravel/framework/src/Illuminate/Foundation/Http/Kernel.php(218): Illuminate\\Foundation\\Application->terminate()
#18 /var/www/woodson/thehub/public/laravel.php(40): Illuminate\\Foundation\\Http\\Kernel->terminate()
#19 {main}

[previous exception] [object] (PDOException(code: 42S02): SQLSTATE[42S02]: Base table or view not found: 1146 Table 'woodson_hub.telescope_entries' doesn't exist at /var/www/woodson/thehub/vendor/laravel/framework/src/Illuminate/Database/MySqlConnection.php:47)
[stacktrace]
#0 /var/www/woodson/thehub/vendor/laravel/framework/src/Illuminate/Database/MySqlConnection.php(47): PDO->prepare()
#1 /var/www/woodson/thehub/vendor/laravel/framework/src/Illuminate/Database/Connection.php(812): Illuminate\\Database\\MySqlConnection->Illuminate\\Database\\{closure}()
#2 /var/www/woodson/thehub/vendor/laravel/framework/src/Illuminate/Database/Connection.php(779): Illuminate\\Database\\Connection->runQueryCallback()
#3 /var/www/woodson/thehub/vendor/laravel/framework/src/Illuminate/Database/MySqlConnection.php(42): Illuminate\\Database\\Connection->run()
#4 /var/www/woodson/thehub/vendor/laravel/framework/src/Illuminate/Database/Query/Builder.php(3717): Illuminate\\Database\\MySqlConnection->insert()
#5 /var/www/woodson/thehub/vendor/laravel/telescope/src/Storage/DatabaseEntriesRepository.php(145): Illuminate\\Database\\Query\\Builder->insert()
#6 /var/www/woodson/thehub/vendor/laravel/framework/src/Illuminate/Collections/Traits/EnumeratesValues.php(261): Laravel\\Telescope\\Storage\\DatabaseEntriesRepository->Laravel\\Telescope\\Storage\\{closure}()
#7 /var/www/woodson/thehub/vendor/laravel/telescope/src/Storage/DatabaseEntriesRepository.php(144): Illuminate\\Support\\Collection->each()
#8 /var/www/woodson/thehub/vendor/laravel/telescope/src/Telescope.php(664): Laravel\\Telescope\\Storage\\DatabaseEntriesRepository->store()
#9 [internal function]: Laravel\\Telescope\\Telescope::Laravel\\Telescope\\{closure}()
#10 /var/www/woodson/thehub/vendor/laravel/telescope/src/Telescope.php(289): call_user_func()
#11 /var/www/woodson/thehub/vendor/laravel/telescope/src/Telescope.php(656): Laravel\\Telescope\\Telescope::withoutRecording()
#12 /var/www/woodson/thehub/vendor/laravel/telescope/src/ListensForStorageOpportunities.php(65): Laravel\\Telescope\\Telescope::store()
#13 /var/www/woodson/thehub/vendor/laravel/framework/src/Illuminate/Container/BoundMethod.php(36): Laravel\\Telescope\\Telescope::Laravel\\Telescope\\{closure}()
#14 /var/www/woodson/thehub/vendor/laravel/framework/src/Illuminate/Container/Util.php(43): Illuminate\\Container\\BoundMethod::Illuminate\\Container\\{closure}()
#15 /var/www/woodson/thehub/vendor/laravel/framework/src/Illuminate/Container/BoundMethod.php(83): Illuminate\\Container\\Util::unwrapIfClosure()
#16 /var/www/woodson/thehub/vendor/laravel/framework/src/Illuminate/Container/BoundMethod.php(35): Illuminate\\Container\\BoundMethod::callBoundMethod()
#17 /var/www/woodson/thehub/vendor/laravel/framework/src/Illuminate/Container/Container.php(696): Illuminate\\Container\\BoundMethod::call()
#18 /var/www/woodson/thehub/vendor/laravel/framework/src/Illuminate/Foundation/Application.php(1452): Illuminate\\Container\\Container->call()
#19 /var/www/woodson/thehub/vendor/laravel/framework/src/Illuminate/Foundation/Http/Kernel.php(218): Illuminate\\Foundation\\Application->terminate()
#20 /var/www/woodson/thehub/public/laravel.php(40): Illuminate\\Foundation\\Http\\Kernel->terminate()
#21 {main}
"} 
[2026-02-12 11:23:48] production.ERROR: SQLSTATE[42S02]: Base table or view not found: 1146 Table 'woodson_hub.telescope_entries' doesn't exist (Connection: mysql, SQL: insert into `telescope_entries` (`batch_id`, `content`, `created_at`, `family_hash`, `type`, `uuid`) values (a110600a-bec1-4663-91c3-770964270669, {"name":"admin.packages","path":"\/resources\/views\/admin\/packages.blade.php","data":["isSuperAdmin","view"],"hostname":"welllogix"}, 2026-02-12 11:23:48, ?, view, a110600a-b4d9-442d-a35d-6bf4e025e198), (a110600a-bec1-4663-91c3-770964270669, {"name":"layouts.admin","path":"\/resources\/views\/layouts\/admin.blade.php","data":["isSuperAdmin","view"],"hostname":"welllogix"}, 2026-02-12 11:23:48, ?, view, a110600a-b616-4c6d-b6e3-3ed13052685a), (a110600a-bec1-4663-91c3-770964270669, {"name":"layouts.enterprise","path":"\/resources\/views\/layouts\/enterprise.blade.php","data":["isSuperAdmin","view","context","navItems","activeItem","sidebarTitle","sidebarIcon","logoUrl","breadcrumbs"],"hostname":"welllogix"}, 2026-02-12 11:23:48, ?, view, a110600a-b7dc-49e6-9b3a-62143cb5d5f0), (a110600a-bec1-4663-91c3-770964270669, {"ip_address":"10.49.16.200","uri":"\/admin\/packages\/installed","method":"GET","controller_action":"App\\Http\\Controllers\\Admin\\PackageController@installed","middleware":["web","auth:admin,super_admin"],"headers":{"host":"hub.woodsonisd.net","priority":"u=0, i","cookie":"THEHUB_SESSION=e7kj2r13j7e496lmuntlkkr905; PHPSESSID=015d7637d5036f36ccfdef68e4a1048e; XSRF-TOKEN=eyJpdiI6ImF0aVlmYXlGVG1BTjBPR1lUYmlxalE9PSIsInZhbHVlIjoiY0NwZ3VXVGtWc3F0UVY1RjNxejIvcXhsZUFRMnV2cW05cis2YWx2S2w1OFZRZS9kbHRNc0ZCc3lLc2lQVXgxUVNaRDBLV2tKeWlMeW0rTFE0Y1phYmpNTjNDcElzNjF2emY2WG9mSzVGTkkxejhDSS9RY2hQNDZXcnVqeFNURXciLCJtYWMiOiIwODg4ODAwMTNlM2Y4YTgyZjM4YWE5ZTgzMjdiYTA1NGRmZWI2NTcwMWFkNGMyMWI3MWQzOGRkODcwZTIxMTdiIiwidGFnIjoiIn0%3D; thehub-session=eyJpdiI6IkZTWVNmb2o4QUF2cGxkTVdWTk93MlE9PSIsInZhbHVlIjoiWFFnYVVsV0ZBUUxja0lya2Z3SzdKZ2NHK3hNaVlKSTd4WEdCYUtOVndJMUk4eHZYRGFYTXFVMlhoK0wvZ1lNamdIakFvVVpFZWlXRXp6L2tnMHJraE9WZEpMbTVxUDczbm8zZU9CaVFUWGc4Y2c2WldIZDRXUzBLc0lTNi9RU2YiLCJtYWMiOiJmNDBhZjg4NTVlYWY3ZDZhYTU5ZTAzMWE4ZGM2YTgxMTNlNjEzOGRkZTlhMTYxYWJkZmJjNjg5MDM4OWE3NTczIiwidGFnIjoiIn0%3D","accept-language":"en-US,en;q=0.9","accept-encoding":"gzip, deflate, br, zstd","referer":"https:\/\/hub.woodsonisd.net\/admin\/packages\/available","sec-fetch-dest":"document","sec-fetch-user":"?1","sec-fetch-mode":"navigate","sec-fetch-site":"same-origin","accept":"text\/html,application\/xhtml+xml,application\/xml;q=0.9,image\/avif,image\/webp,image\/apng,*\/*;q=0.8,application\/signed-exchange;v=b3;q=0.7","user-agent":"Mozilla\/5.0 (Windows NT 10.0; Win64; x64) AppleWebKit\/537.36 (KHTML, like Gecko) Chrome\/144.0.0.0 Safari\/537.36","upgrade-insecure-requests":"1","dnt":"1","sec-ch-ua-platform":"\"Windows\"","sec-ch-ua-mobile":"?0","sec-ch-ua":"\"Not(A:Brand\";v=\"8\", \"Chromium\";v=\"144\", \"Google Chrome\";v=\"144\""},"payload":[],"session":{"_token":"rZ3uqqPHpZRECR1htqk3HVmLQzoQLKwT4aaHc1I0","_previous":{"url":"https:\/\/hub.woodsonisd.net\/admin\/packages\/installed"},"_flash":{"old":[],"new":[]}},"response_headers":{"content-type":"text\/html; charset=UTF-8","cache-control":"no-cache, private","date":"Thu, 12 Feb 2026 17:23:48 GMT","set-cookie":"XSRF-TOKEN=eyJpdiI6IlZxQ29XNUVSc0VZS3Y1Nk16NVBNQVE9PSIsInZhbHVlIjoiYVlxRDBXSUdmZmYwRkxCUGRrc3lhZXQ0anp6eE1UQTBKaHhTNWU4ZlpKalA0amd1WTJjZnc4eFFBRms0bW82MFdmeEIrU3NwcTBTa2NhaWU5T0ZtVVQ1N0Z1RUtja0ZBWjdnZ2lYMDl5V2VhanJzZlhmM1dpUWpWZ29XemwvZ1MiLCJtYWMiOiI1YTAzZjVlNmUyMGY5ZjdkY2UzMjNhYmE4ZDQwYTQ2YTUyODYwZTQ5NjcyOGNkNjRkYTJkZDBjODIzMDkzZTBhIiwidGFnIjoiIn0%3D; expires=Fri, 17 Jan 2031 17:23:48 GMT; Max-Age=155520000; path=\/; secure; samesite=lax, thehub-session=eyJpdiI6IkltWDZEWVlLMnJXMHk4Z3F1YXFFVFE9PSIsInZhbHVlIjoiS0xmNGJzQzJtdHFaclZQbjZVUFdwRTNsaGFORFFRR1c0ZndtU2ZrQ29vaFU0VCtmMFNUMXFCS0Q1Yk9GYjNDM01makJWcnYxb2lTTUxQRUJWRUdqODRDTXphZ2VJcnFYS0h0Tk9aU04veUVDd1M3VGZwL3ZPaTRiVjk0TnNHMFkiLCJtYWMiOiIxNWY5NGNkYTIyYjM2MTQzOTQxZGJjYTc4OGE4ZjM4NjdmY2RmZjA1NTM3ZWIwMWI4MzM0YjVmMWM5NDVjNzUwIiwidGFnIjoiIn0%3D; expires=Fri, 17 Jan 2031 17:23:48 GMT; Max-Age=155520000; path=\/; secure; httponly; samesite=lax"},"response_status":200,"response":{"view":"\/var\/www\/woodson\/thehub\/resources\/views\/admin\/packages.blade.php","data":{"isSuperAdmin":true,"view":"installed"}},"duration":132,"memory":4,"hostname":"welllogix"}, 2026-02-12 11:23:48, ?, request, a110600a-bb10-426f-9b35-aac9583fdbeb)) {"exception":"[object] (Illuminate\\Database\\QueryException(code: 42S02): SQLSTATE[42S02]: Base table or view not found: 1146 Table 'woodson_hub.telescope_entries' doesn't exist (Connection: mysql, SQL: insert into `telescope_entries` (`batch_id`, `content`, `created_at`, `family_hash`, `type`, `uuid`) values (a110600a-bec1-4663-91c3-770964270669, {\"name\":\"admin.packages\",\"path\":\"\\/resources\\/views\\/admin\\/packages.blade.php\",\"data\":[\"isSuperAdmin\",\"view\"],\"hostname\":\"welllogix\"}, 2026-02-12 11:23:48, ?, view, a110600a-b4d9-442d-a35d-6bf4e025e198), (a110600a-bec1-4663-91c3-770964270669, {\"name\":\"layouts.admin\",\"path\":\"\\/resources\\/views\\/layouts\\/admin.blade.php\",\"data\":[\"isSuperAdmin\",\"view\"],\"hostname\":\"welllogix\"}, 2026-02-12 11:23:48, ?, view, a110600a-b616-4c6d-b6e3-3ed13052685a), (a110600a-bec1-4663-91c3-770964270669, {\"name\":\"layouts.enterprise\",\"path\":\"\\/resources\\/views\\/layouts\\/enterprise.blade.php\",\"data\":[\"isSuperAdmin\",\"view\",\"context\",\"navItems\",\"activeItem\",\"sidebarTitle\",\"sidebarIcon\",\"logoUrl\",\"breadcrumbs\"],\"hostname\":\"welllogix\"}, 2026-02-12 11:23:48, ?, view, a110600a-b7dc-49e6-9b3a-62143cb5d5f0), (a110600a-bec1-4663-91c3-770964270669, {\"ip_address\":\"10.49.16.200\",\"uri\":\"\\/admin\\/packages\\/installed\",\"method\":\"GET\",\"controller_action\":\"App\\\\Http\\\\Controllers\\\\Admin\\\\PackageController@installed\",\"middleware\":[\"web\",\"auth:admin,super_admin\"],\"headers\":{\"host\":\"hub.woodsonisd.net\",\"priority\":\"u=0, i\",\"cookie\":\"THEHUB_SESSION=e7kj2r13j7e496lmuntlkkr905; PHPSESSID=015d7637d5036f36ccfdef68e4a1048e; XSRF-TOKEN=eyJpdiI6ImF0aVlmYXlGVG1BTjBPR1lUYmlxalE9PSIsInZhbHVlIjoiY0NwZ3VXVGtWc3F0UVY1RjNxejIvcXhsZUFRMnV2cW05cis2YWx2S2w1OFZRZS9kbHRNc0ZCc3lLc2lQVXgxUVNaRDBLV2tKeWlMeW0rTFE0Y1phYmpNTjNDcElzNjF2emY2WG9mSzVGTkkxejhDSS9RY2hQNDZXcnVqeFNURXciLCJtYWMiOiIwODg4ODAwMTNlM2Y4YTgyZjM4YWE5ZTgzMjdiYTA1NGRmZWI2NTcwMWFkNGMyMWI3MWQzOGRkODcwZTIxMTdiIiwidGFnIjoiIn0%3D; thehub-session=eyJpdiI6IkZTWVNmb2o4QUF2cGxkTVdWTk93MlE9PSIsInZhbHVlIjoiWFFnYVVsV0ZBUUxja0lya2Z3SzdKZ2NHK3hNaVlKSTd4WEdCYUtOVndJMUk4eHZYRGFYTXFVMlhoK0wvZ1lNamdIakFvVVpFZWlXRXp6L2tnMHJraE9WZEpMbTVxUDczbm8zZU9CaVFUWGc4Y2c2WldIZDRXUzBLc0lTNi9RU2YiLCJtYWMiOiJmNDBhZjg4NTVlYWY3ZDZhYTU5ZTAzMWE4ZGM2YTgxMTNlNjEzOGRkZTlhMTYxYWJkZmJjNjg5MDM4OWE3NTczIiwidGFnIjoiIn0%3D\",\"accept-language\":\"en-US,en;q=0.9\",\"accept-encoding\":\"gzip, deflate, br, zstd\",\"referer\":\"https:\\/\\/hub.woodsonisd.net\\/admin\\/packages\\/available\",\"sec-fetch-dest\":\"document\",\"sec-fetch-user\":\"?1\",\"sec-fetch-mode\":\"navigate\",\"sec-fetch-site\":\"same-origin\",\"accept\":\"text\\/html,application\\/xhtml+xml,application\\/xml;q=0.9,image\\/avif,image\\/webp,image\\/apng,*\\/*;q=0.8,application\\/signed-exchange;v=b3;q=0.7\",\"user-agent\":\"Mozilla\\/5.0 (Windows NT 10.0; Win64; x64) AppleWebKit\\/537.36 (KHTML, like Gecko) Chrome\\/144.0.0.0 Safari\\/537.36\",\"upgrade-insecure-requests\":\"1\",\"dnt\":\"1\",\"sec-ch-ua-platform\":\"\\\"Windows\\\"\",\"sec-ch-ua-mobile\":\"?0\",\"sec-ch-ua\":\"\\\"Not(A:Brand\\\";v=\\\"8\\\", \\\"Chromium\\\";v=\\\"144\\\", \\\"Google Chrome\\\";v=\\\"144\\\"\"},\"payload\":[],\"session\":{\"_token\":\"rZ3uqqPHpZRECR1htqk3HVmLQzoQLKwT4aaHc1I0\",\"_previous\":{\"url\":\"https:\\/\\/hub.woodsonisd.net\\/admin\\/packages\\/installed\"},\"_flash\":{\"old\":[],\"new\":[]}},\"response_headers\":{\"content-type\":\"text\\/html; charset=UTF-8\",\"cache-control\":\"no-cache, private\",\"date\":\"Thu, 12 Feb 2026 17:23:48 GMT\",\"set-cookie\":\"XSRF-TOKEN=eyJpdiI6IlZxQ29XNUVSc0VZS3Y1Nk16NVBNQVE9PSIsInZhbHVlIjoiYVlxRDBXSUdmZmYwRkxCUGRrc3lhZXQ0anp6eE1UQTBKaHhTNWU4ZlpKalA0amd1WTJjZnc4eFFBRms0bW82MFdmeEIrU3NwcTBTa2NhaWU5T0ZtVVQ1N0Z1RUtja0ZBWjdnZ2lYMDl5V2VhanJzZlhmM1dpUWpWZ29XemwvZ1MiLCJtYWMiOiI1YTAzZjVlNmUyMGY5ZjdkY2UzMjNhYmE4ZDQwYTQ2YTUyODYwZTQ5NjcyOGNkNjRkYTJkZDBjODIzMDkzZTBhIiwidGFnIjoiIn0%3D; expires=Fri, 17 Jan 2031 17:23:48 GMT; Max-Age=155520000; path=\\/; secure; samesite=lax, thehub-session=eyJpdiI6IkltWDZEWVlLMnJXMHk4Z3F1YXFFVFE9PSIsInZhbHVlIjoiS0xmNGJzQzJtdHFaclZQbjZVUFdwRTNsaGFORFFRR1c0ZndtU2ZrQ29vaFU0VCtmMFNUMXFCS0Q1Yk9GYjNDM01makJWcnYxb2lTTUxQRUJWRUdqODRDTXphZ2VJcnFYS0h0Tk9aU04veUVDd1M3VGZwL3ZPaTRiVjk0TnNHMFkiLCJtYWMiOiIxNWY5NGNkYTIyYjM2MTQzOTQxZGJjYTc4OGE4ZjM4NjdmY2RmZjA1NTM3ZWIwMWI4MzM0YjVmMWM5NDVjNzUwIiwidGFnIjoiIn0%3D; expires=Fri, 17 Jan 2031 17:23:48 GMT; Max-Age=155520000; path=\\/; secure; httponly; samesite=lax\"},\"response_status\":200,\"response\":{\"view\":\"\\/var\\/www\\/woodson\\/thehub\\/resources\\/views\\/admin\\/packages.blade.php\",\"data\":{\"isSuperAdmin\":true,\"view\":\"installed\"}},\"duration\":132,\"memory\":4,\"hostname\":\"welllogix\"}, 2026-02-12 11:23:48, ?, request, a110600a-bb10-426f-9b35-aac9583fdbeb)) at /var/www/woodson/thehub/vendor/laravel/framework/src/Illuminate/Database/Connection.php:825)
[stacktrace]
#0 /var/www/woodson/thehub/vendor/laravel/framework/src/Illuminate/Database/Connection.php(779): Illuminate\\Database\\Connection->runQueryCallback()
#1 /var/www/woodson/thehub/vendor/laravel/framework/src/Illuminate/Database/MySqlConnection.php(42): Illuminate\\Database\\Connection->run()
#2 /var/www/woodson/thehub/vendor/laravel/framework/src/Illuminate/Database/Query/Builder.php(3717): Illuminate\\Database\\MySqlConnection->insert()
#3 /var/www/woodson/thehub/vendor/laravel/telescope/src/Storage/DatabaseEntriesRepository.php(145): Illuminate\\Database\\Query\\Builder->insert()
#4 /var/www/woodson/thehub/vendor/laravel/framework/src/Illuminate/Collections/Traits/EnumeratesValues.php(261): Laravel\\Telescope\\Storage\\DatabaseEntriesRepository->Laravel\\Telescope\\Storage\\{closure}()
#5 /var/www/woodson/thehub/vendor/laravel/telescope/src/Storage/DatabaseEntriesRepository.php(144): Illuminate\\Support\\Collection->each()
#6 /var/www/woodson/thehub/vendor/laravel/telescope/src/Telescope.php(664): Laravel\\Telescope\\Storage\\DatabaseEntriesRepository->store()
#7 [internal function]: Laravel\\Telescope\\Telescope::Laravel\\Telescope\\{closure}()
#8 /var/www/woodson/thehub/vendor/laravel/telescope/src/Telescope.php(289): call_user_func()
#9 /var/www/woodson/thehub/vendor/laravel/telescope/src/Telescope.php(656): Laravel\\Telescope\\Telescope::withoutRecording()
#10 /var/www/woodson/thehub/vendor/laravel/telescope/src/ListensForStorageOpportunities.php(65): Laravel\\Telescope\\Telescope::store()
#11 /var/www/woodson/thehub/vendor/laravel/framework/src/Illuminate/Container/BoundMethod.php(36): Laravel\\Telescope\\Telescope::Laravel\\Telescope\\{closure}()
#12 /var/www/woodson/thehub/vendor/laravel/framework/src/Illuminate/Container/Util.php(43): Illuminate\\Container\\BoundMethod::Illuminate\\Container\\{closure}()
#13 /var/www/woodson/thehub/vendor/laravel/framework/src/Illuminate/Container/BoundMethod.php(83): Illuminate\\Container\\Util::unwrapIfClosure()
#14 /var/www/woodson/thehub/vendor/laravel/framework/src/Illuminate/Container/BoundMethod.php(35): Illuminate\\Container\\BoundMethod::callBoundMethod()
#15 /var/www/woodson/thehub/vendor/laravel/framework/src/Illuminate/Container/Container.php(696): Illuminate\\Container\\BoundMethod::call()
#16 /var/www/woodson/thehub/vendor/laravel/framework/src/Illuminate/Foundation/Application.php(1452): Illuminate\\Container\\Container->call()
#17 /var/www/woodson/thehub/vendor/laravel/framework/src/Illuminate/Foundation/Http/Kernel.php(218): Illuminate\\Foundation\\Application->terminate()
#18 /var/www/woodson/thehub/public/laravel.php(40): Illuminate\\Foundation\\Http\\Kernel->terminate()
#19 {main}

[previous exception] [object] (PDOException(code: 42S02): SQLSTATE[42S02]: Base table or view not found: 1146 Table 'woodson_hub.telescope_entries' doesn't exist at /var/www/woodson/thehub/vendor/laravel/framework/src/Illuminate/Database/MySqlConnection.php:47)
[stacktrace]
#0 /var/www/woodson/thehub/vendor/laravel/framework/src/Illuminate/Database/MySqlConnection.php(47): PDO->prepare()
#1 /var/www/woodson/thehub/vendor/laravel/framework/src/Illuminate/Database/Connection.php(812): Illuminate\\Database\\MySqlConnection->Illuminate\\Database\\{closure}()
#2 /var/www/woodson/thehub/vendor/laravel/framework/src/Illuminate/Database/Connection.php(779): Illuminate\\Database\\Connection->runQueryCallback()
#3 /var/www/woodson/thehub/vendor/laravel/framework/src/Illuminate/Database/MySqlConnection.php(42): Illuminate\\Database\\Connection->run()
#4 /var/www/woodson/thehub/vendor/laravel/framework/src/Illuminate/Database/Query/Builder.php(3717): Illuminate\\Database\\MySqlConnection->insert()
#5 /var/www/woodson/thehub/vendor/laravel/telescope/src/Storage/DatabaseEntriesRepository.php(145): Illuminate\\Database\\Query\\Builder->insert()
#6 /var/www/woodson/thehub/vendor/laravel/framework/src/Illuminate/Collections/Traits/EnumeratesValues.php(261): Laravel\\Telescope\\Storage\\DatabaseEntriesRepository->Laravel\\Telescope\\Storage\\{closure}()
#7 /var/www/woodson/thehub/vendor/laravel/telescope/src/Storage/DatabaseEntriesRepository.php(144): Illuminate\\Support\\Collection->each()
#8 /var/www/woodson/thehub/vendor/laravel/telescope/src/Telescope.php(664): Laravel\\Telescope\\Storage\\DatabaseEntriesRepository->store()
#9 [internal function]: Laravel\\Telescope\\Telescope::Laravel\\Telescope\\{closure}()
#10 /var/www/woodson/thehub/vendor/laravel/telescope/src/Telescope.php(289): call_user_func()
#11 /var/www/woodson/thehub/vendor/laravel/telescope/src/Telescope.php(656): Laravel\\Telescope\\Telescope::withoutRecording()
#12 /var/www/woodson/thehub/vendor/laravel/telescope/src/ListensForStorageOpportunities.php(65): Laravel\\Telescope\\Telescope::store()
#13 /var/www/woodson/thehub/vendor/laravel/framework/src/Illuminate/Container/BoundMethod.php(36): Laravel\\Telescope\\Telescope::Laravel\\Telescope\\{closure}()
#14 /var/www/woodson/thehub/vendor/laravel/framework/src/Illuminate/Container/Util.php(43): Illuminate\\Container\\BoundMethod::Illuminate\\Container\\{closure}()
#15 /var/www/woodson/thehub/vendor/laravel/framework/src/Illuminate/Container/BoundMethod.php(83): Illuminate\\Container\\Util::unwrapIfClosure()
#16 /var/www/woodson/thehub/vendor/laravel/framework/src/Illuminate/Container/BoundMethod.php(35): Illuminate\\Container\\BoundMethod::callBoundMethod()
#17 /var/www/woodson/thehub/vendor/laravel/framework/src/Illuminate/Container/Container.php(696): Illuminate\\Container\\BoundMethod::call()
#18 /var/www/woodson/thehub/vendor/laravel/framework/src/Illuminate/Foundation/Application.php(1452): Illuminate\\Container\\Container->call()
#19 /var/www/woodson/thehub/vendor/laravel/framework/src/Illuminate/Foundation/Http/Kernel.php(218): Illuminate\\Foundation\\Application->terminate()
#20 /var/www/woodson/thehub/public/laravel.php(40): Illuminate\\Foundation\\Http\\Kernel->terminate()
#21 {main}
"} 
[2026-02-12 11:23:48] production.ERROR: SQLSTATE[42S02]: Base table or view not found: 1146 Table 'woodson_hub.telescope_entries' doesn't exist (Connection: mysql, SQL: insert into `telescope_entries` (`batch_id`, `content`, `created_at`, `family_hash`, `type`, `uuid`) values (a110600b-033a-4125-b614-635cc3edf5ca, {"ip_address":"10.49.16.200","uri":"\/admin\/packages\/list?type=installed","method":"GET","controller_action":"App\\Http\\Controllers\\Admin\\PackageController@list","middleware":["web","auth:admin,super_admin"],"headers":{"host":"hub.woodsonisd.net","priority":"u=1, i","cookie":"THEHUB_SESSION=e7kj2r13j7e496lmuntlkkr905; PHPSESSID=015d7637d5036f36ccfdef68e4a1048e; XSRF-TOKEN=eyJpdiI6IlZxQ29XNUVSc0VZS3Y1Nk16NVBNQVE9PSIsInZhbHVlIjoiYVlxRDBXSUdmZmYwRkxCUGRrc3lhZXQ0anp6eE1UQTBKaHhTNWU4ZlpKalA0amd1WTJjZnc4eFFBRms0bW82MFdmeEIrU3NwcTBTa2NhaWU5T0ZtVVQ1N0Z1RUtja0ZBWjdnZ2lYMDl5V2VhanJzZlhmM1dpUWpWZ29XemwvZ1MiLCJtYWMiOiI1YTAzZjVlNmUyMGY5ZjdkY2UzMjNhYmE4ZDQwYTQ2YTUyODYwZTQ5NjcyOGNkNjRkYTJkZDBjODIzMDkzZTBhIiwidGFnIjoiIn0%3D; thehub-session=eyJpdiI6IkltWDZEWVlLMnJXMHk4Z3F1YXFFVFE9PSIsInZhbHVlIjoiS0xmNGJzQzJtdHFaclZQbjZVUFdwRTNsaGFORFFRR1c0ZndtU2ZrQ29vaFU0VCtmMFNUMXFCS0Q1Yk9GYjNDM01makJWcnYxb2lTTUxQRUJWRUdqODRDTXphZ2VJcnFYS0h0Tk9aU04veUVDd1M3VGZwL3ZPaTRiVjk0TnNHMFkiLCJtYWMiOiIxNWY5NGNkYTIyYjM2MTQzOTQxZGJjYTc4OGE4ZjM4NjdmY2RmZjA1NTM3ZWIwMWI4MzM0YjVmMWM5NDVjNzUwIiwidGFnIjoiIn0%3D","accept-language":"en-US,en;q=0.9","accept-encoding":"gzip, deflate, br, zstd","referer":"https:\/\/hub.woodsonisd.net\/admin\/packages\/installed","sec-fetch-dest":"empty","sec-fetch-mode":"cors","sec-fetch-site":"same-origin","accept":"*\/*","sec-ch-ua-mobile":"?0","dnt":"1","sec-ch-ua":"\"Not(A:Brand\";v=\"8\", \"Chromium\";v=\"144\", \"Google Chrome\";v=\"144\"","user-agent":"Mozilla\/5.0 (Windows NT 10.0; Win64; x64) AppleWebKit\/537.36 (KHTML, like Gecko) Chrome\/144.0.0.0 Safari\/537.36","sec-ch-ua-platform":"\"Windows\""},"payload":{"type":"installed"},"session":{"_token":"rZ3uqqPHpZRECR1htqk3HVmLQzoQLKwT4aaHc1I0","_previous":{"url":"https:\/\/hub.woodsonisd.net\/admin\/packages\/list?type=installed"},"_flash":{"old":[],"new":[]}},"response_headers":{"cache-control":"no-cache, private","date":"Thu, 12 Feb 2026 17:23:48 GMT","content-type":"application\/json","set-cookie":"XSRF-TOKEN=eyJpdiI6IlZROGJES05lY0dEcm9MTS8wVDVoQXc9PSIsInZhbHVlIjoiblFaZjd6OVBCd1ZLUWdaY3NrS0E0VW9tejRCR2QzYVdXVy96OFJXSTNjV2cyamgwSUNHMWhHcDd5aHdKc0VQU2pNT2VqS20yQlpHSXE0T3czOXh5WUIxaFNMenBVQi84cndPSlhCU0FPYlBydmNJSkFqQjVJdGduM3NZODRHL3MiLCJtYWMiOiI2NGI0ODA1NmU4YzhmYWZhZDExODdkYTI3MTQ2ZmExYzUyMGMzNDZmOTNhOTMxMDI2ZjRmYTEwN2YzZjYzNmZkIiwidGFnIjoiIn0%3D; expires=Fri, 17 Jan 2031 17:23:48 GMT; Max-Age=155520000; path=\/; secure; samesite=lax, thehub-session=eyJpdiI6IlNuK2YweXJDTXI5QmR3UlFOUHAySEE9PSIsInZhbHVlIjoieXVEQWZVenltSS9nL1lBSmNuZldZNnRrdDJWMXVUL2Z4S293bUI5QjhQQ0FCWEZJSVJxTFdRd0JwOXo3d3ZCa1R3Um1FeGhENjJKUHNqbnF0emVlOGNCWHdsRkNmcXR2cVFVcmZUVktOSWk0RHFBM3doR0tiMDVqU2NuWDFoSjEiLCJtYWMiOiJmNmZlZDIzYjk5NTk5MDA5NTk2MzY0Mjk5OTYxY2RmNWQyMTYyMWMyNzMzMTQ1Y2FkMDgwZjhiYzM0YTg4ZjZhIiwidGFnIjoiIn0%3D; expires=Fri, 17 Jan 2031 17:23:48 GMT; Max-Age=155520000; path=\/; secure; httponly; samesite=lax"},"response_status":200,"response":{"success":true,"packages":[{"id":63,"section_id":2677,"package_id":"district.student-directory","package_record_id":117,"installed_version":"1.0.0","available_version":null,"auto_update":0,"status":"installed","installed_by":null,"installed_at":"2026-02-12 17:07:32","upgraded_at":null,"updated_at":"2026-02-12 17:07:32","slug":"student-directory","display_name":"Student Directory","icon":"bi-people-fill","is_active":1,"latest_available_version":"1.0.0"}]},"duration":117,"memory":2,"hostname":"welllogix"}, 2026-02-12 11:23:48, ?, request, a110600b-0166-4d26-8020-ac7195237e28)) {"exception":"[object] (Illuminate\\Database\\QueryException(code: 42S02): SQLSTATE[42S02]: Base table or view not found: 1146 Table 'woodson_hub.telescope_entries' doesn't exist (Connection: mysql, SQL: insert into `telescope_entries` (`batch_id`, `content`, `created_at`, `family_hash`, `type`, `uuid`) values (a110600b-033a-4125-b614-635cc3edf5ca, {\"ip_address\":\"10.49.16.200\",\"uri\":\"\\/admin\\/packages\\/list?type=installed\",\"method\":\"GET\",\"controller_action\":\"App\\\\Http\\\\Controllers\\\\Admin\\\\PackageController@list\",\"middleware\":[\"web\",\"auth:admin,super_admin\"],\"headers\":{\"host\":\"hub.woodsonisd.net\",\"priority\":\"u=1, i\",\"cookie\":\"THEHUB_SESSION=e7kj2r13j7e496lmuntlkkr905; PHPSESSID=015d7637d5036f36ccfdef68e4a1048e; XSRF-TOKEN=eyJpdiI6IlZxQ29XNUVSc0VZS3Y1Nk16NVBNQVE9PSIsInZhbHVlIjoiYVlxRDBXSUdmZmYwRkxCUGRrc3lhZXQ0anp6eE1UQTBKaHhTNWU4ZlpKalA0amd1WTJjZnc4eFFBRms0bW82MFdmeEIrU3NwcTBTa2NhaWU5T0ZtVVQ1N0Z1RUtja0ZBWjdnZ2lYMDl5V2VhanJzZlhmM1dpUWpWZ29XemwvZ1MiLCJtYWMiOiI1YTAzZjVlNmUyMGY5ZjdkY2UzMjNhYmE4ZDQwYTQ2YTUyODYwZTQ5NjcyOGNkNjRkYTJkZDBjODIzMDkzZTBhIiwidGFnIjoiIn0%3D; thehub-session=eyJpdiI6IkltWDZEWVlLMnJXMHk4Z3F1YXFFVFE9PSIsInZhbHVlIjoiS0xmNGJzQzJtdHFaclZQbjZVUFdwRTNsaGFORFFRR1c0ZndtU2ZrQ29vaFU0VCtmMFNUMXFCS0Q1Yk9GYjNDM01makJWcnYxb2lTTUxQRUJWRUdqODRDTXphZ2VJcnFYS0h0Tk9aU04veUVDd1M3VGZwL3ZPaTRiVjk0TnNHMFkiLCJtYWMiOiIxNWY5NGNkYTIyYjM2MTQzOTQxZGJjYTc4OGE4ZjM4NjdmY2RmZjA1NTM3ZWIwMWI4MzM0YjVmMWM5NDVjNzUwIiwidGFnIjoiIn0%3D\",\"accept-language\":\"en-US,en;q=0.9\",\"accept-encoding\":\"gzip, deflate, br, zstd\",\"referer\":\"https:\\/\\/hub.woodsonisd.net\\/admin\\/packages\\/installed\",\"sec-fetch-dest\":\"empty\",\"sec-fetch-mode\":\"cors\",\"sec-fetch-site\":\"same-origin\",\"accept\":\"*\\/*\",\"sec-ch-ua-mobile\":\"?0\",\"dnt\":\"1\",\"sec-ch-ua\":\"\\\"Not(A:Brand\\\";v=\\\"8\\\", \\\"Chromium\\\";v=\\\"144\\\", \\\"Google Chrome\\\";v=\\\"144\\\"\",\"user-agent\":\"Mozilla\\/5.0 (Windows NT 10.0; Win64; x64) AppleWebKit\\/537.36 (KHTML, like Gecko) Chrome\\/144.0.0.0 Safari\\/537.36\",\"sec-ch-ua-platform\":\"\\\"Windows\\\"\"},\"payload\":{\"type\":\"installed\"},\"session\":{\"_token\":\"rZ3uqqPHpZRECR1htqk3HVmLQzoQLKwT4aaHc1I0\",\"_previous\":{\"url\":\"https:\\/\\/hub.woodsonisd.net\\/admin\\/packages\\/list?type=installed\"},\"_flash\":{\"old\":[],\"new\":[]}},\"response_headers\":{\"cache-control\":\"no-cache, private\",\"date\":\"Thu, 12 Feb 2026 17:23:48 GMT\",\"content-type\":\"application\\/json\",\"set-cookie\":\"XSRF-TOKEN=eyJpdiI6IlZROGJES05lY0dEcm9MTS8wVDVoQXc9PSIsInZhbHVlIjoiblFaZjd6OVBCd1ZLUWdaY3NrS0E0VW9tejRCR2QzYVdXVy96OFJXSTNjV2cyamgwSUNHMWhHcDd5aHdKc0VQU2pNT2VqS20yQlpHSXE0T3czOXh5WUIxaFNMenBVQi84cndPSlhCU0FPYlBydmNJSkFqQjVJdGduM3NZODRHL3MiLCJtYWMiOiI2NGI0ODA1NmU4YzhmYWZhZDExODdkYTI3MTQ2ZmExYzUyMGMzNDZmOTNhOTMxMDI2ZjRmYTEwN2YzZjYzNmZkIiwidGFnIjoiIn0%3D; expires=Fri, 17 Jan 2031 17:23:48 GMT; Max-Age=155520000; path=\\/; secure; samesite=lax, thehub-session=eyJpdiI6IlNuK2YweXJDTXI5QmR3UlFOUHAySEE9PSIsInZhbHVlIjoieXVEQWZVenltSS9nL1lBSmNuZldZNnRrdDJWMXVUL2Z4S293bUI5QjhQQ0FCWEZJSVJxTFdRd0JwOXo3d3ZCa1R3Um1FeGhENjJKUHNqbnF0emVlOGNCWHdsRkNmcXR2cVFVcmZUVktOSWk0RHFBM3doR0tiMDVqU2NuWDFoSjEiLCJtYWMiOiJmNmZlZDIzYjk5NTk5MDA5NTk2MzY0Mjk5OTYxY2RmNWQyMTYyMWMyNzMzMTQ1Y2FkMDgwZjhiYzM0YTg4ZjZhIiwidGFnIjoiIn0%3D; expires=Fri, 17 Jan 2031 17:23:48 GMT; Max-Age=155520000; path=\\/; secure; httponly; samesite=lax\"},\"response_status\":200,\"response\":{\"success\":true,\"packages\":[{\"id\":63,\"section_id\":2677,\"package_id\":\"district.student-directory\",\"package_record_id\":117,\"installed_version\":\"1.0.0\",\"available_version\":null,\"auto_update\":0,\"status\":\"installed\",\"installed_by\":null,\"installed_at\":\"2026-02-12 17:07:32\",\"upgraded_at\":null,\"updated_at\":\"2026-02-12 17:07:32\",\"slug\":\"student-directory\",\"display_name\":\"Student Directory\",\"icon\":\"bi-people-fill\",\"is_active\":1,\"latest_available_version\":\"1.0.0\"}]},\"duration\":117,\"memory\":2,\"hostname\":\"welllogix\"}, 2026-02-12 11:23:48, ?, request, a110600b-0166-4d26-8020-ac7195237e28)) at /var/www/woodson/thehub/vendor/laravel/framework/src/Illuminate/Database/Connection.php:825)
[stacktrace]
#0 /var/www/woodson/thehub/vendor/laravel/framework/src/Illuminate/Database/Connection.php(779): Illuminate\\Database\\Connection->runQueryCallback()
#1 /var/www/woodson/thehub/vendor/laravel/framework/src/Illuminate/Database/MySqlConnection.php(42): Illuminate\\Database\\Connection->run()
#2 /var/www/woodson/thehub/vendor/laravel/framework/src/Illuminate/Database/Query/Builder.php(3717): Illuminate\\Database\\MySqlConnection->insert()
#3 /var/www/woodson/thehub/vendor/laravel/telescope/src/Storage/DatabaseEntriesRepository.php(145): Illuminate\\Database\\Query\\Builder->insert()
#4 /var/www/woodson/thehub/vendor/laravel/framework/src/Illuminate/Collections/Traits/EnumeratesValues.php(261): Laravel\\Telescope\\Storage\\DatabaseEntriesRepository->Laravel\\Telescope\\Storage\\{closure}()
#5 /var/www/woodson/thehub/vendor/laravel/telescope/src/Storage/DatabaseEntriesRepository.php(144): Illuminate\\Support\\Collection->each()
#6 /var/www/woodson/thehub/vendor/laravel/telescope/src/Telescope.php(664): Laravel\\Telescope\\Storage\\DatabaseEntriesRepository->store()
#7 [internal function]: Laravel\\Telescope\\Telescope::Laravel\\Telescope\\{closure}()
#8 /var/www/woodson/thehub/vendor/laravel/telescope/src/Telescope.php(289): call_user_func()
#9 /var/www/woodson/thehub/vendor/laravel/telescope/src/Telescope.php(656): Laravel\\Telescope\\Telescope::withoutRecording()
#10 /var/www/woodson/thehub/vendor/laravel/telescope/src/ListensForStorageOpportunities.php(65): Laravel\\Telescope\\Telescope::store()
#11 /var/www/woodson/thehub/vendor/laravel/framework/src/Illuminate/Container/BoundMethod.php(36): Laravel\\Telescope\\Telescope::Laravel\\Telescope\\{closure}()
#12 /var/www/woodson/thehub/vendor/laravel/framework/src/Illuminate/Container/Util.php(43): Illuminate\\Container\\BoundMethod::Illuminate\\Container\\{closure}()
#13 /var/www/woodson/thehub/vendor/laravel/framework/src/Illuminate/Container/BoundMethod.php(83): Illuminate\\Container\\Util::unwrapIfClosure()
#14 /var/www/woodson/thehub/vendor/laravel/framework/src/Illuminate/Container/BoundMethod.php(35): Illuminate\\Container\\BoundMethod::callBoundMethod()
#15 /var/www/woodson/thehub/vendor/laravel/framework/src/Illuminate/Container/Container.php(696): Illuminate\\Container\\BoundMethod::call()
#16 /var/www/woodson/thehub/vendor/laravel/framework/src/Illuminate/Foundation/Application.php(1452): Illuminate\\Container\\Container->call()
#17 /var/www/woodson/thehub/vendor/laravel/framework/src/Illuminate/Foundation/Http/Kernel.php(218): Illuminate\\Foundation\\Application->terminate()
#18 /var/www/woodson/thehub/public/laravel.php(40): Illuminate\\Foundation\\Http\\Kernel->terminate()
#19 {main}

[previous exception] [object] (PDOException(code: 42S02): SQLSTATE[42S02]: Base table or view not found: 1146 Table 'woodson_hub.telescope_entries' doesn't exist at /var/www/woodson/thehub/vendor/laravel/framework/src/Illuminate/Database/MySqlConnection.php:47)
[stacktrace]
#0 /var/www/woodson/thehub/vendor/laravel/framework/src/Illuminate/Database/MySqlConnection.php(47): PDO->prepare()
#1 /var/www/woodson/thehub/vendor/laravel/framework/src/Illuminate/Database/Connection.php(812): Illuminate\\Database\\MySqlConnection->Illuminate\\Database\\{closure}()
#2 /var/www/woodson/thehub/vendor/laravel/framework/src/Illuminate/Database/Connection.php(779): Illuminate\\Database\\Connection->runQueryCallback()
#3 /var/www/woodson/thehub/vendor/laravel/framework/src/Illuminate/Database/MySqlConnection.php(42): Illuminate\\Database\\Connection->run()
#4 /var/www/woodson/thehub/vendor/laravel/framework/src/Illuminate/Database/Query/Builder.php(3717): Illuminate\\Database\\MySqlConnection->insert()
#5 /var/www/woodson/thehub/vendor/laravel/telescope/src/Storage/DatabaseEntriesRepository.php(145): Illuminate\\Database\\Query\\Builder->insert()
#6 /var/www/woodson/thehub/vendor/laravel/framework/src/Illuminate/Collections/Traits/EnumeratesValues.php(261): Laravel\\Telescope\\Storage\\DatabaseEntriesRepository->Laravel\\Telescope\\Storage\\{closure}()
#7 /var/www/woodson/thehub/vendor/laravel/telescope/src/Storage/DatabaseEntriesRepository.php(144): Illuminate\\Support\\Collection->each()
#8 /var/www/woodson/thehub/vendor/laravel/telescope/src/Telescope.php(664): Laravel\\Telescope\\Storage\\DatabaseEntriesRepository->store()
#9 [internal function]: Laravel\\Telescope\\Telescope::Laravel\\Telescope\\{closure}()
#10 /var/www/woodson/thehub/vendor/laravel/telescope/src/Telescope.php(289): call_user_func()
#11 /var/www/woodson/thehub/vendor/laravel/telescope/src/Telescope.php(656): Laravel\\Telescope\\Telescope::withoutRecording()
#12 /var/www/woodson/thehub/vendor/laravel/telescope/src/ListensForStorageOpportunities.php(65): Laravel\\Telescope\\Telescope::store()
#13 /var/www/woodson/thehub/vendor/laravel/framework/src/Illuminate/Container/BoundMethod.php(36): Laravel\\Telescope\\Telescope::Laravel\\Telescope\\{closure}()
#14 /var/www/woodson/thehub/vendor/laravel/framework/src/Illuminate/Container/Util.php(43): Illuminate\\Container\\BoundMethod::Illuminate\\Container\\{closure}()
#15 /var/www/woodson/thehub/vendor/laravel/framework/src/Illuminate/Container/BoundMethod.php(83): Illuminate\\Container\\Util::unwrapIfClosure()
#16 /var/www/woodson/thehub/vendor/laravel/framework/src/Illuminate/Container/BoundMethod.php(35): Illuminate\\Container\\BoundMethod::callBoundMethod()
#17 /var/www/woodson/thehub/vendor/laravel/framework/src/Illuminate/Container/Container.php(696): Illuminate\\Container\\BoundMethod::call()
#18 /var/www/woodson/thehub/vendor/laravel/framework/src/Illuminate/Foundation/Application.php(1452): Illuminate\\Container\\Container->call()
#19 /var/www/woodson/thehub/vendor/laravel/framework/src/Illuminate/Foundation/Http/Kernel.php(218): Illuminate\\Foundation\\Application->terminate()
#20 /var/www/woodson/thehub/public/laravel.php(40): Illuminate\\Foundation\\Http\\Kernel->terminate()
#21 {main}
"} 
[2026-02-12 11:23:49] production.ERROR: SQLSTATE[42S02]: Base table or view not found: 1146 Table 'woodson_hub.telescope_entries' doesn't exist (Connection: mysql, SQL: insert into `telescope_entries` (`batch_id`, `content`, `created_at`, `family_hash`, `type`, `uuid`) values (a110600b-48d5-4562-b90d-c7ede3d30a0f, {"ip_address":"10.49.16.200","uri":"\/admin\/packages\/list?type=installed","method":"GET","controller_action":"App\\Http\\Controllers\\Admin\\PackageController@list","middleware":["web","auth:admin,super_admin"],"headers":{"host":"hub.woodsonisd.net","priority":"u=1, i","cookie":"THEHUB_SESSION=e7kj2r13j7e496lmuntlkkr905; PHPSESSID=015d7637d5036f36ccfdef68e4a1048e; XSRF-TOKEN=eyJpdiI6IlZxQ29XNUVSc0VZS3Y1Nk16NVBNQVE9PSIsInZhbHVlIjoiYVlxRDBXSUdmZmYwRkxCUGRrc3lhZXQ0anp6eE1UQTBKaHhTNWU4ZlpKalA0amd1WTJjZnc4eFFBRms0bW82MFdmeEIrU3NwcTBTa2NhaWU5T0ZtVVQ1N0Z1RUtja0ZBWjdnZ2lYMDl5V2VhanJzZlhmM1dpUWpWZ29XemwvZ1MiLCJtYWMiOiI1YTAzZjVlNmUyMGY5ZjdkY2UzMjNhYmE4ZDQwYTQ2YTUyODYwZTQ5NjcyOGNkNjRkYTJkZDBjODIzMDkzZTBhIiwidGFnIjoiIn0%3D; thehub-session=eyJpdiI6IkltWDZEWVlLMnJXMHk4Z3F1YXFFVFE9PSIsInZhbHVlIjoiS0xmNGJzQzJtdHFaclZQbjZVUFdwRTNsaGFORFFRR1c0ZndtU2ZrQ29vaFU0VCtmMFNUMXFCS0Q1Yk9GYjNDM01makJWcnYxb2lTTUxQRUJWRUdqODRDTXphZ2VJcnFYS0h0Tk9aU04veUVDd1M3VGZwL3ZPaTRiVjk0TnNHMFkiLCJtYWMiOiIxNWY5NGNkYTIyYjM2MTQzOTQxZGJjYTc4OGE4ZjM4NjdmY2RmZjA1NTM3ZWIwMWI4MzM0YjVmMWM5NDVjNzUwIiwidGFnIjoiIn0%3D","accept-language":"en-US,en;q=0.9","accept-encoding":"gzip, deflate, br, zstd","referer":"https:\/\/hub.woodsonisd.net\/admin\/packages\/installed","sec-fetch-dest":"empty","sec-fetch-mode":"cors","sec-fetch-site":"same-origin","accept":"*\/*","sec-ch-ua-mobile":"?0","dnt":"1","sec-ch-ua":"\"Not(A:Brand\";v=\"8\", \"Chromium\";v=\"144\", \"Google Chrome\";v=\"144\"","user-agent":"Mozilla\/5.0 (Windows NT 10.0; Win64; x64) AppleWebKit\/537.36 (KHTML, like Gecko) Chrome\/144.0.0.0 Safari\/537.36","sec-ch-ua-platform":"\"Windows\""},"payload":{"type":"installed"},"session":{"_token":"rZ3uqqPHpZRECR1htqk3HVmLQzoQLKwT4aaHc1I0","_previous":{"url":"https:\/\/hub.woodsonisd.net\/admin\/packages\/list?type=installed"},"_flash":{"old":[],"new":[]}},"response_headers":{"cache-control":"no-cache, private","date":"Thu, 12 Feb 2026 17:23:48 GMT","content-type":"application\/json","set-cookie":"XSRF-TOKEN=eyJpdiI6IlpLTmVaakZtOFBWeVhRaGNWVXI3cHc9PSIsInZhbHVlIjoiZzBVMVNjZ2thYXNkQkNPc1N6MVdETGZSbDlnM2JLSXhKcExReDlDby9sNTB3K2FKOVYxYlFvY2NDYjVYSTIxLzhvZEFFa0pQcDBwRFhVQm5kaWJYeVRKVW81aFBZM1dSSE1xVmVKN2dON0pZbU9KU2JteDF6VURkdVh1VWVCRlkiLCJtYWMiOiJkMWE2M2E0YjVjOTU0MTRlZTJjOTZhYzA1N2Q4MmVlYWM0MzE3ODJjOTYwNzMzOGEzNjI1MmM0NTU0ZGFiODFiIiwidGFnIjoiIn0%3D; expires=Fri, 17 Jan 2031 17:23:48 GMT; Max-Age=155519999; path=\/; secure; samesite=lax, thehub-session=eyJpdiI6Im9QTkRmYUpHYlZCMW9CMU5Qemg5ZkE9PSIsInZhbHVlIjoiVlpYY3Y5ZndmSjhoWSt1MmVobXJweklsRG9pVUhlOFZmUXhmYlNJZ0I2T3A1RUtoaGJSa0o0OXVGTlpJcXRLcjRscE82NFJuc1UwTXdod1FFcnFKTlJRTTZkb3V6N0E1WDgyM2x1OUdSamVJQWFaTHhYQjU4d3k4UEVBN0FieXkiLCJtYWMiOiI4NzIxYmQ5ZWQ4NjAyMDhhMjY1NTc2OGM4YmU4ODMwYjk2MjI2NjQ5ZmUyYTI5ZjcxNjMyMzU5YzRlMzYyY2UyIiwidGFnIjoiIn0%3D; expires=Fri, 17 Jan 2031 17:23:48 GMT; Max-Age=155519999; path=\/; secure; httponly; samesite=lax"},"response_status":200,"response":{"success":true,"packages":[{"id":63,"section_id":2677,"package_id":"district.student-directory","package_record_id":117,"installed_version":"1.0.0","available_version":null,"auto_update":0,"status":"installed","installed_by":null,"installed_at":"2026-02-12 17:07:32","upgraded_at":null,"updated_at":"2026-02-12 17:07:32","slug":"student-directory","display_name":"Student Directory","icon":"bi-people-fill","is_active":1,"latest_available_version":"1.0.0"}]},"duration":169,"memory":2,"hostname":"welllogix"}, 2026-02-12 11:23:49, ?, request, a110600b-4640-464d-9920-245405e9af37)) {"exception":"[object] (Illuminate\\Database\\QueryException(code: 42S02): SQLSTATE[42S02]: Base table or view not found: 1146 Table 'woodson_hub.telescope_entries' doesn't exist (Connection: mysql, SQL: insert into `telescope_entries` (`batch_id`, `content`, `created_at`, `family_hash`, `type`, `uuid`) values (a110600b-48d5-4562-b90d-c7ede3d30a0f, {\"ip_address\":\"10.49.16.200\",\"uri\":\"\\/admin\\/packages\\/list?type=installed\",\"method\":\"GET\",\"controller_action\":\"App\\\\Http\\\\Controllers\\\\Admin\\\\PackageController@list\",\"middleware\":[\"web\",\"auth:admin,super_admin\"],\"headers\":{\"host\":\"hub.woodsonisd.net\",\"priority\":\"u=1, i\",\"cookie\":\"THEHUB_SESSION=e7kj2r13j7e496lmuntlkkr905; PHPSESSID=015d7637d5036f36ccfdef68e4a1048e; XSRF-TOKEN=eyJpdiI6IlZxQ29XNUVSc0VZS3Y1Nk16NVBNQVE9PSIsInZhbHVlIjoiYVlxRDBXSUdmZmYwRkxCUGRrc3lhZXQ0anp6eE1UQTBKaHhTNWU4ZlpKalA0amd1WTJjZnc4eFFBRms0bW82MFdmeEIrU3NwcTBTa2NhaWU5T0ZtVVQ1N0Z1RUtja0ZBWjdnZ2lYMDl5V2VhanJzZlhmM1dpUWpWZ29XemwvZ1MiLCJtYWMiOiI1YTAzZjVlNmUyMGY5ZjdkY2UzMjNhYmE4ZDQwYTQ2YTUyODYwZTQ5NjcyOGNkNjRkYTJkZDBjODIzMDkzZTBhIiwidGFnIjoiIn0%3D; thehub-session=eyJpdiI6IkltWDZEWVlLMnJXMHk4Z3F1YXFFVFE9PSIsInZhbHVlIjoiS0xmNGJzQzJtdHFaclZQbjZVUFdwRTNsaGFORFFRR1c0ZndtU2ZrQ29vaFU0VCtmMFNUMXFCS0Q1Yk9GYjNDM01makJWcnYxb2lTTUxQRUJWRUdqODRDTXphZ2VJcnFYS0h0Tk9aU04veUVDd1M3VGZwL3ZPaTRiVjk0TnNHMFkiLCJtYWMiOiIxNWY5NGNkYTIyYjM2MTQzOTQxZGJjYTc4OGE4ZjM4NjdmY2RmZjA1NTM3ZWIwMWI4MzM0YjVmMWM5NDVjNzUwIiwidGFnIjoiIn0%3D\",\"accept-language\":\"en-US,en;q=0.9\",\"accept-encoding\":\"gzip, deflate, br, zstd\",\"referer\":\"https:\\/\\/hub.woodsonisd.net\\/admin\\/packages\\/installed\",\"sec-fetch-dest\":\"empty\",\"sec-fetch-mode\":\"cors\",\"sec-fetch-site\":\"same-origin\",\"accept\":\"*\\/*\",\"sec-ch-ua-mobile\":\"?0\",\"dnt\":\"1\",\"sec-ch-ua\":\"\\\"Not(A:Brand\\\";v=\\\"8\\\", \\\"Chromium\\\";v=\\\"144\\\", \\\"Google Chrome\\\";v=\\\"144\\\"\",\"user-agent\":\"Mozilla\\/5.0 (Windows NT 10.0; Win64; x64) AppleWebKit\\/537.36 (KHTML, like Gecko) Chrome\\/144.0.0.0 Safari\\/537.36\",\"sec-ch-ua-platform\":\"\\\"Windows\\\"\"},\"payload\":{\"type\":\"installed\"},\"session\":{\"_token\":\"rZ3uqqPHpZRECR1htqk3HVmLQzoQLKwT4aaHc1I0\",\"_previous\":{\"url\":\"https:\\/\\/hub.woodsonisd.net\\/admin\\/packages\\/list?type=installed\"},\"_flash\":{\"old\":[],\"new\":[]}},\"response_headers\":{\"cache-control\":\"no-cache, private\",\"date\":\"Thu, 12 Feb 2026 17:23:48 GMT\",\"content-type\":\"application\\/json\",\"set-cookie\":\"XSRF-TOKEN=eyJpdiI6IlpLTmVaakZtOFBWeVhRaGNWVXI3cHc9PSIsInZhbHVlIjoiZzBVMVNjZ2thYXNkQkNPc1N6MVdETGZSbDlnM2JLSXhKcExReDlDby9sNTB3K2FKOVYxYlFvY2NDYjVYSTIxLzhvZEFFa0pQcDBwRFhVQm5kaWJYeVRKVW81aFBZM1dSSE1xVmVKN2dON0pZbU9KU2JteDF6VURkdVh1VWVCRlkiLCJtYWMiOiJkMWE2M2E0YjVjOTU0MTRlZTJjOTZhYzA1N2Q4MmVlYWM0MzE3ODJjOTYwNzMzOGEzNjI1MmM0NTU0ZGFiODFiIiwidGFnIjoiIn0%3D; expires=Fri, 17 Jan 2031 17:23:48 GMT; Max-Age=155519999; path=\\/; secure; samesite=lax, thehub-session=eyJpdiI6Im9QTkRmYUpHYlZCMW9CMU5Qemg5ZkE9PSIsInZhbHVlIjoiVlpYY3Y5ZndmSjhoWSt1MmVobXJweklsRG9pVUhlOFZmUXhmYlNJZ0I2T3A1RUtoaGJSa0o0OXVGTlpJcXRLcjRscE82NFJuc1UwTXdod1FFcnFKTlJRTTZkb3V6N0E1WDgyM2x1OUdSamVJQWFaTHhYQjU4d3k4UEVBN0FieXkiLCJtYWMiOiI4NzIxYmQ5ZWQ4NjAyMDhhMjY1NTc2OGM4YmU4ODMwYjk2MjI2NjQ5ZmUyYTI5ZjcxNjMyMzU5YzRlMzYyY2UyIiwidGFnIjoiIn0%3D; expires=Fri, 17 Jan 2031 17:23:48 GMT; Max-Age=155519999; path=\\/; secure; httponly; samesite=lax\"},\"response_status\":200,\"response\":{\"success\":true,\"packages\":[{\"id\":63,\"section_id\":2677,\"package_id\":\"district.student-directory\",\"package_record_id\":117,\"installed_version\":\"1.0.0\",\"available_version\":null,\"auto_update\":0,\"status\":\"installed\",\"installed_by\":null,\"installed_at\":\"2026-02-12 17:07:32\",\"upgraded_at\":null,\"updated_at\":\"2026-02-12 17:07:32\",\"slug\":\"student-directory\",\"display_name\":\"Student Directory\",\"icon\":\"bi-people-fill\",\"is_active\":1,\"latest_available_version\":\"1.0.0\"}]},\"duration\":169,\"memory\":2,\"hostname\":\"welllogix\"}, 2026-02-12 11:23:49, ?, request, a110600b-4640-464d-9920-245405e9af37)) at /var/www/woodson/thehub/vendor/laravel/framework/src/Illuminate/Database/Connection.php:825)
[stacktrace]
#0 /var/www/woodson/thehub/vendor/laravel/framework/src/Illuminate/Database/Connection.php(779): Illuminate\\Database\\Connection->runQueryCallback()
#1 /var/www/woodson/thehub/vendor/laravel/framework/src/Illuminate/Database/MySqlConnection.php(42): Illuminate\\Database\\Connection->run()
#2 /var/www/woodson/thehub/vendor/laravel/framework/src/Illuminate/Database/Query/Builder.php(3717): Illuminate\\Database\\MySqlConnection->insert()
#3 /var/www/woodson/thehub/vendor/laravel/telescope/src/Storage/DatabaseEntriesRepository.php(145): Illuminate\\Database\\Query\\Builder->insert()
#4 /var/www/woodson/thehub/vendor/laravel/framework/src/Illuminate/Collections/Traits/EnumeratesValues.php(261): Laravel\\Telescope\\Storage\\DatabaseEntriesRepository->Laravel\\Telescope\\Storage\\{closure}()
#5 /var/www/woodson/thehub/vendor/laravel/telescope/src/Storage/DatabaseEntriesRepository.php(144): Illuminate\\Support\\Collection->each()
#6 /var/www/woodson/thehub/vendor/laravel/telescope/src/Telescope.php(664): Laravel\\Telescope\\Storage\\DatabaseEntriesRepository->store()
#7 [internal function]: Laravel\\Telescope\\Telescope::Laravel\\Telescope\\{closure}()
#8 /var/www/woodson/thehub/vendor/laravel/telescope/src/Telescope.php(289): call_user_func()
#9 /var/www/woodson/thehub/vendor/laravel/telescope/src/Telescope.php(656): Laravel\\Telescope\\Telescope::withoutRecording()
#10 /var/www/woodson/thehub/vendor/laravel/telescope/src/ListensForStorageOpportunities.php(65): Laravel\\Telescope\\Telescope::store()
#11 /var/www/woodson/thehub/vendor/laravel/framework/src/Illuminate/Container/BoundMethod.php(36): Laravel\\Telescope\\Telescope::Laravel\\Telescope\\{closure}()
#12 /var/www/woodson/thehub/vendor/laravel/framework/src/Illuminate/Container/Util.php(43): Illuminate\\Container\\BoundMethod::Illuminate\\Container\\{closure}()
#13 /var/www/woodson/thehub/vendor/laravel/framework/src/Illuminate/Container/BoundMethod.php(83): Illuminate\\Container\\Util::unwrapIfClosure()
#14 /var/www/woodson/thehub/vendor/laravel/framework/src/Illuminate/Container/BoundMethod.php(35): Illuminate\\Container\\BoundMethod::callBoundMethod()
#15 /var/www/woodson/thehub/vendor/laravel/framework/src/Illuminate/Container/Container.php(696): Illuminate\\Container\\BoundMethod::call()
#16 /var/www/woodson/thehub/vendor/laravel/framework/src/Illuminate/Foundation/Application.php(1452): Illuminate\\Container\\Container->call()
#17 /var/www/woodson/thehub/vendor/laravel/framework/src/Illuminate/Foundation/Http/Kernel.php(218): Illuminate\\Foundation\\Application->terminate()
#18 /var/www/woodson/thehub/public/laravel.php(40): Illuminate\\Foundation\\Http\\Kernel->terminate()
#19 {main}

[previous exception] [object] (PDOException(code: 42S02): SQLSTATE[42S02]: Base table or view not found: 1146 Table 'woodson_hub.telescope_entries' doesn't exist at /var/www/woodson/thehub/vendor/laravel/framework/src/Illuminate/Database/MySqlConnection.php:47)
[stacktrace]
#0 /var/www/woodson/thehub/vendor/laravel/framework/src/Illuminate/Database/MySqlConnection.php(47): PDO->prepare()
#1 /var/www/woodson/thehub/vendor/laravel/framework/src/Illuminate/Database/Connection.php(812): Illuminate\\Database\\MySqlConnection->Illuminate\\Database\\{closure}()
#2 /var/www/woodson/thehub/vendor/laravel/framework/src/Illuminate/Database/Connection.php(779): Illuminate\\Database\\Connection->runQueryCallback()
#3 /var/www/woodson/thehub/vendor/laravel/framework/src/Illuminate/Database/MySqlConnection.php(42): Illuminate\\Database\\Connection->run()
#4 /var/www/woodson/thehub/vendor/laravel/framework/src/Illuminate/Database/Query/Builder.php(3717): Illuminate\\Database\\MySqlConnection->insert()
#5 /var/www/woodson/thehub/vendor/laravel/telescope/src/Storage/DatabaseEntriesRepository.php(145): Illuminate\\Database\\Query\\Builder->insert()
#6 /var/www/woodson/thehub/vendor/laravel/framework/src/Illuminate/Collections/Traits/EnumeratesValues.php(261): Laravel\\Telescope\\Storage\\DatabaseEntriesRepository->Laravel\\Telescope\\Storage\\{closure}()
#7 /var/www/woodson/thehub/vendor/laravel/telescope/src/Storage/DatabaseEntriesRepository.php(144): Illuminate\\Support\\Collection->each()
#8 /var/www/woodson/thehub/vendor/laravel/telescope/src/Telescope.php(664): Laravel\\Telescope\\Storage\\DatabaseEntriesRepository->store()
#9 [internal function]: Laravel\\Telescope\\Telescope::Laravel\\Telescope\\{closure}()
#10 /var/www/woodson/thehub/vendor/laravel/telescope/src/Telescope.php(289): call_user_func()
#11 /var/www/woodson/thehub/vendor/laravel/telescope/src/Telescope.php(656): Laravel\\Telescope\\Telescope::withoutRecording()
#12 /var/www/woodson/thehub/vendor/laravel/telescope/src/ListensForStorageOpportunities.php(65): Laravel\\Telescope\\Telescope::store()
#13 /var/www/woodson/thehub/vendor/laravel/framework/src/Illuminate/Container/BoundMethod.php(36): Laravel\\Telescope\\Telescope::Laravel\\Telescope\\{closure}()
#14 /var/www/woodson/thehub/vendor/laravel/framework/src/Illuminate/Container/Util.php(43): Illuminate\\Container\\BoundMethod::Illuminate\\Container\\{closure}()
#15 /var/www/woodson/thehub/vendor/laravel/framework/src/Illuminate/Container/BoundMethod.php(83): Illuminate\\Container\\Util::unwrapIfClosure()
#16 /var/www/woodson/thehub/vendor/laravel/framework/src/Illuminate/Container/BoundMethod.php(35): Illuminate\\Container\\BoundMethod::callBoundMethod()
#17 /var/www/woodson/thehub/vendor/laravel/framework/src/Illuminate/Container/Container.php(696): Illuminate\\Container\\BoundMethod::call()
#18 /var/www/woodson/thehub/vendor/laravel/framework/src/Illuminate/Foundation/Application.php(1452): Illuminate\\Container\\Container->call()
#19 /var/www/woodson/thehub/vendor/laravel/framework/src/Illuminate/Foundation/Http/Kernel.php(218): Illuminate\\Foundation\\Application->terminate()
#20 /var/www/woodson/thehub/public/laravel.php(40): Illuminate\\Foundation\\Http\\Kernel->terminate()
#21 {main}
"} 
[2026-02-12 12:13:32] production.ERROR: Route [admin.users] not defined. (View: /var/www/woodson/thehub/resources/views/admin/dashboard.blade.php) {"exception":"[object] (Illuminate\\View\\ViewException(code: 0): Route [admin.users] not defined. (View: /var/www/woodson/thehub/resources/views/admin/dashboard.blade.php) at /var/www/woodson/thehub/vendor/laravel/framework/src/Illuminate/Routing/UrlGenerator.php:517)
[stacktrace]
#0 /var/www/woodson/thehub/vendor/laravel/framework/src/Illuminate/View/Engines/PhpEngine.php(60): Illuminate\\View\\Engines\\CompilerEngine->handleViewException()
#1 /var/www/woodson/thehub/vendor/laravel/framework/src/Illuminate/View/Engines/CompilerEngine.php(75): Illuminate\\View\\Engines\\PhpEngine->evaluatePath()
#2 /var/www/woodson/thehub/vendor/laravel/framework/src/Illuminate/View/View.php(209): Illuminate\\View\\Engines\\CompilerEngine->get()
#3 /var/www/woodson/thehub/vendor/laravel/framework/src/Illuminate/View/View.php(192): Illuminate\\View\\View->getContents()
#4 /var/www/woodson/thehub/vendor/laravel/framework/src/Illuminate/View/View.php(161): Illuminate\\View\\View->renderContents()
#5 /var/www/woodson/thehub/vendor/laravel/framework/src/Illuminate/Http/Response.php(79): Illuminate\\View\\View->render()
#6 /var/www/woodson/thehub/vendor/laravel/framework/src/Illuminate/Http/Response.php(35): Illuminate\\Http\\Response->setContent()
#7 /var/www/woodson/thehub/vendor/laravel/framework/src/Illuminate/Routing/Router.php(920): Illuminate\\Http\\Response->__construct()
#8 /var/www/woodson/thehub/vendor/laravel/framework/src/Illuminate/Routing/Router.php(887): Illuminate\\Routing\\Router::toResponse()
#9 /var/www/woodson/thehub/vendor/laravel/framework/src/Illuminate/Routing/Router.php(807): Illuminate\\Routing\\Router->prepareResponse()
#10 /var/www/woodson/thehub/vendor/laravel/framework/src/Illuminate/Pipeline/Pipeline.php(170): Illuminate\\Routing\\Router->Illuminate\\Routing\\{closure}()
#11 /var/www/woodson/thehub/app/Http/Middleware/Authenticate.php(50): Illuminate\\Pipeline\\Pipeline->Illuminate\\Pipeline\\{closure}()
#12 /var/www/woodson/thehub/vendor/laravel/framework/src/Illuminate/Pipeline/Pipeline.php(209): App\\Http\\Middleware\\Authenticate->handle()
#13 /var/www/woodson/thehub/vendor/laravel/framework/src/Illuminate/Routing/Middleware/SubstituteBindings.php(51): Illuminate\\Pipeline\\Pipeline->Illuminate\\Pipeline\\{closure}()
#14 /var/www/woodson/thehub/vendor/laravel/framework/src/Illuminate/Pipeline/Pipeline.php(209): Illuminate\\Routing\\Middleware\\SubstituteBindings->handle()
#15 /var/www/woodson/thehub/vendor/laravel/framework/src/Illuminate/Foundation/Http/Middleware/VerifyCsrfToken.php(88): Illuminate\\Pipeline\\Pipeline->Illuminate\\Pipeline\\{closure}()
#16 /var/www/woodson/thehub/vendor/laravel/framework/src/Illuminate/Pipeline/Pipeline.php(209): Illuminate\\Foundation\\Http\\Middleware\\VerifyCsrfToken->handle()
#17 /var/www/woodson/thehub/vendor/laravel/framework/src/Illuminate/View/Middleware/ShareErrorsFromSession.php(49): Illuminate\\Pipeline\\Pipeline->Illuminate\\Pipeline\\{closure}()
#18 /var/www/woodson/thehub/vendor/laravel/framework/src/Illuminate/Pipeline/Pipeline.php(209): Illuminate\\View\\Middleware\\ShareErrorsFromSession->handle()
#19 /var/www/woodson/thehub/vendor/laravel/framework/src/Illuminate/Session/Middleware/StartSession.php(121): Illuminate\\Pipeline\\Pipeline->Illuminate\\Pipeline\\{closure}()
#20 /var/www/woodson/thehub/vendor/laravel/framework/src/Illuminate/Session/Middleware/StartSession.php(64): Illuminate\\Session\\Middleware\\StartSession->handleStatefulRequest()
#21 /var/www/woodson/thehub/vendor/laravel/framework/src/Illuminate/Pipeline/Pipeline.php(209): Illuminate\\Session\\Middleware\\StartSession->handle()
#22 /var/www/woodson/thehub/vendor/laravel/framework/src/Illuminate/Cookie/Middleware/AddQueuedCookiesToResponse.php(37): Illuminate\\Pipeline\\Pipeline->Illuminate\\Pipeline\\{closure}()
#23 /var/www/woodson/thehub/vendor/laravel/framework/src/Illuminate/Pipeline/Pipeline.php(209): Illuminate\\Cookie\\Middleware\\AddQueuedCookiesToResponse->handle()
#24 /var/www/woodson/thehub/vendor/laravel/framework/src/Illuminate/Cookie/Middleware/EncryptCookies.php(75): Illuminate\\Pipeline\\Pipeline->Illuminate\\Pipeline\\{closure}()
#25 /var/www/woodson/thehub/vendor/laravel/framework/src/Illuminate/Pipeline/Pipeline.php(209): Illuminate\\Cookie\\Middleware\\EncryptCookies->handle()
#26 /var/www/woodson/thehub/vendor/laravel/framework/src/Illuminate/Pipeline/Pipeline.php(127): Illuminate\\Pipeline\\Pipeline->Illuminate\\Pipeline\\{closure}()
#27 /var/www/woodson/thehub/vendor/laravel/framework/src/Illuminate/Routing/Router.php(807): Illuminate\\Pipeline\\Pipeline->then()
#28 /var/www/woodson/thehub/vendor/laravel/framework/src/Illuminate/Routing/Router.php(786): Illuminate\\Routing\\Router->runRouteWithinStack()
#29 /var/www/woodson/thehub/vendor/laravel/framework/src/Illuminate/Routing/Router.php(750): Illuminate\\Routing\\Router->runRoute()
#30 /var/www/woodson/thehub/vendor/laravel/framework/src/Illuminate/Routing/Router.php(739): Illuminate\\Routing\\Router->dispatchToRoute()
#31 /var/www/woodson/thehub/vendor/laravel/framework/src/Illuminate/Foundation/Http/Kernel.php(201): Illuminate\\Routing\\Router->dispatch()
#32 /var/www/woodson/thehub/vendor/laravel/framework/src/Illuminate/Pipeline/Pipeline.php(170): Illuminate\\Foundation\\Http\\Kernel->Illuminate\\Foundation\\Http\\{closure}()
#33 /var/www/woodson/thehub/vendor/laravel/framework/src/Illuminate/Foundation/Http/Middleware/TransformsRequest.php(21): Illuminate\\Pipeline\\Pipeline->Illuminate\\Pipeline\\{closure}()
#34 /var/www/woodson/thehub/vendor/laravel/framework/src/Illuminate/Foundation/Http/Middleware/ConvertEmptyStringsToNull.php(31): Illuminate\\Foundation\\Http\\Middleware\\TransformsRequest->handle()
#35 /var/www/woodson/thehub/vendor/laravel/framework/src/Illuminate/Pipeline/Pipeline.php(209): Illuminate\\Foundation\\Http\\Middleware\\ConvertEmptyStringsToNull->handle()
#36 /var/www/woodson/thehub/vendor/laravel/framework/src/Illuminate/Foundation/Http/Middleware/TransformsRequest.php(21): Illuminate\\Pipeline\\Pipeline->Illuminate\\Pipeline\\{closure}()
#37 /var/www/woodson/thehub/vendor/laravel/framework/src/Illuminate/Foundation/Http/Middleware/TrimStrings.php(51): Illuminate\\Foundation\\Http\\Middleware\\TransformsRequest->handle()
#38 /var/www/woodson/thehub/vendor/laravel/framework/src/Illuminate/Pipeline/Pipeline.php(209): Illuminate\\Foundation\\Http\\Middleware\\TrimStrings->handle()
#39 /var/www/woodson/thehub/vendor/laravel/framework/src/Illuminate/Http/Middleware/ValidatePostSize.php(27): Illuminate\\Pipeline\\Pipeline->Illuminate\\Pipeline\\{closure}()
#40 /var/www/woodson/thehub/vendor/laravel/framework/src/Illuminate/Pipeline/Pipeline.php(209): Illuminate\\Http\\Middleware\\ValidatePostSize->handle()
#41 /var/www/woodson/thehub/vendor/laravel/framework/src/Illuminate/Foundation/Http/Middleware/PreventRequestsDuringMaintenance.php(110): Illuminate\\Pipeline\\Pipeline->Illuminate\\Pipeline\\{closure}()
#42 /var/www/woodson/thehub/vendor/laravel/framework/src/Illuminate/Pipeline/Pipeline.php(209): Illuminate\\Foundation\\Http\\Middleware\\PreventRequestsDuringMaintenance->handle()
#43 /var/www/woodson/thehub/vendor/laravel/framework/src/Illuminate/Http/Middleware/HandleCors.php(49): Illuminate\\Pipeline\\Pipeline->Illuminate\\Pipeline\\{closure}()
#44 /var/www/woodson/thehub/vendor/laravel/framework/src/Illuminate/Pipeline/Pipeline.php(209): Illuminate\\Http\\Middleware\\HandleCors->handle()
#45 /var/www/woodson/thehub/vendor/laravel/framework/src/Illuminate/Http/Middleware/TrustProxies.php(58): Illuminate\\Pipeline\\Pipeline->Illuminate\\Pipeline\\{closure}()
#46 /var/www/woodson/thehub/vendor/laravel/framework/src/Illuminate/Pipeline/Pipeline.php(209): Illuminate\\Http\\Middleware\\TrustProxies->handle()
#47 /var/www/woodson/thehub/vendor/laravel/framework/src/Illuminate/Foundation/Http/Middleware/InvokeDeferredCallbacks.php(22): Illuminate\\Pipeline\\Pipeline->Illuminate\\Pipeline\\{closure}()
#48 /var/www/woodson/thehub/vendor/laravel/framework/src/Illuminate/Pipeline/Pipeline.php(209): Illuminate\\Foundation\\Http\\Middleware\\InvokeDeferredCallbacks->handle()
#49 /var/www/woodson/thehub/vendor/laravel/framework/src/Illuminate/Pipeline/Pipeline.php(127): Illuminate\\Pipeline\\Pipeline->Illuminate\\Pipeline\\{closure}()
#50 /var/www/woodson/thehub/vendor/laravel/framework/src/Illuminate/Foundation/Http/Kernel.php(176): Illuminate\\Pipeline\\Pipeline->then()
#51 /var/www/woodson/thehub/vendor/laravel/framework/src/Illuminate/Foundation/Http/Kernel.php(145): Illuminate\\Foundation\\Http\\Kernel->sendRequestThroughRouter()
#52 /var/www/woodson/thehub/public/laravel.php(34): Illuminate\\Foundation\\Http\\Kernel->handle()
#53 {main}

[previous exception] [object] (Symfony\\Component\\Routing\\Exception\\RouteNotFoundException(code: 0): Route [admin.users] not defined. at /var/www/woodson/thehub/vendor/laravel/framework/src/Illuminate/Routing/UrlGenerator.php:517)
[stacktrace]
#0 /var/www/woodson/thehub/vendor/laravel/framework/src/Illuminate/Foundation/helpers.php(853): Illuminate\\Routing\\UrlGenerator->route()
#1 /var/www/woodson/thehub/storage/framework/views/658ea57cc115bf339aa6dba94fb64026.php(7): route()
#2 /var/www/woodson/thehub/vendor/laravel/framework/src/Illuminate/Filesystem/Filesystem.php(123): require('...')
#3 /var/www/woodson/thehub/vendor/laravel/framework/src/Illuminate/Filesystem/Filesystem.php(124): Illuminate\\Filesystem\\Filesystem::Illuminate\\Filesystem\\{closure}()
#4 /var/www/woodson/thehub/vendor/laravel/framework/src/Illuminate/View/Engines/PhpEngine.php(58): Illuminate\\Filesystem\\Filesystem->getRequire()
#5 /var/www/woodson/thehub/vendor/laravel/framework/src/Illuminate/View/Engines/CompilerEngine.php(75): Illuminate\\View\\Engines\\PhpEngine->evaluatePath()
#6 /var/www/woodson/thehub/vendor/laravel/framework/src/Illuminate/View/View.php(209): Illuminate\\View\\Engines\\CompilerEngine->get()
#7 /var/www/woodson/thehub/vendor/laravel/framework/src/Illuminate/View/View.php(192): Illuminate\\View\\View->getContents()
#8 /var/www/woodson/thehub/vendor/laravel/framework/src/Illuminate/View/View.php(161): Illuminate\\View\\View->renderContents()
#9 /var/www/woodson/thehub/vendor/laravel/framework/src/Illuminate/Http/Response.php(79): Illuminate\\View\\View->render()
#10 /var/www/woodson/thehub/vendor/laravel/framework/src/Illuminate/Http/Response.php(35): Illuminate\\Http\\Response->setContent()
#11 /var/www/woodson/thehub/vendor/laravel/framework/src/Illuminate/Routing/Router.php(920): Illuminate\\Http\\Response->__construct()
#12 /var/www/woodson/thehub/vendor/laravel/framework/src/Illuminate/Routing/Router.php(887): Illuminate\\Routing\\Router::toResponse()
#13 /var/www/woodson/thehub/vendor/laravel/framework/src/Illuminate/Routing/Router.php(807): Illuminate\\Routing\\Router->prepareResponse()
#14 /var/www/woodson/thehub/vendor/laravel/framework/src/Illuminate/Pipeline/Pipeline.php(170): Illuminate\\Routing\\Router->Illuminate\\Routing\\{closure}()
#15 /var/www/woodson/thehub/app/Http/Middleware/Authenticate.php(50): Illuminate\\Pipeline\\Pipeline->Illuminate\\Pipeline\\{closure}()
#16 /var/www/woodson/thehub/vendor/laravel/framework/src/Illuminate/Pipeline/Pipeline.php(209): App\\Http\\Middleware\\Authenticate->handle()
#17 /var/www/woodson/thehub/vendor/laravel/framework/src/Illuminate/Routing/Middleware/SubstituteBindings.php(51): Illuminate\\Pipeline\\Pipeline->Illuminate\\Pipeline\\{closure}()
#18 /var/www/woodson/thehub/vendor/laravel/framework/src/Illuminate/Pipeline/Pipeline.php(209): Illuminate\\Routing\\Middleware\\SubstituteBindings->handle()
#19 /var/www/woodson/thehub/vendor/laravel/framework/src/Illuminate/Foundation/Http/Middleware/VerifyCsrfToken.php(88): Illuminate\\Pipeline\\Pipeline->Illuminate\\Pipeline\\{closure}()
#20 /var/www/woodson/thehub/vendor/laravel/framework/src/Illuminate/Pipeline/Pipeline.php(209): Illuminate\\Foundation\\Http\\Middleware\\VerifyCsrfToken->handle()
#21 /var/www/woodson/thehub/vendor/laravel/framework/src/Illuminate/View/Middleware/ShareErrorsFromSession.php(49): Illuminate\\Pipeline\\Pipeline->Illuminate\\Pipeline\\{closure}()
#22 /var/www/woodson/thehub/vendor/laravel/framework/src/Illuminate/Pipeline/Pipeline.php(209): Illuminate\\View\\Middleware\\ShareErrorsFromSession->handle()
#23 /var/www/woodson/thehub/vendor/laravel/framework/src/Illuminate/Session/Middleware/StartSession.php(121): Illuminate\\Pipeline\\Pipeline->Illuminate\\Pipeline\\{closure}()
#24 /var/www/woodson/thehub/vendor/laravel/framework/src/Illuminate/Session/Middleware/StartSession.php(64): Illuminate\\Session\\Middleware\\StartSession->handleStatefulRequest()
#25 /var/www/woodson/thehub/vendor/laravel/framework/src/Illuminate/Pipeline/Pipeline.php(209): Illuminate\\Session\\Middleware\\StartSession->handle()
#26 /var/www/woodson/thehub/vendor/laravel/framework/src/Illuminate/Cookie/Middleware/AddQueuedCookiesToResponse.php(37): Illuminate\\Pipeline\\Pipeline->Illuminate\\Pipeline\\{closure}()
#27 /var/www/woodson/thehub/vendor/laravel/framework/src/Illuminate/Pipeline/Pipeline.php(209): Illuminate\\Cookie\\Middleware\\AddQueuedCookiesToResponse->handle()
#28 /var/www/woodson/thehub/vendor/laravel/framework/src/Illuminate/Cookie/Middleware/EncryptCookies.php(75): Illuminate\\Pipeline\\Pipeline->Illuminate\\Pipeline\\{closure}()
#29 /var/www/woodson/thehub/vendor/laravel/framework/src/Illuminate/Pipeline/Pipeline.php(209): Illuminate\\Cookie\\Middleware\\EncryptCookies->handle()
#30 /var/www/woodson/thehub/vendor/laravel/framework/src/Illuminate/Pipeline/Pipeline.php(127): Illuminate\\Pipeline\\Pipeline->Illuminate\\Pipeline\\{closure}()
#31 /var/www/woodson/thehub/vendor/laravel/framework/src/Illuminate/Routing/Router.php(807): Illuminate\\Pipeline\\Pipeline->then()
#32 /var/www/woodson/thehub/vendor/laravel/framework/src/Illuminate/Routing/Router.php(786): Illuminate\\Routing\\Router->runRouteWithinStack()
#33 /var/www/woodson/thehub/vendor/laravel/framework/src/Illuminate/Routing/Router.php(750): Illuminate\\Routing\\Router->runRoute()
#34 /var/www/woodson/thehub/vendor/laravel/framework/src/Illuminate/Routing/Router.php(739): Illuminate\\Routing\\Router->dispatchToRoute()
#35 /var/www/woodson/thehub/vendor/laravel/framework/src/Illuminate/Foundation/Http/Kernel.php(201): Illuminate\\Routing\\Router->dispatch()
#36 /var/www/woodson/thehub/vendor/laravel/framework/src/Illuminate/Pipeline/Pipeline.php(170): Illuminate\\Foundation\\Http\\Kernel->Illuminate\\Foundation\\Http\\{closure}()
#37 /var/www/woodson/thehub/vendor/laravel/framework/src/Illuminate/Foundation/Http/Middleware/TransformsRequest.php(21): Illuminate\\Pipeline\\Pipeline->Illuminate\\Pipeline\\{closure}()
#38 /var/www/woodson/thehub/vendor/laravel/framework/src/Illuminate/Foundation/Http/Middleware/ConvertEmptyStringsToNull.php(31): Illuminate\\Foundation\\Http\\Middleware\\TransformsRequest->handle()
#39 /var/www/woodson/thehub/vendor/laravel/framework/src/Illuminate/Pipeline/Pipeline.php(209): Illuminate\\Foundation\\Http\\Middleware\\ConvertEmptyStringsToNull->handle()
#40 /var/www/woodson/thehub/vendor/laravel/framework/src/Illuminate/Foundation/Http/Middleware/TransformsRequest.php(21): Illuminate\\Pipeline\\Pipeline->Illuminate\\Pipeline\\{closure}()
#41 /var/www/woodson/thehub/vendor/laravel/framework/src/Illuminate/Foundation/Http/Middleware/TrimStrings.php(51): Illuminate\\Foundation\\Http\\Middleware\\TransformsRequest->handle()
#42 /var/www/woodson/thehub/vendor/laravel/framework/src/Illuminate/Pipeline/Pipeline.php(209): Illuminate\\Foundation\\Http\\Middleware\\TrimStrings->handle()
#43 /var/www/woodson/thehub/vendor/laravel/framework/src/Illuminate/Http/Middleware/ValidatePostSize.php(27): Illuminate\\Pipeline\\Pipeline->Illuminate\\Pipeline\\{closure}()
#44 /var/www/woodson/thehub/vendor/laravel/framework/src/Illuminate/Pipeline/Pipeline.php(209): Illuminate\\Http\\Middleware\\ValidatePostSize->handle()
#45 /var/www/woodson/thehub/vendor/laravel/framework/src/Illuminate/Foundation/Http/Middleware/PreventRequestsDuringMaintenance.php(110): Illuminate\\Pipeline\\Pipeline->Illuminate\\Pipeline\\{closure}()
#46 /var/www/woodson/thehub/vendor/laravel/framework/src/Illuminate/Pipeline/Pipeline.php(209): Illuminate\\Foundation\\Http\\Middleware\\PreventRequestsDuringMaintenance->handle()
#47 /var/www/woodson/thehub/vendor/laravel/framework/src/Illuminate/Http/Middleware/HandleCors.php(49): Illuminate\\Pipeline\\Pipeline->Illuminate\\Pipeline\\{closure}()
#48 /var/www/woodson/thehub/vendor/laravel/framework/src/Illuminate/Pipeline/Pipeline.php(209): Illuminate\\Http\\Middleware\\HandleCors->handle()
#49 /var/www/woodson/thehub/vendor/laravel/framework/src/Illuminate/Http/Middleware/TrustProxies.php(58): Illuminate\\Pipeline\\Pipeline->Illuminate\\Pipeline\\{closure}()
#50 /var/www/woodson/thehub/vendor/laravel/framework/src/Illuminate/Pipeline/Pipeline.php(209): Illuminate\\Http\\Middleware\\TrustProxies->handle()
#51 /var/www/woodson/thehub/vendor/laravel/framework/src/Illuminate/Foundation/Http/Middleware/InvokeDeferredCallbacks.php(22): Illuminate\\Pipeline\\Pipeline->Illuminate\\Pipeline\\{closure}()
#52 /var/www/woodson/thehub/vendor/laravel/framework/src/Illuminate/Pipeline/Pipeline.php(209): Illuminate\\Foundation\\Http\\Middleware\\InvokeDeferredCallbacks->handle()
#53 /var/www/woodson/thehub/vendor/laravel/framework/src/Illuminate/Pipeline/Pipeline.php(127): Illuminate\\Pipeline\\Pipeline->Illuminate\\Pipeline\\{closure}()
#54 /var/www/woodson/thehub/vendor/laravel/framework/src/Illuminate/Foundation/Http/Kernel.php(176): Illuminate\\Pipeline\\Pipeline->then()
#55 /var/www/woodson/thehub/vendor/laravel/framework/src/Illuminate/Foundation/Http/Kernel.php(145): Illuminate\\Foundation\\Http\\Kernel->sendRequestThroughRouter()
#56 /var/www/woodson/thehub/public/laravel.php(34): Illuminate\\Foundation\\Http\\Kernel->handle()
#57 {main}
"} 
[2026-02-12 12:13:40] production.ERROR: Route [admin.users] not defined. (View: /var/www/woodson/thehub/resources/views/admin/dashboard.blade.php) {"exception":"[object] (Illuminate\\View\\ViewException(code: 0): Route [admin.users] not defined. (View: /var/www/woodson/thehub/resources/views/admin/dashboard.blade.php) at /var/www/woodson/thehub/vendor/laravel/framework/src/Illuminate/Routing/UrlGenerator.php:517)
[stacktrace]
#0 /var/www/woodson/thehub/vendor/laravel/framework/src/Illuminate/View/Engines/PhpEngine.php(60): Illuminate\\View\\Engines\\CompilerEngine->handleViewException()
#1 /var/www/woodson/thehub/vendor/laravel/framework/src/Illuminate/View/Engines/CompilerEngine.php(75): Illuminate\\View\\Engines\\PhpEngine->evaluatePath()
#2 /var/www/woodson/thehub/vendor/laravel/framework/src/Illuminate/View/View.php(209): Illuminate\\View\\Engines\\CompilerEngine->get()
#3 /var/www/woodson/thehub/vendor/laravel/framework/src/Illuminate/View/View.php(192): Illuminate\\View\\View->getContents()
#4 /var/www/woodson/thehub/vendor/laravel/framework/src/Illuminate/View/View.php(161): Illuminate\\View\\View->renderContents()
#5 /var/www/woodson/thehub/vendor/laravel/framework/src/Illuminate/Http/Response.php(79): Illuminate\\View\\View->render()
#6 /var/www/woodson/thehub/vendor/laravel/framework/src/Illuminate/Http/Response.php(35): Illuminate\\Http\\Response->setContent()
#7 /var/www/woodson/thehub/vendor/laravel/framework/src/Illuminate/Routing/Router.php(920): Illuminate\\Http\\Response->__construct()
#8 /var/www/woodson/thehub/vendor/laravel/framework/src/Illuminate/Routing/Router.php(887): Illuminate\\Routing\\Router::toResponse()
#9 /var/www/woodson/thehub/vendor/laravel/framework/src/Illuminate/Routing/Router.php(807): Illuminate\\Routing\\Router->prepareResponse()
#10 /var/www/woodson/thehub/vendor/laravel/framework/src/Illuminate/Pipeline/Pipeline.php(170): Illuminate\\Routing\\Router->Illuminate\\Routing\\{closure}()
#11 /var/www/woodson/thehub/app/Http/Middleware/Authenticate.php(50): Illuminate\\Pipeline\\Pipeline->Illuminate\\Pipeline\\{closure}()
#12 /var/www/woodson/thehub/vendor/laravel/framework/src/Illuminate/Pipeline/Pipeline.php(209): App\\Http\\Middleware\\Authenticate->handle()
#13 /var/www/woodson/thehub/vendor/laravel/framework/src/Illuminate/Routing/Middleware/SubstituteBindings.php(51): Illuminate\\Pipeline\\Pipeline->Illuminate\\Pipeline\\{closure}()
#14 /var/www/woodson/thehub/vendor/laravel/framework/src/Illuminate/Pipeline/Pipeline.php(209): Illuminate\\Routing\\Middleware\\SubstituteBindings->handle()
#15 /var/www/woodson/thehub/vendor/laravel/framework/src/Illuminate/Foundation/Http/Middleware/VerifyCsrfToken.php(88): Illuminate\\Pipeline\\Pipeline->Illuminate\\Pipeline\\{closure}()
#16 /var/www/woodson/thehub/vendor/laravel/framework/src/Illuminate/Pipeline/Pipeline.php(209): Illuminate\\Foundation\\Http\\Middleware\\VerifyCsrfToken->handle()
#17 /var/www/woodson/thehub/vendor/laravel/framework/src/Illuminate/View/Middleware/ShareErrorsFromSession.php(49): Illuminate\\Pipeline\\Pipeline->Illuminate\\Pipeline\\{closure}()
#18 /var/www/woodson/thehub/vendor/laravel/framework/src/Illuminate/Pipeline/Pipeline.php(209): Illuminate\\View\\Middleware\\ShareErrorsFromSession->handle()
#19 /var/www/woodson/thehub/vendor/laravel/framework/src/Illuminate/Session/Middleware/StartSession.php(121): Illuminate\\Pipeline\\Pipeline->Illuminate\\Pipeline\\{closure}()
#20 /var/www/woodson/thehub/vendor/laravel/framework/src/Illuminate/Session/Middleware/StartSession.php(64): Illuminate\\Session\\Middleware\\StartSession->handleStatefulRequest()
#21 /var/www/woodson/thehub/vendor/laravel/framework/src/Illuminate/Pipeline/Pipeline.php(209): Illuminate\\Session\\Middleware\\StartSession->handle()
#22 /var/www/woodson/thehub/vendor/laravel/framework/src/Illuminate/Cookie/Middleware/AddQueuedCookiesToResponse.php(37): Illuminate\\Pipeline\\Pipeline->Illuminate\\Pipeline\\{closure}()
#23 /var/www/woodson/thehub/vendor/laravel/framework/src/Illuminate/Pipeline/Pipeline.php(209): Illuminate\\Cookie\\Middleware\\AddQueuedCookiesToResponse->handle()
#24 /var/www/woodson/thehub/vendor/laravel/framework/src/Illuminate/Cookie/Middleware/EncryptCookies.php(75): Illuminate\\Pipeline\\Pipeline->Illuminate\\Pipeline\\{closure}()
#25 /var/www/woodson/thehub/vendor/laravel/framework/src/Illuminate/Pipeline/Pipeline.php(209): Illuminate\\Cookie\\Middleware\\EncryptCookies->handle()
#26 /var/www/woodson/thehub/vendor/laravel/framework/src/Illuminate/Pipeline/Pipeline.php(127): Illuminate\\Pipeline\\Pipeline->Illuminate\\Pipeline\\{closure}()
#27 /var/www/woodson/thehub/vendor/laravel/framework/src/Illuminate/Routing/Router.php(807): Illuminate\\Pipeline\\Pipeline->then()
#28 /var/www/woodson/thehub/vendor/laravel/framework/src/Illuminate/Routing/Router.php(786): Illuminate\\Routing\\Router->runRouteWithinStack()
#29 /var/www/woodson/thehub/vendor/laravel/framework/src/Illuminate/Routing/Router.php(750): Illuminate\\Routing\\Router->runRoute()
#30 /var/www/woodson/thehub/vendor/laravel/framework/src/Illuminate/Routing/Router.php(739): Illuminate\\Routing\\Router->dispatchToRoute()
#31 /var/www/woodson/thehub/vendor/laravel/framework/src/Illuminate/Foundation/Http/Kernel.php(201): Illuminate\\Routing\\Router->dispatch()
#32 /var/www/woodson/thehub/vendor/laravel/framework/src/Illuminate/Pipeline/Pipeline.php(170): Illuminate\\Foundation\\Http\\Kernel->Illuminate\\Foundation\\Http\\{closure}()
#33 /var/www/woodson/thehub/vendor/laravel/framework/src/Illuminate/Foundation/Http/Middleware/TransformsRequest.php(21): Illuminate\\Pipeline\\Pipeline->Illuminate\\Pipeline\\{closure}()
#34 /var/www/woodson/thehub/vendor/laravel/framework/src/Illuminate/Foundation/Http/Middleware/ConvertEmptyStringsToNull.php(31): Illuminate\\Foundation\\Http\\Middleware\\TransformsRequest->handle()
#35 /var/www/woodson/thehub/vendor/laravel/framework/src/Illuminate/Pipeline/Pipeline.php(209): Illuminate\\Foundation\\Http\\Middleware\\ConvertEmptyStringsToNull->handle()
#36 /var/www/woodson/thehub/vendor/laravel/framework/src/Illuminate/Foundation/Http/Middleware/TransformsRequest.php(21): Illuminate\\Pipeline\\Pipeline->Illuminate\\Pipeline\\{closure}()
#37 /var/www/woodson/thehub/vendor/laravel/framework/src/Illuminate/Foundation/Http/Middleware/TrimStrings.php(51): Illuminate\\Foundation\\Http\\Middleware\\TransformsRequest->handle()
#38 /var/www/woodson/thehub/vendor/laravel/framework/src/Illuminate/Pipeline/Pipeline.php(209): Illuminate\\Foundation\\Http\\Middleware\\TrimStrings->handle()
#39 /var/www/woodson/thehub/vendor/laravel/framework/src/Illuminate/Http/Middleware/ValidatePostSize.php(27): Illuminate\\Pipeline\\Pipeline->Illuminate\\Pipeline\\{closure}()
#40 /var/www/woodson/thehub/vendor/laravel/framework/src/Illuminate/Pipeline/Pipeline.php(209): Illuminate\\Http\\Middleware\\ValidatePostSize->handle()
#41 /var/www/woodson/thehub/vendor/laravel/framework/src/Illuminate/Foundation/Http/Middleware/PreventRequestsDuringMaintenance.php(110): Illuminate\\Pipeline\\Pipeline->Illuminate\\Pipeline\\{closure}()
#42 /var/www/woodson/thehub/vendor/laravel/framework/src/Illuminate/Pipeline/Pipeline.php(209): Illuminate\\Foundation\\Http\\Middleware\\PreventRequestsDuringMaintenance->handle()
#43 /var/www/woodson/thehub/vendor/laravel/framework/src/Illuminate/Http/Middleware/HandleCors.php(49): Illuminate\\Pipeline\\Pipeline->Illuminate\\Pipeline\\{closure}()
#44 /var/www/woodson/thehub/vendor/laravel/framework/src/Illuminate/Pipeline/Pipeline.php(209): Illuminate\\Http\\Middleware\\HandleCors->handle()
#45 /var/www/woodson/thehub/vendor/laravel/framework/src/Illuminate/Http/Middleware/TrustProxies.php(58): Illuminate\\Pipeline\\Pipeline->Illuminate\\Pipeline\\{closure}()
#46 /var/www/woodson/thehub/vendor/laravel/framework/src/Illuminate/Pipeline/Pipeline.php(209): Illuminate\\Http\\Middleware\\TrustProxies->handle()
#47 /var/www/woodson/thehub/vendor/laravel/framework/src/Illuminate/Foundation/Http/Middleware/InvokeDeferredCallbacks.php(22): Illuminate\\Pipeline\\Pipeline->Illuminate\\Pipeline\\{closure}()
#48 /var/www/woodson/thehub/vendor/laravel/framework/src/Illuminate/Pipeline/Pipeline.php(209): Illuminate\\Foundation\\Http\\Middleware\\InvokeDeferredCallbacks->handle()
#49 /var/www/woodson/thehub/vendor/laravel/framework/src/Illuminate/Pipeline/Pipeline.php(127): Illuminate\\Pipeline\\Pipeline->Illuminate\\Pipeline\\{closure}()
#50 /var/www/woodson/thehub/vendor/laravel/framework/src/Illuminate/Foundation/Http/Kernel.php(176): Illuminate\\Pipeline\\Pipeline->then()
#51 /var/www/woodson/thehub/vendor/laravel/framework/src/Illuminate/Foundation/Http/Kernel.php(145): Illuminate\\Foundation\\Http\\Kernel->sendRequestThroughRouter()
#52 /var/www/woodson/thehub/public/laravel.php(34): Illuminate\\Foundation\\Http\\Kernel->handle()
#53 {main}

[previous exception] [object] (Symfony\\Component\\Routing\\Exception\\RouteNotFoundException(code: 0): Route [admin.users] not defined. at /var/www/woodson/thehub/vendor/laravel/framework/src/Illuminate/Routing/UrlGenerator.php:517)
[stacktrace]
#0 /var/www/woodson/thehub/vendor/laravel/framework/src/Illuminate/Foundation/helpers.php(853): Illuminate\\Routing\\UrlGenerator->route()
#1 /var/www/woodson/thehub/storage/framework/views/658ea57cc115bf339aa6dba94fb64026.php(7): route()
#2 /var/www/woodson/thehub/vendor/laravel/framework/src/Illuminate/Filesystem/Filesystem.php(123): require('...')
#3 /var/www/woodson/thehub/vendor/laravel/framework/src/Illuminate/Filesystem/Filesystem.php(124): Illuminate\\Filesystem\\Filesystem::Illuminate\\Filesystem\\{closure}()
#4 /var/www/woodson/thehub/vendor/laravel/framework/src/Illuminate/View/Engines/PhpEngine.php(58): Illuminate\\Filesystem\\Filesystem->getRequire()
#5 /var/www/woodson/thehub/vendor/laravel/framework/src/Illuminate/View/Engines/CompilerEngine.php(75): Illuminate\\View\\Engines\\PhpEngine->evaluatePath()
#6 /var/www/woodson/thehub/vendor/laravel/framework/src/Illuminate/View/View.php(209): Illuminate\\View\\Engines\\CompilerEngine->get()
#7 /var/www/woodson/thehub/vendor/laravel/framework/src/Illuminate/View/View.php(192): Illuminate\\View\\View->getContents()
#8 /var/www/woodson/thehub/vendor/laravel/framework/src/Illuminate/View/View.php(161): Illuminate\\View\\View->renderContents()
#9 /var/www/woodson/thehub/vendor/laravel/framework/src/Illuminate/Http/Response.php(79): Illuminate\\View\\View->render()
#10 /var/www/woodson/thehub/vendor/laravel/framework/src/Illuminate/Http/Response.php(35): Illuminate\\Http\\Response->setContent()
#11 /var/www/woodson/thehub/vendor/laravel/framework/src/Illuminate/Routing/Router.php(920): Illuminate\\Http\\Response->__construct()
#12 /var/www/woodson/thehub/vendor/laravel/framework/src/Illuminate/Routing/Router.php(887): Illuminate\\Routing\\Router::toResponse()
#13 /var/www/woodson/thehub/vendor/laravel/framework/src/Illuminate/Routing/Router.php(807): Illuminate\\Routing\\Router->prepareResponse()
#14 /var/www/woodson/thehub/vendor/laravel/framework/src/Illuminate/Pipeline/Pipeline.php(170): Illuminate\\Routing\\Router->Illuminate\\Routing\\{closure}()
#15 /var/www/woodson/thehub/app/Http/Middleware/Authenticate.php(50): Illuminate\\Pipeline\\Pipeline->Illuminate\\Pipeline\\{closure}()
#16 /var/www/woodson/thehub/vendor/laravel/framework/src/Illuminate/Pipeline/Pipeline.php(209): App\\Http\\Middleware\\Authenticate->handle()
#17 /var/www/woodson/thehub/vendor/laravel/framework/src/Illuminate/Routing/Middleware/SubstituteBindings.php(51): Illuminate\\Pipeline\\Pipeline->Illuminate\\Pipeline\\{closure}()
#18 /var/www/woodson/thehub/vendor/laravel/framework/src/Illuminate/Pipeline/Pipeline.php(209): Illuminate\\Routing\\Middleware\\SubstituteBindings->handle()
#19 /var/www/woodson/thehub/vendor/laravel/framework/src/Illuminate/Foundation/Http/Middleware/VerifyCsrfToken.php(88): Illuminate\\Pipeline\\Pipeline->Illuminate\\Pipeline\\{closure}()
#20 /var/www/woodson/thehub/vendor/laravel/framework/src/Illuminate/Pipeline/Pipeline.php(209): Illuminate\\Foundation\\Http\\Middleware\\VerifyCsrfToken->handle()
#21 /var/www/woodson/thehub/vendor/laravel/framework/src/Illuminate/View/Middleware/ShareErrorsFromSession.php(49): Illuminate\\Pipeline\\Pipeline->Illuminate\\Pipeline\\{closure}()
#22 /var/www/woodson/thehub/vendor/laravel/framework/src/Illuminate/Pipeline/Pipeline.php(209): Illuminate\\View\\Middleware\\ShareErrorsFromSession->handle()
#23 /var/www/woodson/thehub/vendor/laravel/framework/src/Illuminate/Session/Middleware/StartSession.php(121): Illuminate\\Pipeline\\Pipeline->Illuminate\\Pipeline\\{closure}()
#24 /var/www/woodson/thehub/vendor/laravel/framework/src/Illuminate/Session/Middleware/StartSession.php(64): Illuminate\\Session\\Middleware\\StartSession->handleStatefulRequest()
#25 /var/www/woodson/thehub/vendor/laravel/framework/src/Illuminate/Pipeline/Pipeline.php(209): Illuminate\\Session\\Middleware\\StartSession->handle()
#26 /var/www/woodson/thehub/vendor/laravel/framework/src/Illuminate/Cookie/Middleware/AddQueuedCookiesToResponse.php(37): Illuminate\\Pipeline\\Pipeline->Illuminate\\Pipeline\\{closure}()
#27 /var/www/woodson/thehub/vendor/laravel/framework/src/Illuminate/Pipeline/Pipeline.php(209): Illuminate\\Cookie\\Middleware\\AddQueuedCookiesToResponse->handle()
#28 /var/www/woodson/thehub/vendor/laravel/framework/src/Illuminate/Cookie/Middleware/EncryptCookies.php(75): Illuminate\\Pipeline\\Pipeline->Illuminate\\Pipeline\\{closure}()
#29 /var/www/woodson/thehub/vendor/laravel/framework/src/Illuminate/Pipeline/Pipeline.php(209): Illuminate\\Cookie\\Middleware\\EncryptCookies->handle()
#30 /var/www/woodson/thehub/vendor/laravel/framework/src/Illuminate/Pipeline/Pipeline.php(127): Illuminate\\Pipeline\\Pipeline->Illuminate\\Pipeline\\{closure}()
#31 /var/www/woodson/thehub/vendor/laravel/framework/src/Illuminate/Routing/Router.php(807): Illuminate\\Pipeline\\Pipeline->then()
#32 /var/www/woodson/thehub/vendor/laravel/framework/src/Illuminate/Routing/Router.php(786): Illuminate\\Routing\\Router->runRouteWithinStack()
#33 /var/www/woodson/thehub/vendor/laravel/framework/src/Illuminate/Routing/Router.php(750): Illuminate\\Routing\\Router->runRoute()
#34 /var/www/woodson/thehub/vendor/laravel/framework/src/Illuminate/Routing/Router.php(739): Illuminate\\Routing\\Router->dispatchToRoute()
#35 /var/www/woodson/thehub/vendor/laravel/framework/src/Illuminate/Foundation/Http/Kernel.php(201): Illuminate\\Routing\\Router->dispatch()
#36 /var/www/woodson/thehub/vendor/laravel/framework/src/Illuminate/Pipeline/Pipeline.php(170): Illuminate\\Foundation\\Http\\Kernel->Illuminate\\Foundation\\Http\\{closure}()
#37 /var/www/woodson/thehub/vendor/laravel/framework/src/Illuminate/Foundation/Http/Middleware/TransformsRequest.php(21): Illuminate\\Pipeline\\Pipeline->Illuminate\\Pipeline\\{closure}()
#38 /var/www/woodson/thehub/vendor/laravel/framework/src/Illuminate/Foundation/Http/Middleware/ConvertEmptyStringsToNull.php(31): Illuminate\\Foundation\\Http\\Middleware\\TransformsRequest->handle()
#39 /var/www/woodson/thehub/vendor/laravel/framework/src/Illuminate/Pipeline/Pipeline.php(209): Illuminate\\Foundation\\Http\\Middleware\\ConvertEmptyStringsToNull->handle()
#40 /var/www/woodson/thehub/vendor/laravel/framework/src/Illuminate/Foundation/Http/Middleware/TransformsRequest.php(21): Illuminate\\Pipeline\\Pipeline->Illuminate\\Pipeline\\{closure}()
#41 /var/www/woodson/thehub/vendor/laravel/framework/src/Illuminate/Foundation/Http/Middleware/TrimStrings.php(51): Illuminate\\Foundation\\Http\\Middleware\\TransformsRequest->handle()
#42 /var/www/woodson/thehub/vendor/laravel/framework/src/Illuminate/Pipeline/Pipeline.php(209): Illuminate\\Foundation\\Http\\Middleware\\TrimStrings->handle()
#43 /var/www/woodson/thehub/vendor/laravel/framework/src/Illuminate/Http/Middleware/ValidatePostSize.php(27): Illuminate\\Pipeline\\Pipeline->Illuminate\\Pipeline\\{closure}()
#44 /var/www/woodson/thehub/vendor/laravel/framework/src/Illuminate/Pipeline/Pipeline.php(209): Illuminate\\Http\\Middleware\\ValidatePostSize->handle()
#45 /var/www/woodson/thehub/vendor/laravel/framework/src/Illuminate/Foundation/Http/Middleware/PreventRequestsDuringMaintenance.php(110): Illuminate\\Pipeline\\Pipeline->Illuminate\\Pipeline\\{closure}()
#46 /var/www/woodson/thehub/vendor/laravel/framework/src/Illuminate/Pipeline/Pipeline.php(209): Illuminate\\Foundation\\Http\\Middleware\\PreventRequestsDuringMaintenance->handle()
#47 /var/www/woodson/thehub/vendor/laravel/framework/src/Illuminate/Http/Middleware/HandleCors.php(49): Illuminate\\Pipeline\\Pipeline->Illuminate\\Pipeline\\{closure}()
#48 /var/www/woodson/thehub/vendor/laravel/framework/src/Illuminate/Pipeline/Pipeline.php(209): Illuminate\\Http\\Middleware\\HandleCors->handle()
#49 /var/www/woodson/thehub/vendor/laravel/framework/src/Illuminate/Http/Middleware/TrustProxies.php(58): Illuminate\\Pipeline\\Pipeline->Illuminate\\Pipeline\\{closure}()
#50 /var/www/woodson/thehub/vendor/laravel/framework/src/Illuminate/Pipeline/Pipeline.php(209): Illuminate\\Http\\Middleware\\TrustProxies->handle()
#51 /var/www/woodson/thehub/vendor/laravel/framework/src/Illuminate/Foundation/Http/Middleware/InvokeDeferredCallbacks.php(22): Illuminate\\Pipeline\\Pipeline->Illuminate\\Pipeline\\{closure}()
#52 /var/www/woodson/thehub/vendor/laravel/framework/src/Illuminate/Pipeline/Pipeline.php(209): Illuminate\\Foundation\\Http\\Middleware\\InvokeDeferredCallbacks->handle()
#53 /var/www/woodson/thehub/vendor/laravel/framework/src/Illuminate/Pipeline/Pipeline.php(127): Illuminate\\Pipeline\\Pipeline->Illuminate\\Pipeline\\{closure}()
#54 /var/www/woodson/thehub/vendor/laravel/framework/src/Illuminate/Foundation/Http/Kernel.php(176): Illuminate\\Pipeline\\Pipeline->then()
#55 /var/www/woodson/thehub/vendor/laravel/framework/src/Illuminate/Foundation/Http/Kernel.php(145): Illuminate\\Foundation\\Http\\Kernel->sendRequestThroughRouter()
#56 /var/www/woodson/thehub/public/laravel.php(34): Illuminate\\Foundation\\Http\\Kernel->handle()
#57 {main}
"} 
[2026-02-12 12:15:06] production.ERROR: Route [admin.users] not defined. (View: /var/www/woodson/thehub/resources/views/admin/dashboard.blade.php) {"exception":"[object] (Illuminate\\View\\ViewException(code: 0): Route [admin.users] not defined. (View: /var/www/woodson/thehub/resources/views/admin/dashboard.blade.php) at /var/www/woodson/thehub/vendor/laravel/framework/src/Illuminate/Routing/UrlGenerator.php:517)
[stacktrace]
#0 /var/www/woodson/thehub/vendor/laravel/framework/src/Illuminate/View/Engines/PhpEngine.php(60): Illuminate\\View\\Engines\\CompilerEngine->handleViewException()
#1 /var/www/woodson/thehub/vendor/laravel/framework/src/Illuminate/View/Engines/CompilerEngine.php(75): Illuminate\\View\\Engines\\PhpEngine->evaluatePath()
#2 /var/www/woodson/thehub/vendor/laravel/framework/src/Illuminate/View/View.php(209): Illuminate\\View\\Engines\\CompilerEngine->get()
#3 /var/www/woodson/thehub/vendor/laravel/framework/src/Illuminate/View/View.php(192): Illuminate\\View\\View->getContents()
#4 /var/www/woodson/thehub/vendor/laravel/framework/src/Illuminate/View/View.php(161): Illuminate\\View\\View->renderContents()
#5 /var/www/woodson/thehub/vendor/laravel/framework/src/Illuminate/Http/Response.php(79): Illuminate\\View\\View->render()
#6 /var/www/woodson/thehub/vendor/laravel/framework/src/Illuminate/Http/Response.php(35): Illuminate\\Http\\Response->setContent()
#7 /var/www/woodson/thehub/vendor/laravel/framework/src/Illuminate/Routing/Router.php(920): Illuminate\\Http\\Response->__construct()
#8 /var/www/woodson/thehub/vendor/laravel/framework/src/Illuminate/Routing/Router.php(887): Illuminate\\Routing\\Router::toResponse()
#9 /var/www/woodson/thehub/vendor/laravel/framework/src/Illuminate/Routing/Router.php(807): Illuminate\\Routing\\Router->prepareResponse()
#10 /var/www/woodson/thehub/vendor/laravel/framework/src/Illuminate/Pipeline/Pipeline.php(170): Illuminate\\Routing\\Router->Illuminate\\Routing\\{closure}()
#11 /var/www/woodson/thehub/app/Http/Middleware/Authenticate.php(50): Illuminate\\Pipeline\\Pipeline->Illuminate\\Pipeline\\{closure}()
#12 /var/www/woodson/thehub/vendor/laravel/framework/src/Illuminate/Pipeline/Pipeline.php(209): App\\Http\\Middleware\\Authenticate->handle()
#13 /var/www/woodson/thehub/vendor/laravel/framework/src/Illuminate/Routing/Middleware/SubstituteBindings.php(51): Illuminate\\Pipeline\\Pipeline->Illuminate\\Pipeline\\{closure}()
#14 /var/www/woodson/thehub/vendor/laravel/framework/src/Illuminate/Pipeline/Pipeline.php(209): Illuminate\\Routing\\Middleware\\SubstituteBindings->handle()
#15 /var/www/woodson/thehub/vendor/laravel/framework/src/Illuminate/Foundation/Http/Middleware/VerifyCsrfToken.php(88): Illuminate\\Pipeline\\Pipeline->Illuminate\\Pipeline\\{closure}()
#16 /var/www/woodson/thehub/vendor/laravel/framework/src/Illuminate/Pipeline/Pipeline.php(209): Illuminate\\Foundation\\Http\\Middleware\\VerifyCsrfToken->handle()
#17 /var/www/woodson/thehub/vendor/laravel/framework/src/Illuminate/View/Middleware/ShareErrorsFromSession.php(49): Illuminate\\Pipeline\\Pipeline->Illuminate\\Pipeline\\{closure}()
#18 /var/www/woodson/thehub/vendor/laravel/framework/src/Illuminate/Pipeline/Pipeline.php(209): Illuminate\\View\\Middleware\\ShareErrorsFromSession->handle()
#19 /var/www/woodson/thehub/vendor/laravel/framework/src/Illuminate/Session/Middleware/StartSession.php(121): Illuminate\\Pipeline\\Pipeline->Illuminate\\Pipeline\\{closure}()
#20 /var/www/woodson/thehub/vendor/laravel/framework/src/Illuminate/Session/Middleware/StartSession.php(64): Illuminate\\Session\\Middleware\\StartSession->handleStatefulRequest()
#21 /var/www/woodson/thehub/vendor/laravel/framework/src/Illuminate/Pipeline/Pipeline.php(209): Illuminate\\Session\\Middleware\\StartSession->handle()
#22 /var/www/woodson/thehub/vendor/laravel/framework/src/Illuminate/Cookie/Middleware/AddQueuedCookiesToResponse.php(37): Illuminate\\Pipeline\\Pipeline->Illuminate\\Pipeline\\{closure}()
#23 /var/www/woodson/thehub/vendor/laravel/framework/src/Illuminate/Pipeline/Pipeline.php(209): Illuminate\\Cookie\\Middleware\\AddQueuedCookiesToResponse->handle()
#24 /var/www/woodson/thehub/vendor/laravel/framework/src/Illuminate/Cookie/Middleware/EncryptCookies.php(75): Illuminate\\Pipeline\\Pipeline->Illuminate\\Pipeline\\{closure}()
#25 /var/www/woodson/thehub/vendor/laravel/framework/src/Illuminate/Pipeline/Pipeline.php(209): Illuminate\\Cookie\\Middleware\\EncryptCookies->handle()
#26 /var/www/woodson/thehub/vendor/laravel/framework/src/Illuminate/Pipeline/Pipeline.php(127): Illuminate\\Pipeline\\Pipeline->Illuminate\\Pipeline\\{closure}()
#27 /var/www/woodson/thehub/vendor/laravel/framework/src/Illuminate/Routing/Router.php(807): Illuminate\\Pipeline\\Pipeline->then()
#28 /var/www/woodson/thehub/vendor/laravel/framework/src/Illuminate/Routing/Router.php(786): Illuminate\\Routing\\Router->runRouteWithinStack()
#29 /var/www/woodson/thehub/vendor/laravel/framework/src/Illuminate/Routing/Router.php(750): Illuminate\\Routing\\Router->runRoute()
#30 /var/www/woodson/thehub/vendor/laravel/framework/src/Illuminate/Routing/Router.php(739): Illuminate\\Routing\\Router->dispatchToRoute()
#31 /var/www/woodson/thehub/vendor/laravel/framework/src/Illuminate/Foundation/Http/Kernel.php(201): Illuminate\\Routing\\Router->dispatch()
#32 /var/www/woodson/thehub/vendor/laravel/framework/src/Illuminate/Pipeline/Pipeline.php(170): Illuminate\\Foundation\\Http\\Kernel->Illuminate\\Foundation\\Http\\{closure}()
#33 /var/www/woodson/thehub/vendor/laravel/framework/src/Illuminate/Foundation/Http/Middleware/TransformsRequest.php(21): Illuminate\\Pipeline\\Pipeline->Illuminate\\Pipeline\\{closure}()
#34 /var/www/woodson/thehub/vendor/laravel/framework/src/Illuminate/Foundation/Http/Middleware/ConvertEmptyStringsToNull.php(31): Illuminate\\Foundation\\Http\\Middleware\\TransformsRequest->handle()
#35 /var/www/woodson/thehub/vendor/laravel/framework/src/Illuminate/Pipeline/Pipeline.php(209): Illuminate\\Foundation\\Http\\Middleware\\ConvertEmptyStringsToNull->handle()
#36 /var/www/woodson/thehub/vendor/laravel/framework/src/Illuminate/Foundation/Http/Middleware/TransformsRequest.php(21): Illuminate\\Pipeline\\Pipeline->Illuminate\\Pipeline\\{closure}()
#37 /var/www/woodson/thehub/vendor/laravel/framework/src/Illuminate/Foundation/Http/Middleware/TrimStrings.php(51): Illuminate\\Foundation\\Http\\Middleware\\TransformsRequest->handle()
#38 /var/www/woodson/thehub/vendor/laravel/framework/src/Illuminate/Pipeline/Pipeline.php(209): Illuminate\\Foundation\\Http\\Middleware\\TrimStrings->handle()
#39 /var/www/woodson/thehub/vendor/laravel/framework/src/Illuminate/Http/Middleware/ValidatePostSize.php(27): Illuminate\\Pipeline\\Pipeline->Illuminate\\Pipeline\\{closure}()
#40 /var/www/woodson/thehub/vendor/laravel/framework/src/Illuminate/Pipeline/Pipeline.php(209): Illuminate\\Http\\Middleware\\ValidatePostSize->handle()
#41 /var/www/woodson/thehub/vendor/laravel/framework/src/Illuminate/Foundation/Http/Middleware/PreventRequestsDuringMaintenance.php(110): Illuminate\\Pipeline\\Pipeline->Illuminate\\Pipeline\\{closure}()
#42 /var/www/woodson/thehub/vendor/laravel/framework/src/Illuminate/Pipeline/Pipeline.php(209): Illuminate\\Foundation\\Http\\Middleware\\PreventRequestsDuringMaintenance->handle()
#43 /var/www/woodson/thehub/vendor/laravel/framework/src/Illuminate/Http/Middleware/HandleCors.php(49): Illuminate\\Pipeline\\Pipeline->Illuminate\\Pipeline\\{closure}()
#44 /var/www/woodson/thehub/vendor/laravel/framework/src/Illuminate/Pipeline/Pipeline.php(209): Illuminate\\Http\\Middleware\\HandleCors->handle()
#45 /var/www/woodson/thehub/vendor/laravel/framework/src/Illuminate/Http/Middleware/TrustProxies.php(58): Illuminate\\Pipeline\\Pipeline->Illuminate\\Pipeline\\{closure}()
#46 /var/www/woodson/thehub/vendor/laravel/framework/src/Illuminate/Pipeline/Pipeline.php(209): Illuminate\\Http\\Middleware\\TrustProxies->handle()
#47 /var/www/woodson/thehub/vendor/laravel/framework/src/Illuminate/Foundation/Http/Middleware/InvokeDeferredCallbacks.php(22): Illuminate\\Pipeline\\Pipeline->Illuminate\\Pipeline\\{closure}()
#48 /var/www/woodson/thehub/vendor/laravel/framework/src/Illuminate/Pipeline/Pipeline.php(209): Illuminate\\Foundation\\Http\\Middleware\\InvokeDeferredCallbacks->handle()
#49 /var/www/woodson/thehub/vendor/laravel/framework/src/Illuminate/Pipeline/Pipeline.php(127): Illuminate\\Pipeline\\Pipeline->Illuminate\\Pipeline\\{closure}()
#50 /var/www/woodson/thehub/vendor/laravel/framework/src/Illuminate/Foundation/Http/Kernel.php(176): Illuminate\\Pipeline\\Pipeline->then()
#51 /var/www/woodson/thehub/vendor/laravel/framework/src/Illuminate/Foundation/Http/Kernel.php(145): Illuminate\\Foundation\\Http\\Kernel->sendRequestThroughRouter()
#52 /var/www/woodson/thehub/public/laravel.php(34): Illuminate\\Foundation\\Http\\Kernel->handle()
#53 {main}

[previous exception] [object] (Symfony\\Component\\Routing\\Exception\\RouteNotFoundException(code: 0): Route [admin.users] not defined. at /var/www/woodson/thehub/vendor/laravel/framework/src/Illuminate/Routing/UrlGenerator.php:517)
[stacktrace]
#0 /var/www/woodson/thehub/vendor/laravel/framework/src/Illuminate/Foundation/helpers.php(853): Illuminate\\Routing\\UrlGenerator->route()
#1 /var/www/woodson/thehub/storage/framework/views/658ea57cc115bf339aa6dba94fb64026.php(7): route()
#2 /var/www/woodson/thehub/vendor/laravel/framework/src/Illuminate/Filesystem/Filesystem.php(123): require('...')
#3 /var/www/woodson/thehub/vendor/laravel/framework/src/Illuminate/Filesystem/Filesystem.php(124): Illuminate\\Filesystem\\Filesystem::Illuminate\\Filesystem\\{closure}()
#4 /var/www/woodson/thehub/vendor/laravel/framework/src/Illuminate/View/Engines/PhpEngine.php(58): Illuminate\\Filesystem\\Filesystem->getRequire()
#5 /var/www/woodson/thehub/vendor/laravel/framework/src/Illuminate/View/Engines/CompilerEngine.php(75): Illuminate\\View\\Engines\\PhpEngine->evaluatePath()
#6 /var/www/woodson/thehub/vendor/laravel/framework/src/Illuminate/View/View.php(209): Illuminate\\View\\Engines\\CompilerEngine->get()
#7 /var/www/woodson/thehub/vendor/laravel/framework/src/Illuminate/View/View.php(192): Illuminate\\View\\View->getContents()
#8 /var/www/woodson/thehub/vendor/laravel/framework/src/Illuminate/View/View.php(161): Illuminate\\View\\View->renderContents()
#9 /var/www/woodson/thehub/vendor/laravel/framework/src/Illuminate/Http/Response.php(79): Illuminate\\View\\View->render()
#10 /var/www/woodson/thehub/vendor/laravel/framework/src/Illuminate/Http/Response.php(35): Illuminate\\Http\\Response->setContent()
#11 /var/www/woodson/thehub/vendor/laravel/framework/src/Illuminate/Routing/Router.php(920): Illuminate\\Http\\Response->__construct()
#12 /var/www/woodson/thehub/vendor/laravel/framework/src/Illuminate/Routing/Router.php(887): Illuminate\\Routing\\Router::toResponse()
#13 /var/www/woodson/thehub/vendor/laravel/framework/src/Illuminate/Routing/Router.php(807): Illuminate\\Routing\\Router->prepareResponse()
#14 /var/www/woodson/thehub/vendor/laravel/framework/src/Illuminate/Pipeline/Pipeline.php(170): Illuminate\\Routing\\Router->Illuminate\\Routing\\{closure}()
#15 /var/www/woodson/thehub/app/Http/Middleware/Authenticate.php(50): Illuminate\\Pipeline\\Pipeline->Illuminate\\Pipeline\\{closure}()
#16 /var/www/woodson/thehub/vendor/laravel/framework/src/Illuminate/Pipeline/Pipeline.php(209): App\\Http\\Middleware\\Authenticate->handle()
#17 /var/www/woodson/thehub/vendor/laravel/framework/src/Illuminate/Routing/Middleware/SubstituteBindings.php(51): Illuminate\\Pipeline\\Pipeline->Illuminate\\Pipeline\\{closure}()
#18 /var/www/woodson/thehub/vendor/laravel/framework/src/Illuminate/Pipeline/Pipeline.php(209): Illuminate\\Routing\\Middleware\\SubstituteBindings->handle()
#19 /var/www/woodson/thehub/vendor/laravel/framework/src/Illuminate/Foundation/Http/Middleware/VerifyCsrfToken.php(88): Illuminate\\Pipeline\\Pipeline->Illuminate\\Pipeline\\{closure}()
#20 /var/www/woodson/thehub/vendor/laravel/framework/src/Illuminate/Pipeline/Pipeline.php(209): Illuminate\\Foundation\\Http\\Middleware\\VerifyCsrfToken->handle()
#21 /var/www/woodson/thehub/vendor/laravel/framework/src/Illuminate/View/Middleware/ShareErrorsFromSession.php(49): Illuminate\\Pipeline\\Pipeline->Illuminate\\Pipeline\\{closure}()
#22 /var/www/woodson/thehub/vendor/laravel/framework/src/Illuminate/Pipeline/Pipeline.php(209): Illuminate\\View\\Middleware\\ShareErrorsFromSession->handle()
#23 /var/www/woodson/thehub/vendor/laravel/framework/src/Illuminate/Session/Middleware/StartSession.php(121): Illuminate\\Pipeline\\Pipeline->Illuminate\\Pipeline\\{closure}()
#24 /var/www/woodson/thehub/vendor/laravel/framework/src/Illuminate/Session/Middleware/StartSession.php(64): Illuminate\\Session\\Middleware\\StartSession->handleStatefulRequest()
#25 /var/www/woodson/thehub/vendor/laravel/framework/src/Illuminate/Pipeline/Pipeline.php(209): Illuminate\\Session\\Middleware\\StartSession->handle()
#26 /var/www/woodson/thehub/vendor/laravel/framework/src/Illuminate/Cookie/Middleware/AddQueuedCookiesToResponse.php(37): Illuminate\\Pipeline\\Pipeline->Illuminate\\Pipeline\\{closure}()
#27 /var/www/woodson/thehub/vendor/laravel/framework/src/Illuminate/Pipeline/Pipeline.php(209): Illuminate\\Cookie\\Middleware\\AddQueuedCookiesToResponse->handle()
#28 /var/www/woodson/thehub/vendor/laravel/framework/src/Illuminate/Cookie/Middleware/EncryptCookies.php(75): Illuminate\\Pipeline\\Pipeline->Illuminate\\Pipeline\\{closure}()
#29 /var/www/woodson/thehub/vendor/laravel/framework/src/Illuminate/Pipeline/Pipeline.php(209): Illuminate\\Cookie\\Middleware\\EncryptCookies->handle()
#30 /var/www/woodson/thehub/vendor/laravel/framework/src/Illuminate/Pipeline/Pipeline.php(127): Illuminate\\Pipeline\\Pipeline->Illuminate\\Pipeline\\{closure}()
#31 /var/www/woodson/thehub/vendor/laravel/framework/src/Illuminate/Routing/Router.php(807): Illuminate\\Pipeline\\Pipeline->then()
#32 /var/www/woodson/thehub/vendor/laravel/framework/src/Illuminate/Routing/Router.php(786): Illuminate\\Routing\\Router->runRouteWithinStack()
#33 /var/www/woodson/thehub/vendor/laravel/framework/src/Illuminate/Routing/Router.php(750): Illuminate\\Routing\\Router->runRoute()
#34 /var/www/woodson/thehub/vendor/laravel/framework/src/Illuminate/Routing/Router.php(739): Illuminate\\Routing\\Router->dispatchToRoute()
#35 /var/www/woodson/thehub/vendor/laravel/framework/src/Illuminate/Foundation/Http/Kernel.php(201): Illuminate\\Routing\\Router->dispatch()
#36 /var/www/woodson/thehub/vendor/laravel/framework/src/Illuminate/Pipeline/Pipeline.php(170): Illuminate\\Foundation\\Http\\Kernel->Illuminate\\Foundation\\Http\\{closure}()
#37 /var/www/woodson/thehub/vendor/laravel/framework/src/Illuminate/Foundation/Http/Middleware/TransformsRequest.php(21): Illuminate\\Pipeline\\Pipeline->Illuminate\\Pipeline\\{closure}()
#38 /var/www/woodson/thehub/vendor/laravel/framework/src/Illuminate/Foundation/Http/Middleware/ConvertEmptyStringsToNull.php(31): Illuminate\\Foundation\\Http\\Middleware\\TransformsRequest->handle()
#39 /var/www/woodson/thehub/vendor/laravel/framework/src/Illuminate/Pipeline/Pipeline.php(209): Illuminate\\Foundation\\Http\\Middleware\\ConvertEmptyStringsToNull->handle()
#40 /var/www/woodson/thehub/vendor/laravel/framework/src/Illuminate/Foundation/Http/Middleware/TransformsRequest.php(21): Illuminate\\Pipeline\\Pipeline->Illuminate\\Pipeline\\{closure}()
#41 /var/www/woodson/thehub/vendor/laravel/framework/src/Illuminate/Foundation/Http/Middleware/TrimStrings.php(51): Illuminate\\Foundation\\Http\\Middleware\\TransformsRequest->handle()
#42 /var/www/woodson/thehub/vendor/laravel/framework/src/Illuminate/Pipeline/Pipeline.php(209): Illuminate\\Foundation\\Http\\Middleware\\TrimStrings->handle()
#43 /var/www/woodson/thehub/vendor/laravel/framework/src/Illuminate/Http/Middleware/ValidatePostSize.php(27): Illuminate\\Pipeline\\Pipeline->Illuminate\\Pipeline\\{closure}()
#44 /var/www/woodson/thehub/vendor/laravel/framework/src/Illuminate/Pipeline/Pipeline.php(209): Illuminate\\Http\\Middleware\\ValidatePostSize->handle()
#45 /var/www/woodson/thehub/vendor/laravel/framework/src/Illuminate/Foundation/Http/Middleware/PreventRequestsDuringMaintenance.php(110): Illuminate\\Pipeline\\Pipeline->Illuminate\\Pipeline\\{closure}()
#46 /var/www/woodson/thehub/vendor/laravel/framework/src/Illuminate/Pipeline/Pipeline.php(209): Illuminate\\Foundation\\Http\\Middleware\\PreventRequestsDuringMaintenance->handle()
#47 /var/www/woodson/thehub/vendor/laravel/framework/src/Illuminate/Http/Middleware/HandleCors.php(49): Illuminate\\Pipeline\\Pipeline->Illuminate\\Pipeline\\{closure}()
#48 /var/www/woodson/thehub/vendor/laravel/framework/src/Illuminate/Pipeline/Pipeline.php(209): Illuminate\\Http\\Middleware\\HandleCors->handle()
#49 /var/www/woodson/thehub/vendor/laravel/framework/src/Illuminate/Http/Middleware/TrustProxies.php(58): Illuminate\\Pipeline\\Pipeline->Illuminate\\Pipeline\\{closure}()
#50 /var/www/woodson/thehub/vendor/laravel/framework/src/Illuminate/Pipeline/Pipeline.php(209): Illuminate\\Http\\Middleware\\TrustProxies->handle()
#51 /var/www/woodson/thehub/vendor/laravel/framework/src/Illuminate/Foundation/Http/Middleware/InvokeDeferredCallbacks.php(22): Illuminate\\Pipeline\\Pipeline->Illuminate\\Pipeline\\{closure}()
#52 /var/www/woodson/thehub/vendor/laravel/framework/src/Illuminate/Pipeline/Pipeline.php(209): Illuminate\\Foundation\\Http\\Middleware\\InvokeDeferredCallbacks->handle()
#53 /var/www/woodson/thehub/vendor/laravel/framework/src/Illuminate/Pipeline/Pipeline.php(127): Illuminate\\Pipeline\\Pipeline->Illuminate\\Pipeline\\{closure}()
#54 /var/www/woodson/thehub/vendor/laravel/framework/src/Illuminate/Foundation/Http/Kernel.php(176): Illuminate\\Pipeline\\Pipeline->then()
#55 /var/www/woodson/thehub/vendor/laravel/framework/src/Illuminate/Foundation/Http/Kernel.php(145): Illuminate\\Foundation\\Http\\Kernel->sendRequestThroughRouter()
#56 /var/www/woodson/thehub/public/laravel.php(34): Illuminate\\Foundation\\Http\\Kernel->handle()
#57 {main}
"} 
[2026-02-12 12:17:50] production.ERROR: Route [admin.users] not defined. (View: /var/www/woodson/thehub/resources/views/admin/dashboard.blade.php) {"exception":"[object] (Illuminate\\View\\ViewException(code: 0): Route [admin.users] not defined. (View: /var/www/woodson/thehub/resources/views/admin/dashboard.blade.php) at /var/www/woodson/thehub/vendor/laravel/framework/src/Illuminate/Routing/UrlGenerator.php:517)
[stacktrace]
#0 /var/www/woodson/thehub/vendor/laravel/framework/src/Illuminate/View/Engines/PhpEngine.php(60): Illuminate\\View\\Engines\\CompilerEngine->handleViewException()
#1 /var/www/woodson/thehub/vendor/laravel/framework/src/Illuminate/View/Engines/CompilerEngine.php(75): Illuminate\\View\\Engines\\PhpEngine->evaluatePath()
#2 /var/www/woodson/thehub/vendor/laravel/framework/src/Illuminate/View/View.php(209): Illuminate\\View\\Engines\\CompilerEngine->get()
#3 /var/www/woodson/thehub/vendor/laravel/framework/src/Illuminate/View/View.php(192): Illuminate\\View\\View->getContents()
#4 /var/www/woodson/thehub/vendor/laravel/framework/src/Illuminate/View/View.php(161): Illuminate\\View\\View->renderContents()
#5 /var/www/woodson/thehub/vendor/laravel/framework/src/Illuminate/Http/Response.php(79): Illuminate\\View\\View->render()
#6 /var/www/woodson/thehub/vendor/laravel/framework/src/Illuminate/Http/Response.php(35): Illuminate\\Http\\Response->setContent()
#7 /var/www/woodson/thehub/vendor/laravel/framework/src/Illuminate/Routing/Router.php(920): Illuminate\\Http\\Response->__construct()
#8 /var/www/woodson/thehub/vendor/laravel/framework/src/Illuminate/Routing/Router.php(887): Illuminate\\Routing\\Router::toResponse()
#9 /var/www/woodson/thehub/vendor/laravel/framework/src/Illuminate/Routing/Router.php(807): Illuminate\\Routing\\Router->prepareResponse()
#10 /var/www/woodson/thehub/vendor/laravel/framework/src/Illuminate/Pipeline/Pipeline.php(170): Illuminate\\Routing\\Router->Illuminate\\Routing\\{closure}()
#11 /var/www/woodson/thehub/app/Http/Middleware/Authenticate.php(50): Illuminate\\Pipeline\\Pipeline->Illuminate\\Pipeline\\{closure}()
#12 /var/www/woodson/thehub/vendor/laravel/framework/src/Illuminate/Pipeline/Pipeline.php(209): App\\Http\\Middleware\\Authenticate->handle()
#13 /var/www/woodson/thehub/vendor/laravel/framework/src/Illuminate/Routing/Middleware/SubstituteBindings.php(51): Illuminate\\Pipeline\\Pipeline->Illuminate\\Pipeline\\{closure}()
#14 /var/www/woodson/thehub/vendor/laravel/framework/src/Illuminate/Pipeline/Pipeline.php(209): Illuminate\\Routing\\Middleware\\SubstituteBindings->handle()
#15 /var/www/woodson/thehub/vendor/laravel/framework/src/Illuminate/Foundation/Http/Middleware/VerifyCsrfToken.php(88): Illuminate\\Pipeline\\Pipeline->Illuminate\\Pipeline\\{closure}()
#16 /var/www/woodson/thehub/vendor/laravel/framework/src/Illuminate/Pipeline/Pipeline.php(209): Illuminate\\Foundation\\Http\\Middleware\\VerifyCsrfToken->handle()
#17 /var/www/woodson/thehub/vendor/laravel/framework/src/Illuminate/View/Middleware/ShareErrorsFromSession.php(49): Illuminate\\Pipeline\\Pipeline->Illuminate\\Pipeline\\{closure}()
#18 /var/www/woodson/thehub/vendor/laravel/framework/src/Illuminate/Pipeline/Pipeline.php(209): Illuminate\\View\\Middleware\\ShareErrorsFromSession->handle()
#19 /var/www/woodson/thehub/vendor/laravel/framework/src/Illuminate/Session/Middleware/StartSession.php(121): Illuminate\\Pipeline\\Pipeline->Illuminate\\Pipeline\\{closure}()
#20 /var/www/woodson/thehub/vendor/laravel/framework/src/Illuminate/Session/Middleware/StartSession.php(64): Illuminate\\Session\\Middleware\\StartSession->handleStatefulRequest()
#21 /var/www/woodson/thehub/vendor/laravel/framework/src/Illuminate/Pipeline/Pipeline.php(209): Illuminate\\Session\\Middleware\\StartSession->handle()
#22 /var/www/woodson/thehub/vendor/laravel/framework/src/Illuminate/Cookie/Middleware/AddQueuedCookiesToResponse.php(37): Illuminate\\Pipeline\\Pipeline->Illuminate\\Pipeline\\{closure}()
#23 /var/www/woodson/thehub/vendor/laravel/framework/src/Illuminate/Pipeline/Pipeline.php(209): Illuminate\\Cookie\\Middleware\\AddQueuedCookiesToResponse->handle()
#24 /var/www/woodson/thehub/vendor/laravel/framework/src/Illuminate/Cookie/Middleware/EncryptCookies.php(75): Illuminate\\Pipeline\\Pipeline->Illuminate\\Pipeline\\{closure}()
#25 /var/www/woodson/thehub/vendor/laravel/framework/src/Illuminate/Pipeline/Pipeline.php(209): Illuminate\\Cookie\\Middleware\\EncryptCookies->handle()
#26 /var/www/woodson/thehub/vendor/laravel/framework/src/Illuminate/Pipeline/Pipeline.php(127): Illuminate\\Pipeline\\Pipeline->Illuminate\\Pipeline\\{closure}()
#27 /var/www/woodson/thehub/vendor/laravel/framework/src/Illuminate/Routing/Router.php(807): Illuminate\\Pipeline\\Pipeline->then()
#28 /var/www/woodson/thehub/vendor/laravel/framework/src/Illuminate/Routing/Router.php(786): Illuminate\\Routing\\Router->runRouteWithinStack()
#29 /var/www/woodson/thehub/vendor/laravel/framework/src/Illuminate/Routing/Router.php(750): Illuminate\\Routing\\Router->runRoute()
#30 /var/www/woodson/thehub/vendor/laravel/framework/src/Illuminate/Routing/Router.php(739): Illuminate\\Routing\\Router->dispatchToRoute()
#31 /var/www/woodson/thehub/vendor/laravel/framework/src/Illuminate/Foundation/Http/Kernel.php(201): Illuminate\\Routing\\Router->dispatch()
#32 /var/www/woodson/thehub/vendor/laravel/framework/src/Illuminate/Pipeline/Pipeline.php(170): Illuminate\\Foundation\\Http\\Kernel->Illuminate\\Foundation\\Http\\{closure}()
#33 /var/www/woodson/thehub/vendor/laravel/framework/src/Illuminate/Foundation/Http/Middleware/TransformsRequest.php(21): Illuminate\\Pipeline\\Pipeline->Illuminate\\Pipeline\\{closure}()
#34 /var/www/woodson/thehub/vendor/laravel/framework/src/Illuminate/Foundation/Http/Middleware/ConvertEmptyStringsToNull.php(31): Illuminate\\Foundation\\Http\\Middleware\\TransformsRequest->handle()
#35 /var/www/woodson/thehub/vendor/laravel/framework/src/Illuminate/Pipeline/Pipeline.php(209): Illuminate\\Foundation\\Http\\Middleware\\ConvertEmptyStringsToNull->handle()
#36 /var/www/woodson/thehub/vendor/laravel/framework/src/Illuminate/Foundation/Http/Middleware/TransformsRequest.php(21): Illuminate\\Pipeline\\Pipeline->Illuminate\\Pipeline\\{closure}()
#37 /var/www/woodson/thehub/vendor/laravel/framework/src/Illuminate/Foundation/Http/Middleware/TrimStrings.php(51): Illuminate\\Foundation\\Http\\Middleware\\TransformsRequest->handle()
#38 /var/www/woodson/thehub/vendor/laravel/framework/src/Illuminate/Pipeline/Pipeline.php(209): Illuminate\\Foundation\\Http\\Middleware\\TrimStrings->handle()
#39 /var/www/woodson/thehub/vendor/laravel/framework/src/Illuminate/Http/Middleware/ValidatePostSize.php(27): Illuminate\\Pipeline\\Pipeline->Illuminate\\Pipeline\\{closure}()
#40 /var/www/woodson/thehub/vendor/laravel/framework/src/Illuminate/Pipeline/Pipeline.php(209): Illuminate\\Http\\Middleware\\ValidatePostSize->handle()
#41 /var/www/woodson/thehub/vendor/laravel/framework/src/Illuminate/Foundation/Http/Middleware/PreventRequestsDuringMaintenance.php(110): Illuminate\\Pipeline\\Pipeline->Illuminate\\Pipeline\\{closure}()
#42 /var/www/woodson/thehub/vendor/laravel/framework/src/Illuminate/Pipeline/Pipeline.php(209): Illuminate\\Foundation\\Http\\Middleware\\PreventRequestsDuringMaintenance->handle()
#43 /var/www/woodson/thehub/vendor/laravel/framework/src/Illuminate/Http/Middleware/HandleCors.php(49): Illuminate\\Pipeline\\Pipeline->Illuminate\\Pipeline\\{closure}()
#44 /var/www/woodson/thehub/vendor/laravel/framework/src/Illuminate/Pipeline/Pipeline.php(209): Illuminate\\Http\\Middleware\\HandleCors->handle()
#45 /var/www/woodson/thehub/vendor/laravel/framework/src/Illuminate/Http/Middleware/TrustProxies.php(58): Illuminate\\Pipeline\\Pipeline->Illuminate\\Pipeline\\{closure}()
#46 /var/www/woodson/thehub/vendor/laravel/framework/src/Illuminate/Pipeline/Pipeline.php(209): Illuminate\\Http\\Middleware\\TrustProxies->handle()
#47 /var/www/woodson/thehub/vendor/laravel/framework/src/Illuminate/Foundation/Http/Middleware/InvokeDeferredCallbacks.php(22): Illuminate\\Pipeline\\Pipeline->Illuminate\\Pipeline\\{closure}()
#48 /var/www/woodson/thehub/vendor/laravel/framework/src/Illuminate/Pipeline/Pipeline.php(209): Illuminate\\Foundation\\Http\\Middleware\\InvokeDeferredCallbacks->handle()
#49 /var/www/woodson/thehub/vendor/laravel/framework/src/Illuminate/Pipeline/Pipeline.php(127): Illuminate\\Pipeline\\Pipeline->Illuminate\\Pipeline\\{closure}()
#50 /var/www/woodson/thehub/vendor/laravel/framework/src/Illuminate/Foundation/Http/Kernel.php(176): Illuminate\\Pipeline\\Pipeline->then()
#51 /var/www/woodson/thehub/vendor/laravel/framework/src/Illuminate/Foundation/Http/Kernel.php(145): Illuminate\\Foundation\\Http\\Kernel->sendRequestThroughRouter()
#52 /var/www/woodson/thehub/public/laravel.php(34): Illuminate\\Foundation\\Http\\Kernel->handle()
#53 {main}

[previous exception] [object] (Symfony\\Component\\Routing\\Exception\\RouteNotFoundException(code: 0): Route [admin.users] not defined. at /var/www/woodson/thehub/vendor/laravel/framework/src/Illuminate/Routing/UrlGenerator.php:517)
[stacktrace]
#0 /var/www/woodson/thehub/vendor/laravel/framework/src/Illuminate/Foundation/helpers.php(853): Illuminate\\Routing\\UrlGenerator->route()
#1 /var/www/woodson/thehub/storage/framework/views/658ea57cc115bf339aa6dba94fb64026.php(7): route()
#2 /var/www/woodson/thehub/vendor/laravel/framework/src/Illuminate/Filesystem/Filesystem.php(123): require('...')
#3 /var/www/woodson/thehub/vendor/laravel/framework/src/Illuminate/Filesystem/Filesystem.php(124): Illuminate\\Filesystem\\Filesystem::Illuminate\\Filesystem\\{closure}()
#4 /var/www/woodson/thehub/vendor/laravel/framework/src/Illuminate/View/Engines/PhpEngine.php(58): Illuminate\\Filesystem\\Filesystem->getRequire()
#5 /var/www/woodson/thehub/vendor/laravel/framework/src/Illuminate/View/Engines/CompilerEngine.php(75): Illuminate\\View\\Engines\\PhpEngine->evaluatePath()
#6 /var/www/woodson/thehub/vendor/laravel/framework/src/Illuminate/View/View.php(209): Illuminate\\View\\Engines\\CompilerEngine->get()
#7 /var/www/woodson/thehub/vendor/laravel/framework/src/Illuminate/View/View.php(192): Illuminate\\View\\View->getContents()
#8 /var/www/woodson/thehub/vendor/laravel/framework/src/Illuminate/View/View.php(161): Illuminate\\View\\View->renderContents()
#9 /var/www/woodson/thehub/vendor/laravel/framework/src/Illuminate/Http/Response.php(79): Illuminate\\View\\View->render()
#10 /var/www/woodson/thehub/vendor/laravel/framework/src/Illuminate/Http/Response.php(35): Illuminate\\Http\\Response->setContent()
#11 /var/www/woodson/thehub/vendor/laravel/framework/src/Illuminate/Routing/Router.php(920): Illuminate\\Http\\Response->__construct()
#12 /var/www/woodson/thehub/vendor/laravel/framework/src/Illuminate/Routing/Router.php(887): Illuminate\\Routing\\Router::toResponse()
#13 /var/www/woodson/thehub/vendor/laravel/framework/src/Illuminate/Routing/Router.php(807): Illuminate\\Routing\\Router->prepareResponse()
#14 /var/www/woodson/thehub/vendor/laravel/framework/src/Illuminate/Pipeline/Pipeline.php(170): Illuminate\\Routing\\Router->Illuminate\\Routing\\{closure}()
#15 /var/www/woodson/thehub/app/Http/Middleware/Authenticate.php(50): Illuminate\\Pipeline\\Pipeline->Illuminate\\Pipeline\\{closure}()
#16 /var/www/woodson/thehub/vendor/laravel/framework/src/Illuminate/Pipeline/Pipeline.php(209): App\\Http\\Middleware\\Authenticate->handle()
#17 /var/www/woodson/thehub/vendor/laravel/framework/src/Illuminate/Routing/Middleware/SubstituteBindings.php(51): Illuminate\\Pipeline\\Pipeline->Illuminate\\Pipeline\\{closure}()
#18 /var/www/woodson/thehub/vendor/laravel/framework/src/Illuminate/Pipeline/Pipeline.php(209): Illuminate\\Routing\\Middleware\\SubstituteBindings->handle()
#19 /var/www/woodson/thehub/vendor/laravel/framework/src/Illuminate/Foundation/Http/Middleware/VerifyCsrfToken.php(88): Illuminate\\Pipeline\\Pipeline->Illuminate\\Pipeline\\{closure}()
#20 /var/www/woodson/thehub/vendor/laravel/framework/src/Illuminate/Pipeline/Pipeline.php(209): Illuminate\\Foundation\\Http\\Middleware\\VerifyCsrfToken->handle()
#21 /var/www/woodson/thehub/vendor/laravel/framework/src/Illuminate/View/Middleware/ShareErrorsFromSession.php(49): Illuminate\\Pipeline\\Pipeline->Illuminate\\Pipeline\\{closure}()
#22 /var/www/woodson/thehub/vendor/laravel/framework/src/Illuminate/Pipeline/Pipeline.php(209): Illuminate\\View\\Middleware\\ShareErrorsFromSession->handle()
#23 /var/www/woodson/thehub/vendor/laravel/framework/src/Illuminate/Session/Middleware/StartSession.php(121): Illuminate\\Pipeline\\Pipeline->Illuminate\\Pipeline\\{closure}()
#24 /var/www/woodson/thehub/vendor/laravel/framework/src/Illuminate/Session/Middleware/StartSession.php(64): Illuminate\\Session\\Middleware\\StartSession->handleStatefulRequest()
#25 /var/www/woodson/thehub/vendor/laravel/framework/src/Illuminate/Pipeline/Pipeline.php(209): Illuminate\\Session\\Middleware\\StartSession->handle()
#26 /var/www/woodson/thehub/vendor/laravel/framework/src/Illuminate/Cookie/Middleware/AddQueuedCookiesToResponse.php(37): Illuminate\\Pipeline\\Pipeline->Illuminate\\Pipeline\\{closure}()
#27 /var/www/woodson/thehub/vendor/laravel/framework/src/Illuminate/Pipeline/Pipeline.php(209): Illuminate\\Cookie\\Middleware\\AddQueuedCookiesToResponse->handle()
#28 /var/www/woodson/thehub/vendor/laravel/framework/src/Illuminate/Cookie/Middleware/EncryptCookies.php(75): Illuminate\\Pipeline\\Pipeline->Illuminate\\Pipeline\\{closure}()
#29 /var/www/woodson/thehub/vendor/laravel/framework/src/Illuminate/Pipeline/Pipeline.php(209): Illuminate\\Cookie\\Middleware\\EncryptCookies->handle()
#30 /var/www/woodson/thehub/vendor/laravel/framework/src/Illuminate/Pipeline/Pipeline.php(127): Illuminate\\Pipeline\\Pipeline->Illuminate\\Pipeline\\{closure}()
#31 /var/www/woodson/thehub/vendor/laravel/framework/src/Illuminate/Routing/Router.php(807): Illuminate\\Pipeline\\Pipeline->then()
#32 /var/www/woodson/thehub/vendor/laravel/framework/src/Illuminate/Routing/Router.php(786): Illuminate\\Routing\\Router->runRouteWithinStack()
#33 /var/www/woodson/thehub/vendor/laravel/framework/src/Illuminate/Routing/Router.php(750): Illuminate\\Routing\\Router->runRoute()
#34 /var/www/woodson/thehub/vendor/laravel/framework/src/Illuminate/Routing/Router.php(739): Illuminate\\Routing\\Router->dispatchToRoute()
#35 /var/www/woodson/thehub/vendor/laravel/framework/src/Illuminate/Foundation/Http/Kernel.php(201): Illuminate\\Routing\\Router->dispatch()
#36 /var/www/woodson/thehub/vendor/laravel/framework/src/Illuminate/Pipeline/Pipeline.php(170): Illuminate\\Foundation\\Http\\Kernel->Illuminate\\Foundation\\Http\\{closure}()
#37 /var/www/woodson/thehub/vendor/laravel/framework/src/Illuminate/Foundation/Http/Middleware/TransformsRequest.php(21): Illuminate\\Pipeline\\Pipeline->Illuminate\\Pipeline\\{closure}()
#38 /var/www/woodson/thehub/vendor/laravel/framework/src/Illuminate/Foundation/Http/Middleware/ConvertEmptyStringsToNull.php(31): Illuminate\\Foundation\\Http\\Middleware\\TransformsRequest->handle()
#39 /var/www/woodson/thehub/vendor/laravel/framework/src/Illuminate/Pipeline/Pipeline.php(209): Illuminate\\Foundation\\Http\\Middleware\\ConvertEmptyStringsToNull->handle()
#40 /var/www/woodson/thehub/vendor/laravel/framework/src/Illuminate/Foundation/Http/Middleware/TransformsRequest.php(21): Illuminate\\Pipeline\\Pipeline->Illuminate\\Pipeline\\{closure}()
#41 /var/www/woodson/thehub/vendor/laravel/framework/src/Illuminate/Foundation/Http/Middleware/TrimStrings.php(51): Illuminate\\Foundation\\Http\\Middleware\\TransformsRequest->handle()
#42 /var/www/woodson/thehub/vendor/laravel/framework/src/Illuminate/Pipeline/Pipeline.php(209): Illuminate\\Foundation\\Http\\Middleware\\TrimStrings->handle()
#43 /var/www/woodson/thehub/vendor/laravel/framework/src/Illuminate/Http/Middleware/ValidatePostSize.php(27): Illuminate\\Pipeline\\Pipeline->Illuminate\\Pipeline\\{closure}()
#44 /var/www/woodson/thehub/vendor/laravel/framework/src/Illuminate/Pipeline/Pipeline.php(209): Illuminate\\Http\\Middleware\\ValidatePostSize->handle()
#45 /var/www/woodson/thehub/vendor/laravel/framework/src/Illuminate/Foundation/Http/Middleware/PreventRequestsDuringMaintenance.php(110): Illuminate\\Pipeline\\Pipeline->Illuminate\\Pipeline\\{closure}()
#46 /var/www/woodson/thehub/vendor/laravel/framework/src/Illuminate/Pipeline/Pipeline.php(209): Illuminate\\Foundation\\Http\\Middleware\\PreventRequestsDuringMaintenance->handle()
#47 /var/www/woodson/thehub/vendor/laravel/framework/src/Illuminate/Http/Middleware/HandleCors.php(49): Illuminate\\Pipeline\\Pipeline->Illuminate\\Pipeline\\{closure}()
#48 /var/www/woodson/thehub/vendor/laravel/framework/src/Illuminate/Pipeline/Pipeline.php(209): Illuminate\\Http\\Middleware\\HandleCors->handle()
#49 /var/www/woodson/thehub/vendor/laravel/framework/src/Illuminate/Http/Middleware/TrustProxies.php(58): Illuminate\\Pipeline\\Pipeline->Illuminate\\Pipeline\\{closure}()
#50 /var/www/woodson/thehub/vendor/laravel/framework/src/Illuminate/Pipeline/Pipeline.php(209): Illuminate\\Http\\Middleware\\TrustProxies->handle()
#51 /var/www/woodson/thehub/vendor/laravel/framework/src/Illuminate/Foundation/Http/Middleware/InvokeDeferredCallbacks.php(22): Illuminate\\Pipeline\\Pipeline->Illuminate\\Pipeline\\{closure}()
#52 /var/www/woodson/thehub/vendor/laravel/framework/src/Illuminate/Pipeline/Pipeline.php(209): Illuminate\\Foundation\\Http\\Middleware\\InvokeDeferredCallbacks->handle()
#53 /var/www/woodson/thehub/vendor/laravel/framework/src/Illuminate/Pipeline/Pipeline.php(127): Illuminate\\Pipeline\\Pipeline->Illuminate\\Pipeline\\{closure}()
#54 /var/www/woodson/thehub/vendor/laravel/framework/src/Illuminate/Foundation/Http/Kernel.php(176): Illuminate\\Pipeline\\Pipeline->then()
#55 /var/www/woodson/thehub/vendor/laravel/framework/src/Illuminate/Foundation/Http/Kernel.php(145): Illuminate\\Foundation\\Http\\Kernel->sendRequestThroughRouter()
#56 /var/www/woodson/thehub/public/laravel.php(34): Illuminate\\Foundation\\Http\\Kernel->handle()
#57 {main}
"} 
[2026-02-12 12:18:24] production.ERROR: Route [admin.users] not defined. (View: /var/www/woodson/thehub/resources/views/admin/dashboard.blade.php) {"exception":"[object] (Illuminate\\View\\ViewException(code: 0): Route [admin.users] not defined. (View: /var/www/woodson/thehub/resources/views/admin/dashboard.blade.php) at /var/www/woodson/thehub/vendor/laravel/framework/src/Illuminate/Routing/UrlGenerator.php:517)
[stacktrace]
#0 /var/www/woodson/thehub/vendor/laravel/framework/src/Illuminate/View/Engines/PhpEngine.php(60): Illuminate\\View\\Engines\\CompilerEngine->handleViewException()
#1 /var/www/woodson/thehub/vendor/laravel/framework/src/Illuminate/View/Engines/CompilerEngine.php(75): Illuminate\\View\\Engines\\PhpEngine->evaluatePath()
#2 /var/www/woodson/thehub/vendor/laravel/framework/src/Illuminate/View/View.php(209): Illuminate\\View\\Engines\\CompilerEngine->get()
#3 /var/www/woodson/thehub/vendor/laravel/framework/src/Illuminate/View/View.php(192): Illuminate\\View\\View->getContents()
#4 /var/www/woodson/thehub/vendor/laravel/framework/src/Illuminate/View/View.php(161): Illuminate\\View\\View->renderContents()
#5 /var/www/woodson/thehub/vendor/laravel/framework/src/Illuminate/Http/Response.php(79): Illuminate\\View\\View->render()
#6 /var/www/woodson/thehub/vendor/laravel/framework/src/Illuminate/Http/Response.php(35): Illuminate\\Http\\Response->setContent()
#7 /var/www/woodson/thehub/vendor/laravel/framework/src/Illuminate/Routing/Router.php(920): Illuminate\\Http\\Response->__construct()
#8 /var/www/woodson/thehub/vendor/laravel/framework/src/Illuminate/Routing/Router.php(887): Illuminate\\Routing\\Router::toResponse()
#9 /var/www/woodson/thehub/vendor/laravel/framework/src/Illuminate/Routing/Router.php(807): Illuminate\\Routing\\Router->prepareResponse()
#10 /var/www/woodson/thehub/vendor/laravel/framework/src/Illuminate/Pipeline/Pipeline.php(170): Illuminate\\Routing\\Router->Illuminate\\Routing\\{closure}()
#11 /var/www/woodson/thehub/app/Http/Middleware/Authenticate.php(50): Illuminate\\Pipeline\\Pipeline->Illuminate\\Pipeline\\{closure}()
#12 /var/www/woodson/thehub/vendor/laravel/framework/src/Illuminate/Pipeline/Pipeline.php(209): App\\Http\\Middleware\\Authenticate->handle()
#13 /var/www/woodson/thehub/vendor/laravel/framework/src/Illuminate/Routing/Middleware/SubstituteBindings.php(51): Illuminate\\Pipeline\\Pipeline->Illuminate\\Pipeline\\{closure}()
#14 /var/www/woodson/thehub/vendor/laravel/framework/src/Illuminate/Pipeline/Pipeline.php(209): Illuminate\\Routing\\Middleware\\SubstituteBindings->handle()
#15 /var/www/woodson/thehub/vendor/laravel/framework/src/Illuminate/Foundation/Http/Middleware/VerifyCsrfToken.php(88): Illuminate\\Pipeline\\Pipeline->Illuminate\\Pipeline\\{closure}()
#16 /var/www/woodson/thehub/vendor/laravel/framework/src/Illuminate/Pipeline/Pipeline.php(209): Illuminate\\Foundation\\Http\\Middleware\\VerifyCsrfToken->handle()
#17 /var/www/woodson/thehub/vendor/laravel/framework/src/Illuminate/View/Middleware/ShareErrorsFromSession.php(49): Illuminate\\Pipeline\\Pipeline->Illuminate\\Pipeline\\{closure}()
#18 /var/www/woodson/thehub/vendor/laravel/framework/src/Illuminate/Pipeline/Pipeline.php(209): Illuminate\\View\\Middleware\\ShareErrorsFromSession->handle()
#19 /var/www/woodson/thehub/vendor/laravel/framework/src/Illuminate/Session/Middleware/StartSession.php(121): Illuminate\\Pipeline\\Pipeline->Illuminate\\Pipeline\\{closure}()
#20 /var/www/woodson/thehub/vendor/laravel/framework/src/Illuminate/Session/Middleware/StartSession.php(64): Illuminate\\Session\\Middleware\\StartSession->handleStatefulRequest()
#21 /var/www/woodson/thehub/vendor/laravel/framework/src/Illuminate/Pipeline/Pipeline.php(209): Illuminate\\Session\\Middleware\\StartSession->handle()
#22 /var/www/woodson/thehub/vendor/laravel/framework/src/Illuminate/Cookie/Middleware/AddQueuedCookiesToResponse.php(37): Illuminate\\Pipeline\\Pipeline->Illuminate\\Pipeline\\{closure}()
#23 /var/www/woodson/thehub/vendor/laravel/framework/src/Illuminate/Pipeline/Pipeline.php(209): Illuminate\\Cookie\\Middleware\\AddQueuedCookiesToResponse->handle()
#24 /var/www/woodson/thehub/vendor/laravel/framework/src/Illuminate/Cookie/Middleware/EncryptCookies.php(75): Illuminate\\Pipeline\\Pipeline->Illuminate\\Pipeline\\{closure}()
#25 /var/www/woodson/thehub/vendor/laravel/framework/src/Illuminate/Pipeline/Pipeline.php(209): Illuminate\\Cookie\\Middleware\\EncryptCookies->handle()
#26 /var/www/woodson/thehub/vendor/laravel/framework/src/Illuminate/Pipeline/Pipeline.php(127): Illuminate\\Pipeline\\Pipeline->Illuminate\\Pipeline\\{closure}()
#27 /var/www/woodson/thehub/vendor/laravel/framework/src/Illuminate/Routing/Router.php(807): Illuminate\\Pipeline\\Pipeline->then()
#28 /var/www/woodson/thehub/vendor/laravel/framework/src/Illuminate/Routing/Router.php(786): Illuminate\\Routing\\Router->runRouteWithinStack()
#29 /var/www/woodson/thehub/vendor/laravel/framework/src/Illuminate/Routing/Router.php(750): Illuminate\\Routing\\Router->runRoute()
#30 /var/www/woodson/thehub/vendor/laravel/framework/src/Illuminate/Routing/Router.php(739): Illuminate\\Routing\\Router->dispatchToRoute()
#31 /var/www/woodson/thehub/vendor/laravel/framework/src/Illuminate/Foundation/Http/Kernel.php(201): Illuminate\\Routing\\Router->dispatch()
#32 /var/www/woodson/thehub/vendor/laravel/framework/src/Illuminate/Pipeline/Pipeline.php(170): Illuminate\\Foundation\\Http\\Kernel->Illuminate\\Foundation\\Http\\{closure}()
#33 /var/www/woodson/thehub/vendor/laravel/framework/src/Illuminate/Foundation/Http/Middleware/TransformsRequest.php(21): Illuminate\\Pipeline\\Pipeline->Illuminate\\Pipeline\\{closure}()
#34 /var/www/woodson/thehub/vendor/laravel/framework/src/Illuminate/Foundation/Http/Middleware/ConvertEmptyStringsToNull.php(31): Illuminate\\Foundation\\Http\\Middleware\\TransformsRequest->handle()
#35 /var/www/woodson/thehub/vendor/laravel/framework/src/Illuminate/Pipeline/Pipeline.php(209): Illuminate\\Foundation\\Http\\Middleware\\ConvertEmptyStringsToNull->handle()
#36 /var/www/woodson/thehub/vendor/laravel/framework/src/Illuminate/Foundation/Http/Middleware/TransformsRequest.php(21): Illuminate\\Pipeline\\Pipeline->Illuminate\\Pipeline\\{closure}()
#37 /var/www/woodson/thehub/vendor/laravel/framework/src/Illuminate/Foundation/Http/Middleware/TrimStrings.php(51): Illuminate\\Foundation\\Http\\Middleware\\TransformsRequest->handle()
#38 /var/www/woodson/thehub/vendor/laravel/framework/src/Illuminate/Pipeline/Pipeline.php(209): Illuminate\\Foundation\\Http\\Middleware\\TrimStrings->handle()
#39 /var/www/woodson/thehub/vendor/laravel/framework/src/Illuminate/Http/Middleware/ValidatePostSize.php(27): Illuminate\\Pipeline\\Pipeline->Illuminate\\Pipeline\\{closure}()
#40 /var/www/woodson/thehub/vendor/laravel/framework/src/Illuminate/Pipeline/Pipeline.php(209): Illuminate\\Http\\Middleware\\ValidatePostSize->handle()
#41 /var/www/woodson/thehub/vendor/laravel/framework/src/Illuminate/Foundation/Http/Middleware/PreventRequestsDuringMaintenance.php(110): Illuminate\\Pipeline\\Pipeline->Illuminate\\Pipeline\\{closure}()
#42 /var/www/woodson/thehub/vendor/laravel/framework/src/Illuminate/Pipeline/Pipeline.php(209): Illuminate\\Foundation\\Http\\Middleware\\PreventRequestsDuringMaintenance->handle()
#43 /var/www/woodson/thehub/vendor/laravel/framework/src/Illuminate/Http/Middleware/HandleCors.php(49): Illuminate\\Pipeline\\Pipeline->Illuminate\\Pipeline\\{closure}()
#44 /var/www/woodson/thehub/vendor/laravel/framework/src/Illuminate/Pipeline/Pipeline.php(209): Illuminate\\Http\\Middleware\\HandleCors->handle()
#45 /var/www/woodson/thehub/vendor/laravel/framework/src/Illuminate/Http/Middleware/TrustProxies.php(58): Illuminate\\Pipeline\\Pipeline->Illuminate\\Pipeline\\{closure}()
#46 /var/www/woodson/thehub/vendor/laravel/framework/src/Illuminate/Pipeline/Pipeline.php(209): Illuminate\\Http\\Middleware\\TrustProxies->handle()
#47 /var/www/woodson/thehub/vendor/laravel/framework/src/Illuminate/Foundation/Http/Middleware/InvokeDeferredCallbacks.php(22): Illuminate\\Pipeline\\Pipeline->Illuminate\\Pipeline\\{closure}()
#48 /var/www/woodson/thehub/vendor/laravel/framework/src/Illuminate/Pipeline/Pipeline.php(209): Illuminate\\Foundation\\Http\\Middleware\\InvokeDeferredCallbacks->handle()
#49 /var/www/woodson/thehub/vendor/laravel/framework/src/Illuminate/Pipeline/Pipeline.php(127): Illuminate\\Pipeline\\Pipeline->Illuminate\\Pipeline\\{closure}()
#50 /var/www/woodson/thehub/vendor/laravel/framework/src/Illuminate/Foundation/Http/Kernel.php(176): Illuminate\\Pipeline\\Pipeline->then()
#51 /var/www/woodson/thehub/vendor/laravel/framework/src/Illuminate/Foundation/Http/Kernel.php(145): Illuminate\\Foundation\\Http\\Kernel->sendRequestThroughRouter()
#52 /var/www/woodson/thehub/public/laravel.php(34): Illuminate\\Foundation\\Http\\Kernel->handle()
#53 {main}

[previous exception] [object] (Symfony\\Component\\Routing\\Exception\\RouteNotFoundException(code: 0): Route [admin.users] not defined. at /var/www/woodson/thehub/vendor/laravel/framework/src/Illuminate/Routing/UrlGenerator.php:517)
[stacktrace]
#0 /var/www/woodson/thehub/vendor/laravel/framework/src/Illuminate/Foundation/helpers.php(853): Illuminate\\Routing\\UrlGenerator->route()
#1 /var/www/woodson/thehub/storage/framework/views/658ea57cc115bf339aa6dba94fb64026.php(7): route()
#2 /var/www/woodson/thehub/vendor/laravel/framework/src/Illuminate/Filesystem/Filesystem.php(123): require('...')
#3 /var/www/woodson/thehub/vendor/laravel/framework/src/Illuminate/Filesystem/Filesystem.php(124): Illuminate\\Filesystem\\Filesystem::Illuminate\\Filesystem\\{closure}()
#4 /var/www/woodson/thehub/vendor/laravel/framework/src/Illuminate/View/Engines/PhpEngine.php(58): Illuminate\\Filesystem\\Filesystem->getRequire()
#5 /var/www/woodson/thehub/vendor/laravel/framework/src/Illuminate/View/Engines/CompilerEngine.php(75): Illuminate\\View\\Engines\\PhpEngine->evaluatePath()
#6 /var/www/woodson/thehub/vendor/laravel/framework/src/Illuminate/View/View.php(209): Illuminate\\View\\Engines\\CompilerEngine->get()
#7 /var/www/woodson/thehub/vendor/laravel/framework/src/Illuminate/View/View.php(192): Illuminate\\View\\View->getContents()
#8 /var/www/woodson/thehub/vendor/laravel/framework/src/Illuminate/View/View.php(161): Illuminate\\View\\View->renderContents()
#9 /var/www/woodson/thehub/vendor/laravel/framework/src/Illuminate/Http/Response.php(79): Illuminate\\View\\View->render()
#10 /var/www/woodson/thehub/vendor/laravel/framework/src/Illuminate/Http/Response.php(35): Illuminate\\Http\\Response->setContent()
#11 /var/www/woodson/thehub/vendor/laravel/framework/src/Illuminate/Routing/Router.php(920): Illuminate\\Http\\Response->__construct()
#12 /var/www/woodson/thehub/vendor/laravel/framework/src/Illuminate/Routing/Router.php(887): Illuminate\\Routing\\Router::toResponse()
#13 /var/www/woodson/thehub/vendor/laravel/framework/src/Illuminate/Routing/Router.php(807): Illuminate\\Routing\\Router->prepareResponse()
#14 /var/www/woodson/thehub/vendor/laravel/framework/src/Illuminate/Pipeline/Pipeline.php(170): Illuminate\\Routing\\Router->Illuminate\\Routing\\{closure}()
#15 /var/www/woodson/thehub/app/Http/Middleware/Authenticate.php(50): Illuminate\\Pipeline\\Pipeline->Illuminate\\Pipeline\\{closure}()
#16 /var/www/woodson/thehub/vendor/laravel/framework/src/Illuminate/Pipeline/Pipeline.php(209): App\\Http\\Middleware\\Authenticate->handle()
#17 /var/www/woodson/thehub/vendor/laravel/framework/src/Illuminate/Routing/Middleware/SubstituteBindings.php(51): Illuminate\\Pipeline\\Pipeline->Illuminate\\Pipeline\\{closure}()
#18 /var/www/woodson/thehub/vendor/laravel/framework/src/Illuminate/Pipeline/Pipeline.php(209): Illuminate\\Routing\\Middleware\\SubstituteBindings->handle()
#19 /var/www/woodson/thehub/vendor/laravel/framework/src/Illuminate/Foundation/Http/Middleware/VerifyCsrfToken.php(88): Illuminate\\Pipeline\\Pipeline->Illuminate\\Pipeline\\{closure}()
#20 /var/www/woodson/thehub/vendor/laravel/framework/src/Illuminate/Pipeline/Pipeline.php(209): Illuminate\\Foundation\\Http\\Middleware\\VerifyCsrfToken->handle()
#21 /var/www/woodson/thehub/vendor/laravel/framework/src/Illuminate/View/Middleware/ShareErrorsFromSession.php(49): Illuminate\\Pipeline\\Pipeline->Illuminate\\Pipeline\\{closure}()
#22 /var/www/woodson/thehub/vendor/laravel/framework/src/Illuminate/Pipeline/Pipeline.php(209): Illuminate\\View\\Middleware\\ShareErrorsFromSession->handle()
#23 /var/www/woodson/thehub/vendor/laravel/framework/src/Illuminate/Session/Middleware/StartSession.php(121): Illuminate\\Pipeline\\Pipeline->Illuminate\\Pipeline\\{closure}()
#24 /var/www/woodson/thehub/vendor/laravel/framework/src/Illuminate/Session/Middleware/StartSession.php(64): Illuminate\\Session\\Middleware\\StartSession->handleStatefulRequest()
#25 /var/www/woodson/thehub/vendor/laravel/framework/src/Illuminate/Pipeline/Pipeline.php(209): Illuminate\\Session\\Middleware\\StartSession->handle()
#26 /var/www/woodson/thehub/vendor/laravel/framework/src/Illuminate/Cookie/Middleware/AddQueuedCookiesToResponse.php(37): Illuminate\\Pipeline\\Pipeline->Illuminate\\Pipeline\\{closure}()
#27 /var/www/woodson/thehub/vendor/laravel/framework/src/Illuminate/Pipeline/Pipeline.php(209): Illuminate\\Cookie\\Middleware\\AddQueuedCookiesToResponse->handle()
#28 /var/www/woodson/thehub/vendor/laravel/framework/src/Illuminate/Cookie/Middleware/EncryptCookies.php(75): Illuminate\\Pipeline\\Pipeline->Illuminate\\Pipeline\\{closure}()
#29 /var/www/woodson/thehub/vendor/laravel/framework/src/Illuminate/Pipeline/Pipeline.php(209): Illuminate\\Cookie\\Middleware\\EncryptCookies->handle()
#30 /var/www/woodson/thehub/vendor/laravel/framework/src/Illuminate/Pipeline/Pipeline.php(127): Illuminate\\Pipeline\\Pipeline->Illuminate\\Pipeline\\{closure}()
#31 /var/www/woodson/thehub/vendor/laravel/framework/src/Illuminate/Routing/Router.php(807): Illuminate\\Pipeline\\Pipeline->then()
#32 /var/www/woodson/thehub/vendor/laravel/framework/src/Illuminate/Routing/Router.php(786): Illuminate\\Routing\\Router->runRouteWithinStack()
#33 /var/www/woodson/thehub/vendor/laravel/framework/src/Illuminate/Routing/Router.php(750): Illuminate\\Routing\\Router->runRoute()
#34 /var/www/woodson/thehub/vendor/laravel/framework/src/Illuminate/Routing/Router.php(739): Illuminate\\Routing\\Router->dispatchToRoute()
#35 /var/www/woodson/thehub/vendor/laravel/framework/src/Illuminate/Foundation/Http/Kernel.php(201): Illuminate\\Routing\\Router->dispatch()
#36 /var/www/woodson/thehub/vendor/laravel/framework/src/Illuminate/Pipeline/Pipeline.php(170): Illuminate\\Foundation\\Http\\Kernel->Illuminate\\Foundation\\Http\\{closure}()
#37 /var/www/woodson/thehub/vendor/laravel/framework/src/Illuminate/Foundation/Http/Middleware/TransformsRequest.php(21): Illuminate\\Pipeline\\Pipeline->Illuminate\\Pipeline\\{closure}()
#38 /var/www/woodson/thehub/vendor/laravel/framework/src/Illuminate/Foundation/Http/Middleware/ConvertEmptyStringsToNull.php(31): Illuminate\\Foundation\\Http\\Middleware\\TransformsRequest->handle()
#39 /var/www/woodson/thehub/vendor/laravel/framework/src/Illuminate/Pipeline/Pipeline.php(209): Illuminate\\Foundation\\Http\\Middleware\\ConvertEmptyStringsToNull->handle()
#40 /var/www/woodson/thehub/vendor/laravel/framework/src/Illuminate/Foundation/Http/Middleware/TransformsRequest.php(21): Illuminate\\Pipeline\\Pipeline->Illuminate\\Pipeline\\{closure}()
#41 /var/www/woodson/thehub/vendor/laravel/framework/src/Illuminate/Foundation/Http/Middleware/TrimStrings.php(51): Illuminate\\Foundation\\Http\\Middleware\\TransformsRequest->handle()
#42 /var/www/woodson/thehub/vendor/laravel/framework/src/Illuminate/Pipeline/Pipeline.php(209): Illuminate\\Foundation\\Http\\Middleware\\TrimStrings->handle()
#43 /var/www/woodson/thehub/vendor/laravel/framework/src/Illuminate/Http/Middleware/ValidatePostSize.php(27): Illuminate\\Pipeline\\Pipeline->Illuminate\\Pipeline\\{closure}()
#44 /var/www/woodson/thehub/vendor/laravel/framework/src/Illuminate/Pipeline/Pipeline.php(209): Illuminate\\Http\\Middleware\\ValidatePostSize->handle()
#45 /var/www/woodson/thehub/vendor/laravel/framework/src/Illuminate/Foundation/Http/Middleware/PreventRequestsDuringMaintenance.php(110): Illuminate\\Pipeline\\Pipeline->Illuminate\\Pipeline\\{closure}()
#46 /var/www/woodson/thehub/vendor/laravel/framework/src/Illuminate/Pipeline/Pipeline.php(209): Illuminate\\Foundation\\Http\\Middleware\\PreventRequestsDuringMaintenance->handle()
#47 /var/www/woodson/thehub/vendor/laravel/framework/src/Illuminate/Http/Middleware/HandleCors.php(49): Illuminate\\Pipeline\\Pipeline->Illuminate\\Pipeline\\{closure}()
#48 /var/www/woodson/thehub/vendor/laravel/framework/src/Illuminate/Pipeline/Pipeline.php(209): Illuminate\\Http\\Middleware\\HandleCors->handle()
#49 /var/www/woodson/thehub/vendor/laravel/framework/src/Illuminate/Http/Middleware/TrustProxies.php(58): Illuminate\\Pipeline\\Pipeline->Illuminate\\Pipeline\\{closure}()
#50 /var/www/woodson/thehub/vendor/laravel/framework/src/Illuminate/Pipeline/Pipeline.php(209): Illuminate\\Http\\Middleware\\TrustProxies->handle()
#51 /var/www/woodson/thehub/vendor/laravel/framework/src/Illuminate/Foundation/Http/Middleware/InvokeDeferredCallbacks.php(22): Illuminate\\Pipeline\\Pipeline->Illuminate\\Pipeline\\{closure}()
#52 /var/www/woodson/thehub/vendor/laravel/framework/src/Illuminate/Pipeline/Pipeline.php(209): Illuminate\\Foundation\\Http\\Middleware\\InvokeDeferredCallbacks->handle()
#53 /var/www/woodson/thehub/vendor/laravel/framework/src/Illuminate/Pipeline/Pipeline.php(127): Illuminate\\Pipeline\\Pipeline->Illuminate\\Pipeline\\{closure}()
#54 /var/www/woodson/thehub/vendor/laravel/framework/src/Illuminate/Foundation/Http/Kernel.php(176): Illuminate\\Pipeline\\Pipeline->then()
#55 /var/www/woodson/thehub/vendor/laravel/framework/src/Illuminate/Foundation/Http/Kernel.php(145): Illuminate\\Foundation\\Http\\Kernel->sendRequestThroughRouter()
#56 /var/www/woodson/thehub/public/laravel.php(34): Illuminate\\Foundation\\Http\\Kernel->handle()
#57 {main}
"} 
[2026-02-12 12:19:32] production.ERROR: Route [admin.users] not defined. (View: /var/www/woodson/thehub/resources/views/admin/dashboard.blade.php) {"exception":"[object] (Illuminate\\View\\ViewException(code: 0): Route [admin.users] not defined. (View: /var/www/woodson/thehub/resources/views/admin/dashboard.blade.php) at /var/www/woodson/thehub/vendor/laravel/framework/src/Illuminate/Routing/UrlGenerator.php:517)
[stacktrace]
#0 /var/www/woodson/thehub/vendor/laravel/framework/src/Illuminate/View/Engines/PhpEngine.php(60): Illuminate\\View\\Engines\\CompilerEngine->handleViewException()
#1 /var/www/woodson/thehub/vendor/laravel/framework/src/Illuminate/View/Engines/CompilerEngine.php(75): Illuminate\\View\\Engines\\PhpEngine->evaluatePath()
#2 /var/www/woodson/thehub/vendor/laravel/framework/src/Illuminate/View/View.php(209): Illuminate\\View\\Engines\\CompilerEngine->get()
#3 /var/www/woodson/thehub/vendor/laravel/framework/src/Illuminate/View/View.php(192): Illuminate\\View\\View->getContents()
#4 /var/www/woodson/thehub/vendor/laravel/framework/src/Illuminate/View/View.php(161): Illuminate\\View\\View->renderContents()
#5 /var/www/woodson/thehub/vendor/laravel/framework/src/Illuminate/Http/Response.php(79): Illuminate\\View\\View->render()
#6 /var/www/woodson/thehub/vendor/laravel/framework/src/Illuminate/Http/Response.php(35): Illuminate\\Http\\Response->setContent()
#7 /var/www/woodson/thehub/vendor/laravel/framework/src/Illuminate/Routing/Router.php(920): Illuminate\\Http\\Response->__construct()
#8 /var/www/woodson/thehub/vendor/laravel/framework/src/Illuminate/Routing/Router.php(887): Illuminate\\Routing\\Router::toResponse()
#9 /var/www/woodson/thehub/vendor/laravel/framework/src/Illuminate/Routing/Router.php(807): Illuminate\\Routing\\Router->prepareResponse()
#10 /var/www/woodson/thehub/vendor/laravel/framework/src/Illuminate/Pipeline/Pipeline.php(170): Illuminate\\Routing\\Router->Illuminate\\Routing\\{closure}()
#11 /var/www/woodson/thehub/app/Http/Middleware/Authenticate.php(50): Illuminate\\Pipeline\\Pipeline->Illuminate\\Pipeline\\{closure}()
#12 /var/www/woodson/thehub/vendor/laravel/framework/src/Illuminate/Pipeline/Pipeline.php(209): App\\Http\\Middleware\\Authenticate->handle()
#13 /var/www/woodson/thehub/vendor/laravel/framework/src/Illuminate/Routing/Middleware/SubstituteBindings.php(51): Illuminate\\Pipeline\\Pipeline->Illuminate\\Pipeline\\{closure}()
#14 /var/www/woodson/thehub/vendor/laravel/framework/src/Illuminate/Pipeline/Pipeline.php(209): Illuminate\\Routing\\Middleware\\SubstituteBindings->handle()
#15 /var/www/woodson/thehub/vendor/laravel/framework/src/Illuminate/Foundation/Http/Middleware/VerifyCsrfToken.php(88): Illuminate\\Pipeline\\Pipeline->Illuminate\\Pipeline\\{closure}()
#16 /var/www/woodson/thehub/vendor/laravel/framework/src/Illuminate/Pipeline/Pipeline.php(209): Illuminate\\Foundation\\Http\\Middleware\\VerifyCsrfToken->handle()
#17 /var/www/woodson/thehub/vendor/laravel/framework/src/Illuminate/View/Middleware/ShareErrorsFromSession.php(49): Illuminate\\Pipeline\\Pipeline->Illuminate\\Pipeline\\{closure}()
#18 /var/www/woodson/thehub/vendor/laravel/framework/src/Illuminate/Pipeline/Pipeline.php(209): Illuminate\\View\\Middleware\\ShareErrorsFromSession->handle()
#19 /var/www/woodson/thehub/vendor/laravel/framework/src/Illuminate/Session/Middleware/StartSession.php(121): Illuminate\\Pipeline\\Pipeline->Illuminate\\Pipeline\\{closure}()
#20 /var/www/woodson/thehub/vendor/laravel/framework/src/Illuminate/Session/Middleware/StartSession.php(64): Illuminate\\Session\\Middleware\\StartSession->handleStatefulRequest()
#21 /var/www/woodson/thehub/vendor/laravel/framework/src/Illuminate/Pipeline/Pipeline.php(209): Illuminate\\Session\\Middleware\\StartSession->handle()
#22 /var/www/woodson/thehub/vendor/laravel/framework/src/Illuminate/Cookie/Middleware/AddQueuedCookiesToResponse.php(37): Illuminate\\Pipeline\\Pipeline->Illuminate\\Pipeline\\{closure}()
#23 /var/www/woodson/thehub/vendor/laravel/framework/src/Illuminate/Pipeline/Pipeline.php(209): Illuminate\\Cookie\\Middleware\\AddQueuedCookiesToResponse->handle()
#24 /var/www/woodson/thehub/vendor/laravel/framework/src/Illuminate/Cookie/Middleware/EncryptCookies.php(75): Illuminate\\Pipeline\\Pipeline->Illuminate\\Pipeline\\{closure}()
#25 /var/www/woodson/thehub/vendor/laravel/framework/src/Illuminate/Pipeline/Pipeline.php(209): Illuminate\\Cookie\\Middleware\\EncryptCookies->handle()
#26 /var/www/woodson/thehub/vendor/laravel/framework/src/Illuminate/Pipeline/Pipeline.php(127): Illuminate\\Pipeline\\Pipeline->Illuminate\\Pipeline\\{closure}()
#27 /var/www/woodson/thehub/vendor/laravel/framework/src/Illuminate/Routing/Router.php(807): Illuminate\\Pipeline\\Pipeline->then()
#28 /var/www/woodson/thehub/vendor/laravel/framework/src/Illuminate/Routing/Router.php(786): Illuminate\\Routing\\Router->runRouteWithinStack()
#29 /var/www/woodson/thehub/vendor/laravel/framework/src/Illuminate/Routing/Router.php(750): Illuminate\\Routing\\Router->runRoute()
#30 /var/www/woodson/thehub/vendor/laravel/framework/src/Illuminate/Routing/Router.php(739): Illuminate\\Routing\\Router->dispatchToRoute()
#31 /var/www/woodson/thehub/vendor/laravel/framework/src/Illuminate/Foundation/Http/Kernel.php(201): Illuminate\\Routing\\Router->dispatch()
#32 /var/www/woodson/thehub/vendor/laravel/framework/src/Illuminate/Pipeline/Pipeline.php(170): Illuminate\\Foundation\\Http\\Kernel->Illuminate\\Foundation\\Http\\{closure}()
#33 /var/www/woodson/thehub/vendor/laravel/framework/src/Illuminate/Foundation/Http/Middleware/TransformsRequest.php(21): Illuminate\\Pipeline\\Pipeline->Illuminate\\Pipeline\\{closure}()
#34 /var/www/woodson/thehub/vendor/laravel/framework/src/Illuminate/Foundation/Http/Middleware/ConvertEmptyStringsToNull.php(31): Illuminate\\Foundation\\Http\\Middleware\\TransformsRequest->handle()
#35 /var/www/woodson/thehub/vendor/laravel/framework/src/Illuminate/Pipeline/Pipeline.php(209): Illuminate\\Foundation\\Http\\Middleware\\ConvertEmptyStringsToNull->handle()
#36 /var/www/woodson/thehub/vendor/laravel/framework/src/Illuminate/Foundation/Http/Middleware/TransformsRequest.php(21): Illuminate\\Pipeline\\Pipeline->Illuminate\\Pipeline\\{closure}()
#37 /var/www/woodson/thehub/vendor/laravel/framework/src/Illuminate/Foundation/Http/Middleware/TrimStrings.php(51): Illuminate\\Foundation\\Http\\Middleware\\TransformsRequest->handle()
#38 /var/www/woodson/thehub/vendor/laravel/framework/src/Illuminate/Pipeline/Pipeline.php(209): Illuminate\\Foundation\\Http\\Middleware\\TrimStrings->handle()
#39 /var/www/woodson/thehub/vendor/laravel/framework/src/Illuminate/Http/Middleware/ValidatePostSize.php(27): Illuminate\\Pipeline\\Pipeline->Illuminate\\Pipeline\\{closure}()
#40 /var/www/woodson/thehub/vendor/laravel/framework/src/Illuminate/Pipeline/Pipeline.php(209): Illuminate\\Http\\Middleware\\ValidatePostSize->handle()
#41 /var/www/woodson/thehub/vendor/laravel/framework/src/Illuminate/Foundation/Http/Middleware/PreventRequestsDuringMaintenance.php(110): Illuminate\\Pipeline\\Pipeline->Illuminate\\Pipeline\\{closure}()
#42 /var/www/woodson/thehub/vendor/laravel/framework/src/Illuminate/Pipeline/Pipeline.php(209): Illuminate\\Foundation\\Http\\Middleware\\PreventRequestsDuringMaintenance->handle()
#43 /var/www/woodson/thehub/vendor/laravel/framework/src/Illuminate/Http/Middleware/HandleCors.php(49): Illuminate\\Pipeline\\Pipeline->Illuminate\\Pipeline\\{closure}()
#44 /var/www/woodson/thehub/vendor/laravel/framework/src/Illuminate/Pipeline/Pipeline.php(209): Illuminate\\Http\\Middleware\\HandleCors->handle()
#45 /var/www/woodson/thehub/vendor/laravel/framework/src/Illuminate/Http/Middleware/TrustProxies.php(58): Illuminate\\Pipeline\\Pipeline->Illuminate\\Pipeline\\{closure}()
#46 /var/www/woodson/thehub/vendor/laravel/framework/src/Illuminate/Pipeline/Pipeline.php(209): Illuminate\\Http\\Middleware\\TrustProxies->handle()
#47 /var/www/woodson/thehub/vendor/laravel/framework/src/Illuminate/Foundation/Http/Middleware/InvokeDeferredCallbacks.php(22): Illuminate\\Pipeline\\Pipeline->Illuminate\\Pipeline\\{closure}()
#48 /var/www/woodson/thehub/vendor/laravel/framework/src/Illuminate/Pipeline/Pipeline.php(209): Illuminate\\Foundation\\Http\\Middleware\\InvokeDeferredCallbacks->handle()
#49 /var/www/woodson/thehub/vendor/laravel/framework/src/Illuminate/Pipeline/Pipeline.php(127): Illuminate\\Pipeline\\Pipeline->Illuminate\\Pipeline\\{closure}()
#50 /var/www/woodson/thehub/vendor/laravel/framework/src/Illuminate/Foundation/Http/Kernel.php(176): Illuminate\\Pipeline\\Pipeline->then()
#51 /var/www/woodson/thehub/vendor/laravel/framework/src/Illuminate/Foundation/Http/Kernel.php(145): Illuminate\\Foundation\\Http\\Kernel->sendRequestThroughRouter()
#52 /var/www/woodson/thehub/public/laravel.php(34): Illuminate\\Foundation\\Http\\Kernel->handle()
#53 {main}

[previous exception] [object] (Symfony\\Component\\Routing\\Exception\\RouteNotFoundException(code: 0): Route [admin.users] not defined. at /var/www/woodson/thehub/vendor/laravel/framework/src/Illuminate/Routing/UrlGenerator.php:517)
[stacktrace]
#0 /var/www/woodson/thehub/vendor/laravel/framework/src/Illuminate/Foundation/helpers.php(853): Illuminate\\Routing\\UrlGenerator->route()
#1 /var/www/woodson/thehub/storage/framework/views/658ea57cc115bf339aa6dba94fb64026.php(7): route()
#2 /var/www/woodson/thehub/vendor/laravel/framework/src/Illuminate/Filesystem/Filesystem.php(123): require('...')
#3 /var/www/woodson/thehub/vendor/laravel/framework/src/Illuminate/Filesystem/Filesystem.php(124): Illuminate\\Filesystem\\Filesystem::Illuminate\\Filesystem\\{closure}()
#4 /var/www/woodson/thehub/vendor/laravel/framework/src/Illuminate/View/Engines/PhpEngine.php(58): Illuminate\\Filesystem\\Filesystem->getRequire()
#5 /var/www/woodson/thehub/vendor/laravel/framework/src/Illuminate/View/Engines/CompilerEngine.php(75): Illuminate\\View\\Engines\\PhpEngine->evaluatePath()
#6 /var/www/woodson/thehub/vendor/laravel/framework/src/Illuminate/View/View.php(209): Illuminate\\View\\Engines\\CompilerEngine->get()
#7 /var/www/woodson/thehub/vendor/laravel/framework/src/Illuminate/View/View.php(192): Illuminate\\View\\View->getContents()
#8 /var/www/woodson/thehub/vendor/laravel/framework/src/Illuminate/View/View.php(161): Illuminate\\View\\View->renderContents()
#9 /var/www/woodson/thehub/vendor/laravel/framework/src/Illuminate/Http/Response.php(79): Illuminate\\View\\View->render()
#10 /var/www/woodson/thehub/vendor/laravel/framework/src/Illuminate/Http/Response.php(35): Illuminate\\Http\\Response->setContent()
#11 /var/www/woodson/thehub/vendor/laravel/framework/src/Illuminate/Routing/Router.php(920): Illuminate\\Http\\Response->__construct()
#12 /var/www/woodson/thehub/vendor/laravel/framework/src/Illuminate/Routing/Router.php(887): Illuminate\\Routing\\Router::toResponse()
#13 /var/www/woodson/thehub/vendor/laravel/framework/src/Illuminate/Routing/Router.php(807): Illuminate\\Routing\\Router->prepareResponse()
#14 /var/www/woodson/thehub/vendor/laravel/framework/src/Illuminate/Pipeline/Pipeline.php(170): Illuminate\\Routing\\Router->Illuminate\\Routing\\{closure}()
#15 /var/www/woodson/thehub/app/Http/Middleware/Authenticate.php(50): Illuminate\\Pipeline\\Pipeline->Illuminate\\Pipeline\\{closure}()
#16 /var/www/woodson/thehub/vendor/laravel/framework/src/Illuminate/Pipeline/Pipeline.php(209): App\\Http\\Middleware\\Authenticate->handle()
#17 /var/www/woodson/thehub/vendor/laravel/framework/src/Illuminate/Routing/Middleware/SubstituteBindings.php(51): Illuminate\\Pipeline\\Pipeline->Illuminate\\Pipeline\\{closure}()
#18 /var/www/woodson/thehub/vendor/laravel/framework/src/Illuminate/Pipeline/Pipeline.php(209): Illuminate\\Routing\\Middleware\\SubstituteBindings->handle()
#19 /var/www/woodson/thehub/vendor/laravel/framework/src/Illuminate/Foundation/Http/Middleware/VerifyCsrfToken.php(88): Illuminate\\Pipeline\\Pipeline->Illuminate\\Pipeline\\{closure}()
#20 /var/www/woodson/thehub/vendor/laravel/framework/src/Illuminate/Pipeline/Pipeline.php(209): Illuminate\\Foundation\\Http\\Middleware\\VerifyCsrfToken->handle()
#21 /var/www/woodson/thehub/vendor/laravel/framework/src/Illuminate/View/Middleware/ShareErrorsFromSession.php(49): Illuminate\\Pipeline\\Pipeline->Illuminate\\Pipeline\\{closure}()
#22 /var/www/woodson/thehub/vendor/laravel/framework/src/Illuminate/Pipeline/Pipeline.php(209): Illuminate\\View\\Middleware\\ShareErrorsFromSession->handle()
#23 /var/www/woodson/thehub/vendor/laravel/framework/src/Illuminate/Session/Middleware/StartSession.php(121): Illuminate\\Pipeline\\Pipeline->Illuminate\\Pipeline\\{closure}()
#24 /var/www/woodson/thehub/vendor/laravel/framework/src/Illuminate/Session/Middleware/StartSession.php(64): Illuminate\\Session\\Middleware\\StartSession->handleStatefulRequest()
#25 /var/www/woodson/thehub/vendor/laravel/framework/src/Illuminate/Pipeline/Pipeline.php(209): Illuminate\\Session\\Middleware\\StartSession->handle()
#26 /var/www/woodson/thehub/vendor/laravel/framework/src/Illuminate/Cookie/Middleware/AddQueuedCookiesToResponse.php(37): Illuminate\\Pipeline\\Pipeline->Illuminate\\Pipeline\\{closure}()
#27 /var/www/woodson/thehub/vendor/laravel/framework/src/Illuminate/Pipeline/Pipeline.php(209): Illuminate\\Cookie\\Middleware\\AddQueuedCookiesToResponse->handle()
#28 /var/www/woodson/thehub/vendor/laravel/framework/src/Illuminate/Cookie/Middleware/EncryptCookies.php(75): Illuminate\\Pipeline\\Pipeline->Illuminate\\Pipeline\\{closure}()
#29 /var/www/woodson/thehub/vendor/laravel/framework/src/Illuminate/Pipeline/Pipeline.php(209): Illuminate\\Cookie\\Middleware\\EncryptCookies->handle()
#30 /var/www/woodson/thehub/vendor/laravel/framework/src/Illuminate/Pipeline/Pipeline.php(127): Illuminate\\Pipeline\\Pipeline->Illuminate\\Pipeline\\{closure}()
#31 /var/www/woodson/thehub/vendor/laravel/framework/src/Illuminate/Routing/Router.php(807): Illuminate\\Pipeline\\Pipeline->then()
#32 /var/www/woodson/thehub/vendor/laravel/framework/src/Illuminate/Routing/Router.php(786): Illuminate\\Routing\\Router->runRouteWithinStack()
#33 /var/www/woodson/thehub/vendor/laravel/framework/src/Illuminate/Routing/Router.php(750): Illuminate\\Routing\\Router->runRoute()
#34 /var/www/woodson/thehub/vendor/laravel/framework/src/Illuminate/Routing/Router.php(739): Illuminate\\Routing\\Router->dispatchToRoute()
#35 /var/www/woodson/thehub/vendor/laravel/framework/src/Illuminate/Foundation/Http/Kernel.php(201): Illuminate\\Routing\\Router->dispatch()
#36 /var/www/woodson/thehub/vendor/laravel/framework/src/Illuminate/Pipeline/Pipeline.php(170): Illuminate\\Foundation\\Http\\Kernel->Illuminate\\Foundation\\Http\\{closure}()
#37 /var/www/woodson/thehub/vendor/laravel/framework/src/Illuminate/Foundation/Http/Middleware/TransformsRequest.php(21): Illuminate\\Pipeline\\Pipeline->Illuminate\\Pipeline\\{closure}()
#38 /var/www/woodson/thehub/vendor/laravel/framework/src/Illuminate/Foundation/Http/Middleware/ConvertEmptyStringsToNull.php(31): Illuminate\\Foundation\\Http\\Middleware\\TransformsRequest->handle()
#39 /var/www/woodson/thehub/vendor/laravel/framework/src/Illuminate/Pipeline/Pipeline.php(209): Illuminate\\Foundation\\Http\\Middleware\\ConvertEmptyStringsToNull->handle()
#40 /var/www/woodson/thehub/vendor/laravel/framework/src/Illuminate/Foundation/Http/Middleware/TransformsRequest.php(21): Illuminate\\Pipeline\\Pipeline->Illuminate\\Pipeline\\{closure}()
#41 /var/www/woodson/thehub/vendor/laravel/framework/src/Illuminate/Foundation/Http/Middleware/TrimStrings.php(51): Illuminate\\Foundation\\Http\\Middleware\\TransformsRequest->handle()
#42 /var/www/woodson/thehub/vendor/laravel/framework/src/Illuminate/Pipeline/Pipeline.php(209): Illuminate\\Foundation\\Http\\Middleware\\TrimStrings->handle()
#43 /var/www/woodson/thehub/vendor/laravel/framework/src/Illuminate/Http/Middleware/ValidatePostSize.php(27): Illuminate\\Pipeline\\Pipeline->Illuminate\\Pipeline\\{closure}()
#44 /var/www/woodson/thehub/vendor/laravel/framework/src/Illuminate/Pipeline/Pipeline.php(209): Illuminate\\Http\\Middleware\\ValidatePostSize->handle()
#45 /var/www/woodson/thehub/vendor/laravel/framework/src/Illuminate/Foundation/Http/Middleware/PreventRequestsDuringMaintenance.php(110): Illuminate\\Pipeline\\Pipeline->Illuminate\\Pipeline\\{closure}()
#46 /var/www/woodson/thehub/vendor/laravel/framework/src/Illuminate/Pipeline/Pipeline.php(209): Illuminate\\Foundation\\Http\\Middleware\\PreventRequestsDuringMaintenance->handle()
#47 /var/www/woodson/thehub/vendor/laravel/framework/src/Illuminate/Http/Middleware/HandleCors.php(49): Illuminate\\Pipeline\\Pipeline->Illuminate\\Pipeline\\{closure}()
#48 /var/www/woodson/thehub/vendor/laravel/framework/src/Illuminate/Pipeline/Pipeline.php(209): Illuminate\\Http\\Middleware\\HandleCors->handle()
#49 /var/www/woodson/thehub/vendor/laravel/framework/src/Illuminate/Http/Middleware/TrustProxies.php(58): Illuminate\\Pipeline\\Pipeline->Illuminate\\Pipeline\\{closure}()
#50 /var/www/woodson/thehub/vendor/laravel/framework/src/Illuminate/Pipeline/Pipeline.php(209): Illuminate\\Http\\Middleware\\TrustProxies->handle()
#51 /var/www/woodson/thehub/vendor/laravel/framework/src/Illuminate/Foundation/Http/Middleware/InvokeDeferredCallbacks.php(22): Illuminate\\Pipeline\\Pipeline->Illuminate\\Pipeline\\{closure}()
#52 /var/www/woodson/thehub/vendor/laravel/framework/src/Illuminate/Pipeline/Pipeline.php(209): Illuminate\\Foundation\\Http\\Middleware\\InvokeDeferredCallbacks->handle()
#53 /var/www/woodson/thehub/vendor/laravel/framework/src/Illuminate/Pipeline/Pipeline.php(127): Illuminate\\Pipeline\\Pipeline->Illuminate\\Pipeline\\{closure}()
#54 /var/www/woodson/thehub/vendor/laravel/framework/src/Illuminate/Foundation/Http/Kernel.php(176): Illuminate\\Pipeline\\Pipeline->then()
#55 /var/www/woodson/thehub/vendor/laravel/framework/src/Illuminate/Foundation/Http/Kernel.php(145): Illuminate\\Foundation\\Http\\Kernel->sendRequestThroughRouter()
#56 /var/www/woodson/thehub/public/laravel.php(34): Illuminate\\Foundation\\Http\\Kernel->handle()
#57 {main}
"} 
[2026-02-12 12:19:36] production.ERROR: Route [admin.users] not defined. (View: /var/www/woodson/thehub/resources/views/admin/dashboard.blade.php) {"exception":"[object] (Illuminate\\View\\ViewException(code: 0): Route [admin.users] not defined. (View: /var/www/woodson/thehub/resources/views/admin/dashboard.blade.php) at /var/www/woodson/thehub/vendor/laravel/framework/src/Illuminate/Routing/UrlGenerator.php:517)
[stacktrace]
#0 /var/www/woodson/thehub/vendor/laravel/framework/src/Illuminate/View/Engines/PhpEngine.php(60): Illuminate\\View\\Engines\\CompilerEngine->handleViewException()
#1 /var/www/woodson/thehub/vendor/laravel/framework/src/Illuminate/View/Engines/CompilerEngine.php(75): Illuminate\\View\\Engines\\PhpEngine->evaluatePath()
#2 /var/www/woodson/thehub/vendor/laravel/framework/src/Illuminate/View/View.php(209): Illuminate\\View\\Engines\\CompilerEngine->get()
#3 /var/www/woodson/thehub/vendor/laravel/framework/src/Illuminate/View/View.php(192): Illuminate\\View\\View->getContents()
#4 /var/www/woodson/thehub/vendor/laravel/framework/src/Illuminate/View/View.php(161): Illuminate\\View\\View->renderContents()
#5 /var/www/woodson/thehub/vendor/laravel/framework/src/Illuminate/Http/Response.php(79): Illuminate\\View\\View->render()
#6 /var/www/woodson/thehub/vendor/laravel/framework/src/Illuminate/Http/Response.php(35): Illuminate\\Http\\Response->setContent()
#7 /var/www/woodson/thehub/vendor/laravel/framework/src/Illuminate/Routing/Router.php(920): Illuminate\\Http\\Response->__construct()
#8 /var/www/woodson/thehub/vendor/laravel/framework/src/Illuminate/Routing/Router.php(887): Illuminate\\Routing\\Router::toResponse()
#9 /var/www/woodson/thehub/vendor/laravel/framework/src/Illuminate/Routing/Router.php(807): Illuminate\\Routing\\Router->prepareResponse()
#10 /var/www/woodson/thehub/vendor/laravel/framework/src/Illuminate/Pipeline/Pipeline.php(170): Illuminate\\Routing\\Router->Illuminate\\Routing\\{closure}()
#11 /var/www/woodson/thehub/app/Http/Middleware/Authenticate.php(50): Illuminate\\Pipeline\\Pipeline->Illuminate\\Pipeline\\{closure}()
#12 /var/www/woodson/thehub/vendor/laravel/framework/src/Illuminate/Pipeline/Pipeline.php(209): App\\Http\\Middleware\\Authenticate->handle()
#13 /var/www/woodson/thehub/vendor/laravel/framework/src/Illuminate/Routing/Middleware/SubstituteBindings.php(51): Illuminate\\Pipeline\\Pipeline->Illuminate\\Pipeline\\{closure}()
#14 /var/www/woodson/thehub/vendor/laravel/framework/src/Illuminate/Pipeline/Pipeline.php(209): Illuminate\\Routing\\Middleware\\SubstituteBindings->handle()
#15 /var/www/woodson/thehub/vendor/laravel/framework/src/Illuminate/Foundation/Http/Middleware/VerifyCsrfToken.php(88): Illuminate\\Pipeline\\Pipeline->Illuminate\\Pipeline\\{closure}()
#16 /var/www/woodson/thehub/vendor/laravel/framework/src/Illuminate/Pipeline/Pipeline.php(209): Illuminate\\Foundation\\Http\\Middleware\\VerifyCsrfToken->handle()
#17 /var/www/woodson/thehub/vendor/laravel/framework/src/Illuminate/View/Middleware/ShareErrorsFromSession.php(49): Illuminate\\Pipeline\\Pipeline->Illuminate\\Pipeline\\{closure}()
#18 /var/www/woodson/thehub/vendor/laravel/framework/src/Illuminate/Pipeline/Pipeline.php(209): Illuminate\\View\\Middleware\\ShareErrorsFromSession->handle()
#19 /var/www/woodson/thehub/vendor/laravel/framework/src/Illuminate/Session/Middleware/StartSession.php(121): Illuminate\\Pipeline\\Pipeline->Illuminate\\Pipeline\\{closure}()
#20 /var/www/woodson/thehub/vendor/laravel/framework/src/Illuminate/Session/Middleware/StartSession.php(64): Illuminate\\Session\\Middleware\\StartSession->handleStatefulRequest()
#21 /var/www/woodson/thehub/vendor/laravel/framework/src/Illuminate/Pipeline/Pipeline.php(209): Illuminate\\Session\\Middleware\\StartSession->handle()
#22 /var/www/woodson/thehub/vendor/laravel/framework/src/Illuminate/Cookie/Middleware/AddQueuedCookiesToResponse.php(37): Illuminate\\Pipeline\\Pipeline->Illuminate\\Pipeline\\{closure}()
#23 /var/www/woodson/thehub/vendor/laravel/framework/src/Illuminate/Pipeline/Pipeline.php(209): Illuminate\\Cookie\\Middleware\\AddQueuedCookiesToResponse->handle()
#24 /var/www/woodson/thehub/vendor/laravel/framework/src/Illuminate/Cookie/Middleware/EncryptCookies.php(75): Illuminate\\Pipeline\\Pipeline->Illuminate\\Pipeline\\{closure}()
#25 /var/www/woodson/thehub/vendor/laravel/framework/src/Illuminate/Pipeline/Pipeline.php(209): Illuminate\\Cookie\\Middleware\\EncryptCookies->handle()
#26 /var/www/woodson/thehub/vendor/laravel/framework/src/Illuminate/Pipeline/Pipeline.php(127): Illuminate\\Pipeline\\Pipeline->Illuminate\\Pipeline\\{closure}()
#27 /var/www/woodson/thehub/vendor/laravel/framework/src/Illuminate/Routing/Router.php(807): Illuminate\\Pipeline\\Pipeline->then()
#28 /var/www/woodson/thehub/vendor/laravel/framework/src/Illuminate/Routing/Router.php(786): Illuminate\\Routing\\Router->runRouteWithinStack()
#29 /var/www/woodson/thehub/vendor/laravel/framework/src/Illuminate/Routing/Router.php(750): Illuminate\\Routing\\Router->runRoute()
#30 /var/www/woodson/thehub/vendor/laravel/framework/src/Illuminate/Routing/Router.php(739): Illuminate\\Routing\\Router->dispatchToRoute()
#31 /var/www/woodson/thehub/vendor/laravel/framework/src/Illuminate/Foundation/Http/Kernel.php(201): Illuminate\\Routing\\Router->dispatch()
#32 /var/www/woodson/thehub/vendor/laravel/framework/src/Illuminate/Pipeline/Pipeline.php(170): Illuminate\\Foundation\\Http\\Kernel->Illuminate\\Foundation\\Http\\{closure}()
#33 /var/www/woodson/thehub/vendor/laravel/framework/src/Illuminate/Foundation/Http/Middleware/TransformsRequest.php(21): Illuminate\\Pipeline\\Pipeline->Illuminate\\Pipeline\\{closure}()
#34 /var/www/woodson/thehub/vendor/laravel/framework/src/Illuminate/Foundation/Http/Middleware/ConvertEmptyStringsToNull.php(31): Illuminate\\Foundation\\Http\\Middleware\\TransformsRequest->handle()
#35 /var/www/woodson/thehub/vendor/laravel/framework/src/Illuminate/Pipeline/Pipeline.php(209): Illuminate\\Foundation\\Http\\Middleware\\ConvertEmptyStringsToNull->handle()
#36 /var/www/woodson/thehub/vendor/laravel/framework/src/Illuminate/Foundation/Http/Middleware/TransformsRequest.php(21): Illuminate\\Pipeline\\Pipeline->Illuminate\\Pipeline\\{closure}()
#37 /var/www/woodson/thehub/vendor/laravel/framework/src/Illuminate/Foundation/Http/Middleware/TrimStrings.php(51): Illuminate\\Foundation\\Http\\Middleware\\TransformsRequest->handle()
#38 /var/www/woodson/thehub/vendor/laravel/framework/src/Illuminate/Pipeline/Pipeline.php(209): Illuminate\\Foundation\\Http\\Middleware\\TrimStrings->handle()
#39 /var/www/woodson/thehub/vendor/laravel/framework/src/Illuminate/Http/Middleware/ValidatePostSize.php(27): Illuminate\\Pipeline\\Pipeline->Illuminate\\Pipeline\\{closure}()
#40 /var/www/woodson/thehub/vendor/laravel/framework/src/Illuminate/Pipeline/Pipeline.php(209): Illuminate\\Http\\Middleware\\ValidatePostSize->handle()
#41 /var/www/woodson/thehub/vendor/laravel/framework/src/Illuminate/Foundation/Http/Middleware/PreventRequestsDuringMaintenance.php(110): Illuminate\\Pipeline\\Pipeline->Illuminate\\Pipeline\\{closure}()
#42 /var/www/woodson/thehub/vendor/laravel/framework/src/Illuminate/Pipeline/Pipeline.php(209): Illuminate\\Foundation\\Http\\Middleware\\PreventRequestsDuringMaintenance->handle()
#43 /var/www/woodson/thehub/vendor/laravel/framework/src/Illuminate/Http/Middleware/HandleCors.php(49): Illuminate\\Pipeline\\Pipeline->Illuminate\\Pipeline\\{closure}()
#44 /var/www/woodson/thehub/vendor/laravel/framework/src/Illuminate/Pipeline/Pipeline.php(209): Illuminate\\Http\\Middleware\\HandleCors->handle()
#45 /var/www/woodson/thehub/vendor/laravel/framework/src/Illuminate/Http/Middleware/TrustProxies.php(58): Illuminate\\Pipeline\\Pipeline->Illuminate\\Pipeline\\{closure}()
#46 /var/www/woodson/thehub/vendor/laravel/framework/src/Illuminate/Pipeline/Pipeline.php(209): Illuminate\\Http\\Middleware\\TrustProxies->handle()
#47 /var/www/woodson/thehub/vendor/laravel/framework/src/Illuminate/Foundation/Http/Middleware/InvokeDeferredCallbacks.php(22): Illuminate\\Pipeline\\Pipeline->Illuminate\\Pipeline\\{closure}()
#48 /var/www/woodson/thehub/vendor/laravel/framework/src/Illuminate/Pipeline/Pipeline.php(209): Illuminate\\Foundation\\Http\\Middleware\\InvokeDeferredCallbacks->handle()
#49 /var/www/woodson/thehub/vendor/laravel/framework/src/Illuminate/Pipeline/Pipeline.php(127): Illuminate\\Pipeline\\Pipeline->Illuminate\\Pipeline\\{closure}()
#50 /var/www/woodson/thehub/vendor/laravel/framework/src/Illuminate/Foundation/Http/Kernel.php(176): Illuminate\\Pipeline\\Pipeline->then()
#51 /var/www/woodson/thehub/vendor/laravel/framework/src/Illuminate/Foundation/Http/Kernel.php(145): Illuminate\\Foundation\\Http\\Kernel->sendRequestThroughRouter()
#52 /var/www/woodson/thehub/public/laravel.php(34): Illuminate\\Foundation\\Http\\Kernel->handle()
#53 {main}

[previous exception] [object] (Symfony\\Component\\Routing\\Exception\\RouteNotFoundException(code: 0): Route [admin.users] not defined. at /var/www/woodson/thehub/vendor/laravel/framework/src/Illuminate/Routing/UrlGenerator.php:517)
[stacktrace]
#0 /var/www/woodson/thehub/vendor/laravel/framework/src/Illuminate/Foundation/helpers.php(853): Illuminate\\Routing\\UrlGenerator->route()
#1 /var/www/woodson/thehub/storage/framework/views/658ea57cc115bf339aa6dba94fb64026.php(7): route()
#2 /var/www/woodson/thehub/vendor/laravel/framework/src/Illuminate/Filesystem/Filesystem.php(123): require('...')
#3 /var/www/woodson/thehub/vendor/laravel/framework/src/Illuminate/Filesystem/Filesystem.php(124): Illuminate\\Filesystem\\Filesystem::Illuminate\\Filesystem\\{closure}()
#4 /var/www/woodson/thehub/vendor/laravel/framework/src/Illuminate/View/Engines/PhpEngine.php(58): Illuminate\\Filesystem\\Filesystem->getRequire()
#5 /var/www/woodson/thehub/vendor/laravel/framework/src/Illuminate/View/Engines/CompilerEngine.php(75): Illuminate\\View\\Engines\\PhpEngine->evaluatePath()
#6 /var/www/woodson/thehub/vendor/laravel/framework/src/Illuminate/View/View.php(209): Illuminate\\View\\Engines\\CompilerEngine->get()
#7 /var/www/woodson/thehub/vendor/laravel/framework/src/Illuminate/View/View.php(192): Illuminate\\View\\View->getContents()
#8 /var/www/woodson/thehub/vendor/laravel/framework/src/Illuminate/View/View.php(161): Illuminate\\View\\View->renderContents()
#9 /var/www/woodson/thehub/vendor/laravel/framework/src/Illuminate/Http/Response.php(79): Illuminate\\View\\View->render()
#10 /var/www/woodson/thehub/vendor/laravel/framework/src/Illuminate/Http/Response.php(35): Illuminate\\Http\\Response->setContent()
#11 /var/www/woodson/thehub/vendor/laravel/framework/src/Illuminate/Routing/Router.php(920): Illuminate\\Http\\Response->__construct()
#12 /var/www/woodson/thehub/vendor/laravel/framework/src/Illuminate/Routing/Router.php(887): Illuminate\\Routing\\Router::toResponse()
#13 /var/www/woodson/thehub/vendor/laravel/framework/src/Illuminate/Routing/Router.php(807): Illuminate\\Routing\\Router->prepareResponse()
#14 /var/www/woodson/thehub/vendor/laravel/framework/src/Illuminate/Pipeline/Pipeline.php(170): Illuminate\\Routing\\Router->Illuminate\\Routing\\{closure}()
#15 /var/www/woodson/thehub/app/Http/Middleware/Authenticate.php(50): Illuminate\\Pipeline\\Pipeline->Illuminate\\Pipeline\\{closure}()
#16 /var/www/woodson/thehub/vendor/laravel/framework/src/Illuminate/Pipeline/Pipeline.php(209): App\\Http\\Middleware\\Authenticate->handle()
#17 /var/www/woodson/thehub/vendor/laravel/framework/src/Illuminate/Routing/Middleware/SubstituteBindings.php(51): Illuminate\\Pipeline\\Pipeline->Illuminate\\Pipeline\\{closure}()
#18 /var/www/woodson/thehub/vendor/laravel/framework/src/Illuminate/Pipeline/Pipeline.php(209): Illuminate\\Routing\\Middleware\\SubstituteBindings->handle()
#19 /var/www/woodson/thehub/vendor/laravel/framework/src/Illuminate/Foundation/Http/Middleware/VerifyCsrfToken.php(88): Illuminate\\Pipeline\\Pipeline->Illuminate\\Pipeline\\{closure}()
#20 /var/www/woodson/thehub/vendor/laravel/framework/src/Illuminate/Pipeline/Pipeline.php(209): Illuminate\\Foundation\\Http\\Middleware\\VerifyCsrfToken->handle()
#21 /var/www/woodson/thehub/vendor/laravel/framework/src/Illuminate/View/Middleware/ShareErrorsFromSession.php(49): Illuminate\\Pipeline\\Pipeline->Illuminate\\Pipeline\\{closure}()
#22 /var/www/woodson/thehub/vendor/laravel/framework/src/Illuminate/Pipeline/Pipeline.php(209): Illuminate\\View\\Middleware\\ShareErrorsFromSession->handle()
#23 /var/www/woodson/thehub/vendor/laravel/framework/src/Illuminate/Session/Middleware/StartSession.php(121): Illuminate\\Pipeline\\Pipeline->Illuminate\\Pipeline\\{closure}()
#24 /var/www/woodson/thehub/vendor/laravel/framework/src/Illuminate/Session/Middleware/StartSession.php(64): Illuminate\\Session\\Middleware\\StartSession->handleStatefulRequest()
#25 /var/www/woodson/thehub/vendor/laravel/framework/src/Illuminate/Pipeline/Pipeline.php(209): Illuminate\\Session\\Middleware\\StartSession->handle()
#26 /var/www/woodson/thehub/vendor/laravel/framework/src/Illuminate/Cookie/Middleware/AddQueuedCookiesToResponse.php(37): Illuminate\\Pipeline\\Pipeline->Illuminate\\Pipeline\\{closure}()
#27 /var/www/woodson/thehub/vendor/laravel/framework/src/Illuminate/Pipeline/Pipeline.php(209): Illuminate\\Cookie\\Middleware\\AddQueuedCookiesToResponse->handle()
#28 /var/www/woodson/thehub/vendor/laravel/framework/src/Illuminate/Cookie/Middleware/EncryptCookies.php(75): Illuminate\\Pipeline\\Pipeline->Illuminate\\Pipeline\\{closure}()
#29 /var/www/woodson/thehub/vendor/laravel/framework/src/Illuminate/Pipeline/Pipeline.php(209): Illuminate\\Cookie\\Middleware\\EncryptCookies->handle()
#30 /var/www/woodson/thehub/vendor/laravel/framework/src/Illuminate/Pipeline/Pipeline.php(127): Illuminate\\Pipeline\\Pipeline->Illuminate\\Pipeline\\{closure}()
#31 /var/www/woodson/thehub/vendor/laravel/framework/src/Illuminate/Routing/Router.php(807): Illuminate\\Pipeline\\Pipeline->then()
#32 /var/www/woodson/thehub/vendor/laravel/framework/src/Illuminate/Routing/Router.php(786): Illuminate\\Routing\\Router->runRouteWithinStack()
#33 /var/www/woodson/thehub/vendor/laravel/framework/src/Illuminate/Routing/Router.php(750): Illuminate\\Routing\\Router->runRoute()
#34 /var/www/woodson/thehub/vendor/laravel/framework/src/Illuminate/Routing/Router.php(739): Illuminate\\Routing\\Router->dispatchToRoute()
#35 /var/www/woodson/thehub/vendor/laravel/framework/src/Illuminate/Foundation/Http/Kernel.php(201): Illuminate\\Routing\\Router->dispatch()
#36 /var/www/woodson/thehub/vendor/laravel/framework/src/Illuminate/Pipeline/Pipeline.php(170): Illuminate\\Foundation\\Http\\Kernel->Illuminate\\Foundation\\Http\\{closure}()
#37 /var/www/woodson/thehub/vendor/laravel/framework/src/Illuminate/Foundation/Http/Middleware/TransformsRequest.php(21): Illuminate\\Pipeline\\Pipeline->Illuminate\\Pipeline\\{closure}()
#38 /var/www/woodson/thehub/vendor/laravel/framework/src/Illuminate/Foundation/Http/Middleware/ConvertEmptyStringsToNull.php(31): Illuminate\\Foundation\\Http\\Middleware\\TransformsRequest->handle()
#39 /var/www/woodson/thehub/vendor/laravel/framework/src/Illuminate/Pipeline/Pipeline.php(209): Illuminate\\Foundation\\Http\\Middleware\\ConvertEmptyStringsToNull->handle()
#40 /var/www/woodson/thehub/vendor/laravel/framework/src/Illuminate/Foundation/Http/Middleware/TransformsRequest.php(21): Illuminate\\Pipeline\\Pipeline->Illuminate\\Pipeline\\{closure}()
#41 /var/www/woodson/thehub/vendor/laravel/framework/src/Illuminate/Foundation/Http/Middleware/TrimStrings.php(51): Illuminate\\Foundation\\Http\\Middleware\\TransformsRequest->handle()
#42 /var/www/woodson/thehub/vendor/laravel/framework/src/Illuminate/Pipeline/Pipeline.php(209): Illuminate\\Foundation\\Http\\Middleware\\TrimStrings->handle()
#43 /var/www/woodson/thehub/vendor/laravel/framework/src/Illuminate/Http/Middleware/ValidatePostSize.php(27): Illuminate\\Pipeline\\Pipeline->Illuminate\\Pipeline\\{closure}()
#44 /var/www/woodson/thehub/vendor/laravel/framework/src/Illuminate/Pipeline/Pipeline.php(209): Illuminate\\Http\\Middleware\\ValidatePostSize->handle()
#45 /var/www/woodson/thehub/vendor/laravel/framework/src/Illuminate/Foundation/Http/Middleware/PreventRequestsDuringMaintenance.php(110): Illuminate\\Pipeline\\Pipeline->Illuminate\\Pipeline\\{closure}()
#46 /var/www/woodson/thehub/vendor/laravel/framework/src/Illuminate/Pipeline/Pipeline.php(209): Illuminate\\Foundation\\Http\\Middleware\\PreventRequestsDuringMaintenance->handle()
#47 /var/www/woodson/thehub/vendor/laravel/framework/src/Illuminate/Http/Middleware/HandleCors.php(49): Illuminate\\Pipeline\\Pipeline->Illuminate\\Pipeline\\{closure}()
#48 /var/www/woodson/thehub/vendor/laravel/framework/src/Illuminate/Pipeline/Pipeline.php(209): Illuminate\\Http\\Middleware\\HandleCors->handle()
#49 /var/www/woodson/thehub/vendor/laravel/framework/src/Illuminate/Http/Middleware/TrustProxies.php(58): Illuminate\\Pipeline\\Pipeline->Illuminate\\Pipeline\\{closure}()
#50 /var/www/woodson/thehub/vendor/laravel/framework/src/Illuminate/Pipeline/Pipeline.php(209): Illuminate\\Http\\Middleware\\TrustProxies->handle()
#51 /var/www/woodson/thehub/vendor/laravel/framework/src/Illuminate/Foundation/Http/Middleware/InvokeDeferredCallbacks.php(22): Illuminate\\Pipeline\\Pipeline->Illuminate\\Pipeline\\{closure}()
#52 /var/www/woodson/thehub/vendor/laravel/framework/src/Illuminate/Pipeline/Pipeline.php(209): Illuminate\\Foundation\\Http\\Middleware\\InvokeDeferredCallbacks->handle()
#53 /var/www/woodson/thehub/vendor/laravel/framework/src/Illuminate/Pipeline/Pipeline.php(127): Illuminate\\Pipeline\\Pipeline->Illuminate\\Pipeline\\{closure}()
#54 /var/www/woodson/thehub/vendor/laravel/framework/src/Illuminate/Foundation/Http/Kernel.php(176): Illuminate\\Pipeline\\Pipeline->then()
#55 /var/www/woodson/thehub/vendor/laravel/framework/src/Illuminate/Foundation/Http/Kernel.php(145): Illuminate\\Foundation\\Http\\Kernel->sendRequestThroughRouter()
#56 /var/www/woodson/thehub/public/laravel.php(34): Illuminate\\Foundation\\Http\\Kernel->handle()
#57 {main}
"} 
[2026-02-12 12:20:04] production.ERROR: Route [admin.users] not defined. (View: /var/www/woodson/thehub/resources/views/admin/dashboard.blade.php) {"exception":"[object] (Illuminate\\View\\ViewException(code: 0): Route [admin.users] not defined. (View: /var/www/woodson/thehub/resources/views/admin/dashboard.blade.php) at /var/www/woodson/thehub/vendor/laravel/framework/src/Illuminate/Routing/UrlGenerator.php:517)
[stacktrace]
#0 /var/www/woodson/thehub/vendor/laravel/framework/src/Illuminate/View/Engines/PhpEngine.php(60): Illuminate\\View\\Engines\\CompilerEngine->handleViewException()
#1 /var/www/woodson/thehub/vendor/laravel/framework/src/Illuminate/View/Engines/CompilerEngine.php(75): Illuminate\\View\\Engines\\PhpEngine->evaluatePath()
#2 /var/www/woodson/thehub/vendor/laravel/framework/src/Illuminate/View/View.php(209): Illuminate\\View\\Engines\\CompilerEngine->get()
#3 /var/www/woodson/thehub/vendor/laravel/framework/src/Illuminate/View/View.php(192): Illuminate\\View\\View->getContents()
#4 /var/www/woodson/thehub/vendor/laravel/framework/src/Illuminate/View/View.php(161): Illuminate\\View\\View->renderContents()
#5 /var/www/woodson/thehub/vendor/laravel/framework/src/Illuminate/Http/Response.php(79): Illuminate\\View\\View->render()
#6 /var/www/woodson/thehub/vendor/laravel/framework/src/Illuminate/Http/Response.php(35): Illuminate\\Http\\Response->setContent()
#7 /var/www/woodson/thehub/vendor/laravel/framework/src/Illuminate/Routing/Router.php(920): Illuminate\\Http\\Response->__construct()
#8 /var/www/woodson/thehub/vendor/laravel/framework/src/Illuminate/Routing/Router.php(887): Illuminate\\Routing\\Router::toResponse()
#9 /var/www/woodson/thehub/vendor/laravel/framework/src/Illuminate/Routing/Router.php(807): Illuminate\\Routing\\Router->prepareResponse()
#10 /var/www/woodson/thehub/vendor/laravel/framework/src/Illuminate/Pipeline/Pipeline.php(170): Illuminate\\Routing\\Router->Illuminate\\Routing\\{closure}()
#11 /var/www/woodson/thehub/app/Http/Middleware/Authenticate.php(50): Illuminate\\Pipeline\\Pipeline->Illuminate\\Pipeline\\{closure}()
#12 /var/www/woodson/thehub/vendor/laravel/framework/src/Illuminate/Pipeline/Pipeline.php(209): App\\Http\\Middleware\\Authenticate->handle()
#13 /var/www/woodson/thehub/vendor/laravel/framework/src/Illuminate/Routing/Middleware/SubstituteBindings.php(51): Illuminate\\Pipeline\\Pipeline->Illuminate\\Pipeline\\{closure}()
#14 /var/www/woodson/thehub/vendor/laravel/framework/src/Illuminate/Pipeline/Pipeline.php(209): Illuminate\\Routing\\Middleware\\SubstituteBindings->handle()
#15 /var/www/woodson/thehub/vendor/laravel/framework/src/Illuminate/Foundation/Http/Middleware/VerifyCsrfToken.php(88): Illuminate\\Pipeline\\Pipeline->Illuminate\\Pipeline\\{closure}()
#16 /var/www/woodson/thehub/vendor/laravel/framework/src/Illuminate/Pipeline/Pipeline.php(209): Illuminate\\Foundation\\Http\\Middleware\\VerifyCsrfToken->handle()
#17 /var/www/woodson/thehub/vendor/laravel/framework/src/Illuminate/View/Middleware/ShareErrorsFromSession.php(49): Illuminate\\Pipeline\\Pipeline->Illuminate\\Pipeline\\{closure}()
#18 /var/www/woodson/thehub/vendor/laravel/framework/src/Illuminate/Pipeline/Pipeline.php(209): Illuminate\\View\\Middleware\\ShareErrorsFromSession->handle()
#19 /var/www/woodson/thehub/vendor/laravel/framework/src/Illuminate/Session/Middleware/StartSession.php(121): Illuminate\\Pipeline\\Pipeline->Illuminate\\Pipeline\\{closure}()
#20 /var/www/woodson/thehub/vendor/laravel/framework/src/Illuminate/Session/Middleware/StartSession.php(64): Illuminate\\Session\\Middleware\\StartSession->handleStatefulRequest()
#21 /var/www/woodson/thehub/vendor/laravel/framework/src/Illuminate/Pipeline/Pipeline.php(209): Illuminate\\Session\\Middleware\\StartSession->handle()
#22 /var/www/woodson/thehub/vendor/laravel/framework/src/Illuminate/Cookie/Middleware/AddQueuedCookiesToResponse.php(37): Illuminate\\Pipeline\\Pipeline->Illuminate\\Pipeline\\{closure}()
#23 /var/www/woodson/thehub/vendor/laravel/framework/src/Illuminate/Pipeline/Pipeline.php(209): Illuminate\\Cookie\\Middleware\\AddQueuedCookiesToResponse->handle()
#24 /var/www/woodson/thehub/vendor/laravel/framework/src/Illuminate/Cookie/Middleware/EncryptCookies.php(75): Illuminate\\Pipeline\\Pipeline->Illuminate\\Pipeline\\{closure}()
#25 /var/www/woodson/thehub/vendor/laravel/framework/src/Illuminate/Pipeline/Pipeline.php(209): Illuminate\\Cookie\\Middleware\\EncryptCookies->handle()
#26 /var/www/woodson/thehub/vendor/laravel/framework/src/Illuminate/Pipeline/Pipeline.php(127): Illuminate\\Pipeline\\Pipeline->Illuminate\\Pipeline\\{closure}()
#27 /var/www/woodson/thehub/vendor/laravel/framework/src/Illuminate/Routing/Router.php(807): Illuminate\\Pipeline\\Pipeline->then()
#28 /var/www/woodson/thehub/vendor/laravel/framework/src/Illuminate/Routing/Router.php(786): Illuminate\\Routing\\Router->runRouteWithinStack()
#29 /var/www/woodson/thehub/vendor/laravel/framework/src/Illuminate/Routing/Router.php(750): Illuminate\\Routing\\Router->runRoute()
#30 /var/www/woodson/thehub/vendor/laravel/framework/src/Illuminate/Routing/Router.php(739): Illuminate\\Routing\\Router->dispatchToRoute()
#31 /var/www/woodson/thehub/vendor/laravel/framework/src/Illuminate/Foundation/Http/Kernel.php(201): Illuminate\\Routing\\Router->dispatch()
#32 /var/www/woodson/thehub/vendor/laravel/framework/src/Illuminate/Pipeline/Pipeline.php(170): Illuminate\\Foundation\\Http\\Kernel->Illuminate\\Foundation\\Http\\{closure}()
#33 /var/www/woodson/thehub/vendor/laravel/framework/src/Illuminate/Foundation/Http/Middleware/TransformsRequest.php(21): Illuminate\\Pipeline\\Pipeline->Illuminate\\Pipeline\\{closure}()
#34 /var/www/woodson/thehub/vendor/laravel/framework/src/Illuminate/Foundation/Http/Middleware/ConvertEmptyStringsToNull.php(31): Illuminate\\Foundation\\Http\\Middleware\\TransformsRequest->handle()
#35 /var/www/woodson/thehub/vendor/laravel/framework/src/Illuminate/Pipeline/Pipeline.php(209): Illuminate\\Foundation\\Http\\Middleware\\ConvertEmptyStringsToNull->handle()
#36 /var/www/woodson/thehub/vendor/laravel/framework/src/Illuminate/Foundation/Http/Middleware/TransformsRequest.php(21): Illuminate\\Pipeline\\Pipeline->Illuminate\\Pipeline\\{closure}()
#37 /var/www/woodson/thehub/vendor/laravel/framework/src/Illuminate/Foundation/Http/Middleware/TrimStrings.php(51): Illuminate\\Foundation\\Http\\Middleware\\TransformsRequest->handle()
#38 /var/www/woodson/thehub/vendor/laravel/framework/src/Illuminate/Pipeline/Pipeline.php(209): Illuminate\\Foundation\\Http\\Middleware\\TrimStrings->handle()
#39 /var/www/woodson/thehub/vendor/laravel/framework/src/Illuminate/Http/Middleware/ValidatePostSize.php(27): Illuminate\\Pipeline\\Pipeline->Illuminate\\Pipeline\\{closure}()
#40 /var/www/woodson/thehub/vendor/laravel/framework/src/Illuminate/Pipeline/Pipeline.php(209): Illuminate\\Http\\Middleware\\ValidatePostSize->handle()
#41 /var/www/woodson/thehub/vendor/laravel/framework/src/Illuminate/Foundation/Http/Middleware/PreventRequestsDuringMaintenance.php(110): Illuminate\\Pipeline\\Pipeline->Illuminate\\Pipeline\\{closure}()
#42 /var/www/woodson/thehub/vendor/laravel/framework/src/Illuminate/Pipeline/Pipeline.php(209): Illuminate\\Foundation\\Http\\Middleware\\PreventRequestsDuringMaintenance->handle()
#43 /var/www/woodson/thehub/vendor/laravel/framework/src/Illuminate/Http/Middleware/HandleCors.php(49): Illuminate\\Pipeline\\Pipeline->Illuminate\\Pipeline\\{closure}()
#44 /var/www/woodson/thehub/vendor/laravel/framework/src/Illuminate/Pipeline/Pipeline.php(209): Illuminate\\Http\\Middleware\\HandleCors->handle()
#45 /var/www/woodson/thehub/vendor/laravel/framework/src/Illuminate/Http/Middleware/TrustProxies.php(58): Illuminate\\Pipeline\\Pipeline->Illuminate\\Pipeline\\{closure}()
#46 /var/www/woodson/thehub/vendor/laravel/framework/src/Illuminate/Pipeline/Pipeline.php(209): Illuminate\\Http\\Middleware\\TrustProxies->handle()
#47 /var/www/woodson/thehub/vendor/laravel/framework/src/Illuminate/Foundation/Http/Middleware/InvokeDeferredCallbacks.php(22): Illuminate\\Pipeline\\Pipeline->Illuminate\\Pipeline\\{closure}()
#48 /var/www/woodson/thehub/vendor/laravel/framework/src/Illuminate/Pipeline/Pipeline.php(209): Illuminate\\Foundation\\Http\\Middleware\\InvokeDeferredCallbacks->handle()
#49 /var/www/woodson/thehub/vendor/laravel/framework/src/Illuminate/Pipeline/Pipeline.php(127): Illuminate\\Pipeline\\Pipeline->Illuminate\\Pipeline\\{closure}()
#50 /var/www/woodson/thehub/vendor/laravel/framework/src/Illuminate/Foundation/Http/Kernel.php(176): Illuminate\\Pipeline\\Pipeline->then()
#51 /var/www/woodson/thehub/vendor/laravel/framework/src/Illuminate/Foundation/Http/Kernel.php(145): Illuminate\\Foundation\\Http\\Kernel->sendRequestThroughRouter()
#52 /var/www/woodson/thehub/public/laravel.php(34): Illuminate\\Foundation\\Http\\Kernel->handle()
#53 {main}

[previous exception] [object] (Symfony\\Component\\Routing\\Exception\\RouteNotFoundException(code: 0): Route [admin.users] not defined. at /var/www/woodson/thehub/vendor/laravel/framework/src/Illuminate/Routing/UrlGenerator.php:517)
[stacktrace]
#0 /var/www/woodson/thehub/vendor/laravel/framework/src/Illuminate/Foundation/helpers.php(853): Illuminate\\Routing\\UrlGenerator->route()
#1 /var/www/woodson/thehub/storage/framework/views/658ea57cc115bf339aa6dba94fb64026.php(7): route()
#2 /var/www/woodson/thehub/vendor/laravel/framework/src/Illuminate/Filesystem/Filesystem.php(123): require('...')
#3 /var/www/woodson/thehub/vendor/laravel/framework/src/Illuminate/Filesystem/Filesystem.php(124): Illuminate\\Filesystem\\Filesystem::Illuminate\\Filesystem\\{closure}()
#4 /var/www/woodson/thehub/vendor/laravel/framework/src/Illuminate/View/Engines/PhpEngine.php(58): Illuminate\\Filesystem\\Filesystem->getRequire()
#5 /var/www/woodson/thehub/vendor/laravel/framework/src/Illuminate/View/Engines/CompilerEngine.php(75): Illuminate\\View\\Engines\\PhpEngine->evaluatePath()
#6 /var/www/woodson/thehub/vendor/laravel/framework/src/Illuminate/View/View.php(209): Illuminate\\View\\Engines\\CompilerEngine->get()
#7 /var/www/woodson/thehub/vendor/laravel/framework/src/Illuminate/View/View.php(192): Illuminate\\View\\View->getContents()
#8 /var/www/woodson/thehub/vendor/laravel/framework/src/Illuminate/View/View.php(161): Illuminate\\View\\View->renderContents()
#9 /var/www/woodson/thehub/vendor/laravel/framework/src/Illuminate/Http/Response.php(79): Illuminate\\View\\View->render()
#10 /var/www/woodson/thehub/vendor/laravel/framework/src/Illuminate/Http/Response.php(35): Illuminate\\Http\\Response->setContent()
#11 /var/www/woodson/thehub/vendor/laravel/framework/src/Illuminate/Routing/Router.php(920): Illuminate\\Http\\Response->__construct()
#12 /var/www/woodson/thehub/vendor/laravel/framework/src/Illuminate/Routing/Router.php(887): Illuminate\\Routing\\Router::toResponse()
#13 /var/www/woodson/thehub/vendor/laravel/framework/src/Illuminate/Routing/Router.php(807): Illuminate\\Routing\\Router->prepareResponse()
#14 /var/www/woodson/thehub/vendor/laravel/framework/src/Illuminate/Pipeline/Pipeline.php(170): Illuminate\\Routing\\Router->Illuminate\\Routing\\{closure}()
#15 /var/www/woodson/thehub/app/Http/Middleware/Authenticate.php(50): Illuminate\\Pipeline\\Pipeline->Illuminate\\Pipeline\\{closure}()
#16 /var/www/woodson/thehub/vendor/laravel/framework/src/Illuminate/Pipeline/Pipeline.php(209): App\\Http\\Middleware\\Authenticate->handle()
#17 /var/www/woodson/thehub/vendor/laravel/framework/src/Illuminate/Routing/Middleware/SubstituteBindings.php(51): Illuminate\\Pipeline\\Pipeline->Illuminate\\Pipeline\\{closure}()
#18 /var/www/woodson/thehub/vendor/laravel/framework/src/Illuminate/Pipeline/Pipeline.php(209): Illuminate\\Routing\\Middleware\\SubstituteBindings->handle()
#19 /var/www/woodson/thehub/vendor/laravel/framework/src/Illuminate/Foundation/Http/Middleware/VerifyCsrfToken.php(88): Illuminate\\Pipeline\\Pipeline->Illuminate\\Pipeline\\{closure}()
#20 /var/www/woodson/thehub/vendor/laravel/framework/src/Illuminate/Pipeline/Pipeline.php(209): Illuminate\\Foundation\\Http\\Middleware\\VerifyCsrfToken->handle()
#21 /var/www/woodson/thehub/vendor/laravel/framework/src/Illuminate/View/Middleware/ShareErrorsFromSession.php(49): Illuminate\\Pipeline\\Pipeline->Illuminate\\Pipeline\\{closure}()
#22 /var/www/woodson/thehub/vendor/laravel/framework/src/Illuminate/Pipeline/Pipeline.php(209): Illuminate\\View\\Middleware\\ShareErrorsFromSession->handle()
#23 /var/www/woodson/thehub/vendor/laravel/framework/src/Illuminate/Session/Middleware/StartSession.php(121): Illuminate\\Pipeline\\Pipeline->Illuminate\\Pipeline\\{closure}()
#24 /var/www/woodson/thehub/vendor/laravel/framework/src/Illuminate/Session/Middleware/StartSession.php(64): Illuminate\\Session\\Middleware\\StartSession->handleStatefulRequest()
#25 /var/www/woodson/thehub/vendor/laravel/framework/src/Illuminate/Pipeline/Pipeline.php(209): Illuminate\\Session\\Middleware\\StartSession->handle()
#26 /var/www/woodson/thehub/vendor/laravel/framework/src/Illuminate/Cookie/Middleware/AddQueuedCookiesToResponse.php(37): Illuminate\\Pipeline\\Pipeline->Illuminate\\Pipeline\\{closure}()
#27 /var/www/woodson/thehub/vendor/laravel/framework/src/Illuminate/Pipeline/Pipeline.php(209): Illuminate\\Cookie\\Middleware\\AddQueuedCookiesToResponse->handle()
#28 /var/www/woodson/thehub/vendor/laravel/framework/src/Illuminate/Cookie/Middleware/EncryptCookies.php(75): Illuminate\\Pipeline\\Pipeline->Illuminate\\Pipeline\\{closure}()
#29 /var/www/woodson/thehub/vendor/laravel/framework/src/Illuminate/Pipeline/Pipeline.php(209): Illuminate\\Cookie\\Middleware\\EncryptCookies->handle()
#30 /var/www/woodson/thehub/vendor/laravel/framework/src/Illuminate/Pipeline/Pipeline.php(127): Illuminate\\Pipeline\\Pipeline->Illuminate\\Pipeline\\{closure}()
#31 /var/www/woodson/thehub/vendor/laravel/framework/src/Illuminate/Routing/Router.php(807): Illuminate\\Pipeline\\Pipeline->then()
#32 /var/www/woodson/thehub/vendor/laravel/framework/src/Illuminate/Routing/Router.php(786): Illuminate\\Routing\\Router->runRouteWithinStack()
#33 /var/www/woodson/thehub/vendor/laravel/framework/src/Illuminate/Routing/Router.php(750): Illuminate\\Routing\\Router->runRoute()
#34 /var/www/woodson/thehub/vendor/laravel/framework/src/Illuminate/Routing/Router.php(739): Illuminate\\Routing\\Router->dispatchToRoute()
#35 /var/www/woodson/thehub/vendor/laravel/framework/src/Illuminate/Foundation/Http/Kernel.php(201): Illuminate\\Routing\\Router->dispatch()
#36 /var/www/woodson/thehub/vendor/laravel/framework/src/Illuminate/Pipeline/Pipeline.php(170): Illuminate\\Foundation\\Http\\Kernel->Illuminate\\Foundation\\Http\\{closure}()
#37 /var/www/woodson/thehub/vendor/laravel/framework/src/Illuminate/Foundation/Http/Middleware/TransformsRequest.php(21): Illuminate\\Pipeline\\Pipeline->Illuminate\\Pipeline\\{closure}()
#38 /var/www/woodson/thehub/vendor/laravel/framework/src/Illuminate/Foundation/Http/Middleware/ConvertEmptyStringsToNull.php(31): Illuminate\\Foundation\\Http\\Middleware\\TransformsRequest->handle()
#39 /var/www/woodson/thehub/vendor/laravel/framework/src/Illuminate/Pipeline/Pipeline.php(209): Illuminate\\Foundation\\Http\\Middleware\\ConvertEmptyStringsToNull->handle()
#40 /var/www/woodson/thehub/vendor/laravel/framework/src/Illuminate/Foundation/Http/Middleware/TransformsRequest.php(21): Illuminate\\Pipeline\\Pipeline->Illuminate\\Pipeline\\{closure}()
#41 /var/www/woodson/thehub/vendor/laravel/framework/src/Illuminate/Foundation/Http/Middleware/TrimStrings.php(51): Illuminate\\Foundation\\Http\\Middleware\\TransformsRequest->handle()
#42 /var/www/woodson/thehub/vendor/laravel/framework/src/Illuminate/Pipeline/Pipeline.php(209): Illuminate\\Foundation\\Http\\Middleware\\TrimStrings->handle()
#43 /var/www/woodson/thehub/vendor/laravel/framework/src/Illuminate/Http/Middleware/ValidatePostSize.php(27): Illuminate\\Pipeline\\Pipeline->Illuminate\\Pipeline\\{closure}()
#44 /var/www/woodson/thehub/vendor/laravel/framework/src/Illuminate/Pipeline/Pipeline.php(209): Illuminate\\Http\\Middleware\\ValidatePostSize->handle()
#45 /var/www/woodson/thehub/vendor/laravel/framework/src/Illuminate/Foundation/Http/Middleware/PreventRequestsDuringMaintenance.php(110): Illuminate\\Pipeline\\Pipeline->Illuminate\\Pipeline\\{closure}()
#46 /var/www/woodson/thehub/vendor/laravel/framework/src/Illuminate/Pipeline/Pipeline.php(209): Illuminate\\Foundation\\Http\\Middleware\\PreventRequestsDuringMaintenance->handle()
#47 /var/www/woodson/thehub/vendor/laravel/framework/src/Illuminate/Http/Middleware/HandleCors.php(49): Illuminate\\Pipeline\\Pipeline->Illuminate\\Pipeline\\{closure}()
#48 /var/www/woodson/thehub/vendor/laravel/framework/src/Illuminate/Pipeline/Pipeline.php(209): Illuminate\\Http\\Middleware\\HandleCors->handle()
#49 /var/www/woodson/thehub/vendor/laravel/framework/src/Illuminate/Http/Middleware/TrustProxies.php(58): Illuminate\\Pipeline\\Pipeline->Illuminate\\Pipeline\\{closure}()
#50 /var/www/woodson/thehub/vendor/laravel/framework/src/Illuminate/Pipeline/Pipeline.php(209): Illuminate\\Http\\Middleware\\TrustProxies->handle()
#51 /var/www/woodson/thehub/vendor/laravel/framework/src/Illuminate/Foundation/Http/Middleware/InvokeDeferredCallbacks.php(22): Illuminate\\Pipeline\\Pipeline->Illuminate\\Pipeline\\{closure}()
#52 /var/www/woodson/thehub/vendor/laravel/framework/src/Illuminate/Pipeline/Pipeline.php(209): Illuminate\\Foundation\\Http\\Middleware\\InvokeDeferredCallbacks->handle()
#53 /var/www/woodson/thehub/vendor/laravel/framework/src/Illuminate/Pipeline/Pipeline.php(127): Illuminate\\Pipeline\\Pipeline->Illuminate\\Pipeline\\{closure}()
#54 /var/www/woodson/thehub/vendor/laravel/framework/src/Illuminate/Foundation/Http/Kernel.php(176): Illuminate\\Pipeline\\Pipeline->then()
#55 /var/www/woodson/thehub/vendor/laravel/framework/src/Illuminate/Foundation/Http/Kernel.php(145): Illuminate\\Foundation\\Http\\Kernel->sendRequestThroughRouter()
#56 /var/www/woodson/thehub/public/laravel.php(34): Illuminate\\Foundation\\Http\\Kernel->handle()
#57 {main}
"} 
[2026-02-12 12:20:59] production.ERROR: Route [admin.users] not defined. (View: /var/www/woodson/thehub/resources/views/admin/dashboard.blade.php) {"exception":"[object] (Illuminate\\View\\ViewException(code: 0): Route [admin.users] not defined. (View: /var/www/woodson/thehub/resources/views/admin/dashboard.blade.php) at /var/www/woodson/thehub/vendor/laravel/framework/src/Illuminate/Routing/UrlGenerator.php:517)
[stacktrace]
#0 /var/www/woodson/thehub/vendor/laravel/framework/src/Illuminate/View/Engines/PhpEngine.php(60): Illuminate\\View\\Engines\\CompilerEngine->handleViewException()
#1 /var/www/woodson/thehub/vendor/laravel/framework/src/Illuminate/View/Engines/CompilerEngine.php(75): Illuminate\\View\\Engines\\PhpEngine->evaluatePath()
#2 /var/www/woodson/thehub/vendor/laravel/framework/src/Illuminate/View/View.php(209): Illuminate\\View\\Engines\\CompilerEngine->get()
#3 /var/www/woodson/thehub/vendor/laravel/framework/src/Illuminate/View/View.php(192): Illuminate\\View\\View->getContents()
#4 /var/www/woodson/thehub/vendor/laravel/framework/src/Illuminate/View/View.php(161): Illuminate\\View\\View->renderContents()
#5 /var/www/woodson/thehub/vendor/laravel/framework/src/Illuminate/Http/Response.php(79): Illuminate\\View\\View->render()
#6 /var/www/woodson/thehub/vendor/laravel/framework/src/Illuminate/Http/Response.php(35): Illuminate\\Http\\Response->setContent()
#7 /var/www/woodson/thehub/vendor/laravel/framework/src/Illuminate/Routing/Router.php(920): Illuminate\\Http\\Response->__construct()
#8 /var/www/woodson/thehub/vendor/laravel/framework/src/Illuminate/Routing/Router.php(887): Illuminate\\Routing\\Router::toResponse()
#9 /var/www/woodson/thehub/vendor/laravel/framework/src/Illuminate/Routing/Router.php(807): Illuminate\\Routing\\Router->prepareResponse()
#10 /var/www/woodson/thehub/vendor/laravel/framework/src/Illuminate/Pipeline/Pipeline.php(170): Illuminate\\Routing\\Router->Illuminate\\Routing\\{closure}()
#11 /var/www/woodson/thehub/app/Http/Middleware/Authenticate.php(50): Illuminate\\Pipeline\\Pipeline->Illuminate\\Pipeline\\{closure}()
#12 /var/www/woodson/thehub/vendor/laravel/framework/src/Illuminate/Pipeline/Pipeline.php(209): App\\Http\\Middleware\\Authenticate->handle()
#13 /var/www/woodson/thehub/vendor/laravel/framework/src/Illuminate/Routing/Middleware/SubstituteBindings.php(51): Illuminate\\Pipeline\\Pipeline->Illuminate\\Pipeline\\{closure}()
#14 /var/www/woodson/thehub/vendor/laravel/framework/src/Illuminate/Pipeline/Pipeline.php(209): Illuminate\\Routing\\Middleware\\SubstituteBindings->handle()
#15 /var/www/woodson/thehub/vendor/laravel/framework/src/Illuminate/Foundation/Http/Middleware/VerifyCsrfToken.php(88): Illuminate\\Pipeline\\Pipeline->Illuminate\\Pipeline\\{closure}()
#16 /var/www/woodson/thehub/vendor/laravel/framework/src/Illuminate/Pipeline/Pipeline.php(209): Illuminate\\Foundation\\Http\\Middleware\\VerifyCsrfToken->handle()
#17 /var/www/woodson/thehub/vendor/laravel/framework/src/Illuminate/View/Middleware/ShareErrorsFromSession.php(49): Illuminate\\Pipeline\\Pipeline->Illuminate\\Pipeline\\{closure}()
#18 /var/www/woodson/thehub/vendor/laravel/framework/src/Illuminate/Pipeline/Pipeline.php(209): Illuminate\\View\\Middleware\\ShareErrorsFromSession->handle()
#19 /var/www/woodson/thehub/vendor/laravel/framework/src/Illuminate/Session/Middleware/StartSession.php(121): Illuminate\\Pipeline\\Pipeline->Illuminate\\Pipeline\\{closure}()
#20 /var/www/woodson/thehub/vendor/laravel/framework/src/Illuminate/Session/Middleware/StartSession.php(64): Illuminate\\Session\\Middleware\\StartSession->handleStatefulRequest()
#21 /var/www/woodson/thehub/vendor/laravel/framework/src/Illuminate/Pipeline/Pipeline.php(209): Illuminate\\Session\\Middleware\\StartSession->handle()
#22 /var/www/woodson/thehub/vendor/laravel/framework/src/Illuminate/Cookie/Middleware/AddQueuedCookiesToResponse.php(37): Illuminate\\Pipeline\\Pipeline->Illuminate\\Pipeline\\{closure}()
#23 /var/www/woodson/thehub/vendor/laravel/framework/src/Illuminate/Pipeline/Pipeline.php(209): Illuminate\\Cookie\\Middleware\\AddQueuedCookiesToResponse->handle()
#24 /var/www/woodson/thehub/vendor/laravel/framework/src/Illuminate/Cookie/Middleware/EncryptCookies.php(75): Illuminate\\Pipeline\\Pipeline->Illuminate\\Pipeline\\{closure}()
#25 /var/www/woodson/thehub/vendor/laravel/framework/src/Illuminate/Pipeline/Pipeline.php(209): Illuminate\\Cookie\\Middleware\\EncryptCookies->handle()
#26 /var/www/woodson/thehub/vendor/laravel/framework/src/Illuminate/Pipeline/Pipeline.php(127): Illuminate\\Pipeline\\Pipeline->Illuminate\\Pipeline\\{closure}()
#27 /var/www/woodson/thehub/vendor/laravel/framework/src/Illuminate/Routing/Router.php(807): Illuminate\\Pipeline\\Pipeline->then()
#28 /var/www/woodson/thehub/vendor/laravel/framework/src/Illuminate/Routing/Router.php(786): Illuminate\\Routing\\Router->runRouteWithinStack()
#29 /var/www/woodson/thehub/vendor/laravel/framework/src/Illuminate/Routing/Router.php(750): Illuminate\\Routing\\Router->runRoute()
#30 /var/www/woodson/thehub/vendor/laravel/framework/src/Illuminate/Routing/Router.php(739): Illuminate\\Routing\\Router->dispatchToRoute()
#31 /var/www/woodson/thehub/vendor/laravel/framework/src/Illuminate/Foundation/Http/Kernel.php(201): Illuminate\\Routing\\Router->dispatch()
#32 /var/www/woodson/thehub/vendor/laravel/framework/src/Illuminate/Pipeline/Pipeline.php(170): Illuminate\\Foundation\\Http\\Kernel->Illuminate\\Foundation\\Http\\{closure}()
#33 /var/www/woodson/thehub/vendor/laravel/framework/src/Illuminate/Foundation/Http/Middleware/TransformsRequest.php(21): Illuminate\\Pipeline\\Pipeline->Illuminate\\Pipeline\\{closure}()
#34 /var/www/woodson/thehub/vendor/laravel/framework/src/Illuminate/Foundation/Http/Middleware/ConvertEmptyStringsToNull.php(31): Illuminate\\Foundation\\Http\\Middleware\\TransformsRequest->handle()
#35 /var/www/woodson/thehub/vendor/laravel/framework/src/Illuminate/Pipeline/Pipeline.php(209): Illuminate\\Foundation\\Http\\Middleware\\ConvertEmptyStringsToNull->handle()
#36 /var/www/woodson/thehub/vendor/laravel/framework/src/Illuminate/Foundation/Http/Middleware/TransformsRequest.php(21): Illuminate\\Pipeline\\Pipeline->Illuminate\\Pipeline\\{closure}()
#37 /var/www/woodson/thehub/vendor/laravel/framework/src/Illuminate/Foundation/Http/Middleware/TrimStrings.php(51): Illuminate\\Foundation\\Http\\Middleware\\TransformsRequest->handle()
#38 /var/www/woodson/thehub/vendor/laravel/framework/src/Illuminate/Pipeline/Pipeline.php(209): Illuminate\\Foundation\\Http\\Middleware\\TrimStrings->handle()
#39 /var/www/woodson/thehub/vendor/laravel/framework/src/Illuminate/Http/Middleware/ValidatePostSize.php(27): Illuminate\\Pipeline\\Pipeline->Illuminate\\Pipeline\\{closure}()
#40 /var/www/woodson/thehub/vendor/laravel/framework/src/Illuminate/Pipeline/Pipeline.php(209): Illuminate\\Http\\Middleware\\ValidatePostSize->handle()
#41 /var/www/woodson/thehub/vendor/laravel/framework/src/Illuminate/Foundation/Http/Middleware/PreventRequestsDuringMaintenance.php(110): Illuminate\\Pipeline\\Pipeline->Illuminate\\Pipeline\\{closure}()
#42 /var/www/woodson/thehub/vendor/laravel/framework/src/Illuminate/Pipeline/Pipeline.php(209): Illuminate\\Foundation\\Http\\Middleware\\PreventRequestsDuringMaintenance->handle()
#43 /var/www/woodson/thehub/vendor/laravel/framework/src/Illuminate/Http/Middleware/HandleCors.php(49): Illuminate\\Pipeline\\Pipeline->Illuminate\\Pipeline\\{closure}()
#44 /var/www/woodson/thehub/vendor/laravel/framework/src/Illuminate/Pipeline/Pipeline.php(209): Illuminate\\Http\\Middleware\\HandleCors->handle()
#45 /var/www/woodson/thehub/vendor/laravel/framework/src/Illuminate/Http/Middleware/TrustProxies.php(58): Illuminate\\Pipeline\\Pipeline->Illuminate\\Pipeline\\{closure}()
#46 /var/www/woodson/thehub/vendor/laravel/framework/src/Illuminate/Pipeline/Pipeline.php(209): Illuminate\\Http\\Middleware\\TrustProxies->handle()
#47 /var/www/woodson/thehub/vendor/laravel/framework/src/Illuminate/Foundation/Http/Middleware/InvokeDeferredCallbacks.php(22): Illuminate\\Pipeline\\Pipeline->Illuminate\\Pipeline\\{closure}()
#48 /var/www/woodson/thehub/vendor/laravel/framework/src/Illuminate/Pipeline/Pipeline.php(209): Illuminate\\Foundation\\Http\\Middleware\\InvokeDeferredCallbacks->handle()
#49 /var/www/woodson/thehub/vendor/laravel/framework/src/Illuminate/Pipeline/Pipeline.php(127): Illuminate\\Pipeline\\Pipeline->Illuminate\\Pipeline\\{closure}()
#50 /var/www/woodson/thehub/vendor/laravel/framework/src/Illuminate/Foundation/Http/Kernel.php(176): Illuminate\\Pipeline\\Pipeline->then()
#51 /var/www/woodson/thehub/vendor/laravel/framework/src/Illuminate/Foundation/Http/Kernel.php(145): Illuminate\\Foundation\\Http\\Kernel->sendRequestThroughRouter()
#52 /var/www/woodson/thehub/public/laravel.php(34): Illuminate\\Foundation\\Http\\Kernel->handle()
#53 {main}

[previous exception] [object] (Symfony\\Component\\Routing\\Exception\\RouteNotFoundException(code: 0): Route [admin.users] not defined. at /var/www/woodson/thehub/vendor/laravel/framework/src/Illuminate/Routing/UrlGenerator.php:517)
[stacktrace]
#0 /var/www/woodson/thehub/vendor/laravel/framework/src/Illuminate/Foundation/helpers.php(853): Illuminate\\Routing\\UrlGenerator->route()
#1 /var/www/woodson/thehub/storage/framework/views/658ea57cc115bf339aa6dba94fb64026.php(7): route()
#2 /var/www/woodson/thehub/vendor/laravel/framework/src/Illuminate/Filesystem/Filesystem.php(123): require('...')
#3 /var/www/woodson/thehub/vendor/laravel/framework/src/Illuminate/Filesystem/Filesystem.php(124): Illuminate\\Filesystem\\Filesystem::Illuminate\\Filesystem\\{closure}()
#4 /var/www/woodson/thehub/vendor/laravel/framework/src/Illuminate/View/Engines/PhpEngine.php(58): Illuminate\\Filesystem\\Filesystem->getRequire()
#5 /var/www/woodson/thehub/vendor/laravel/framework/src/Illuminate/View/Engines/CompilerEngine.php(75): Illuminate\\View\\Engines\\PhpEngine->evaluatePath()
#6 /var/www/woodson/thehub/vendor/laravel/framework/src/Illuminate/View/View.php(209): Illuminate\\View\\Engines\\CompilerEngine->get()
#7 /var/www/woodson/thehub/vendor/laravel/framework/src/Illuminate/View/View.php(192): Illuminate\\View\\View->getContents()
#8 /var/www/woodson/thehub/vendor/laravel/framework/src/Illuminate/View/View.php(161): Illuminate\\View\\View->renderContents()
#9 /var/www/woodson/thehub/vendor/laravel/framework/src/Illuminate/Http/Response.php(79): Illuminate\\View\\View->render()
#10 /var/www/woodson/thehub/vendor/laravel/framework/src/Illuminate/Http/Response.php(35): Illuminate\\Http\\Response->setContent()
#11 /var/www/woodson/thehub/vendor/laravel/framework/src/Illuminate/Routing/Router.php(920): Illuminate\\Http\\Response->__construct()
#12 /var/www/woodson/thehub/vendor/laravel/framework/src/Illuminate/Routing/Router.php(887): Illuminate\\Routing\\Router::toResponse()
#13 /var/www/woodson/thehub/vendor/laravel/framework/src/Illuminate/Routing/Router.php(807): Illuminate\\Routing\\Router->prepareResponse()
#14 /var/www/woodson/thehub/vendor/laravel/framework/src/Illuminate/Pipeline/Pipeline.php(170): Illuminate\\Routing\\Router->Illuminate\\Routing\\{closure}()
#15 /var/www/woodson/thehub/app/Http/Middleware/Authenticate.php(50): Illuminate\\Pipeline\\Pipeline->Illuminate\\Pipeline\\{closure}()
#16 /var/www/woodson/thehub/vendor/laravel/framework/src/Illuminate/Pipeline/Pipeline.php(209): App\\Http\\Middleware\\Authenticate->handle()
#17 /var/www/woodson/thehub/vendor/laravel/framework/src/Illuminate/Routing/Middleware/SubstituteBindings.php(51): Illuminate\\Pipeline\\Pipeline->Illuminate\\Pipeline\\{closure}()
#18 /var/www/woodson/thehub/vendor/laravel/framework/src/Illuminate/Pipeline/Pipeline.php(209): Illuminate\\Routing\\Middleware\\SubstituteBindings->handle()
#19 /var/www/woodson/thehub/vendor/laravel/framework/src/Illuminate/Foundation/Http/Middleware/VerifyCsrfToken.php(88): Illuminate\\Pipeline\\Pipeline->Illuminate\\Pipeline\\{closure}()
#20 /var/www/woodson/thehub/vendor/laravel/framework/src/Illuminate/Pipeline/Pipeline.php(209): Illuminate\\Foundation\\Http\\Middleware\\VerifyCsrfToken->handle()
#21 /var/www/woodson/thehub/vendor/laravel/framework/src/Illuminate/View/Middleware/ShareErrorsFromSession.php(49): Illuminate\\Pipeline\\Pipeline->Illuminate\\Pipeline\\{closure}()
#22 /var/www/woodson/thehub/vendor/laravel/framework/src/Illuminate/Pipeline/Pipeline.php(209): Illuminate\\View\\Middleware\\ShareErrorsFromSession->handle()
#23 /var/www/woodson/thehub/vendor/laravel/framework/src/Illuminate/Session/Middleware/StartSession.php(121): Illuminate\\Pipeline\\Pipeline->Illuminate\\Pipeline\\{closure}()
#24 /var/www/woodson/thehub/vendor/laravel/framework/src/Illuminate/Session/Middleware/StartSession.php(64): Illuminate\\Session\\Middleware\\StartSession->handleStatefulRequest()
#25 /var/www/woodson/thehub/vendor/laravel/framework/src/Illuminate/Pipeline/Pipeline.php(209): Illuminate\\Session\\Middleware\\StartSession->handle()
#26 /var/www/woodson/thehub/vendor/laravel/framework/src/Illuminate/Cookie/Middleware/AddQueuedCookiesToResponse.php(37): Illuminate\\Pipeline\\Pipeline->Illuminate\\Pipeline\\{closure}()
#27 /var/www/woodson/thehub/vendor/laravel/framework/src/Illuminate/Pipeline/Pipeline.php(209): Illuminate\\Cookie\\Middleware\\AddQueuedCookiesToResponse->handle()
#28 /var/www/woodson/thehub/vendor/laravel/framework/src/Illuminate/Cookie/Middleware/EncryptCookies.php(75): Illuminate\\Pipeline\\Pipeline->Illuminate\\Pipeline\\{closure}()
#29 /var/www/woodson/thehub/vendor/laravel/framework/src/Illuminate/Pipeline/Pipeline.php(209): Illuminate\\Cookie\\Middleware\\EncryptCookies->handle()
#30 /var/www/woodson/thehub/vendor/laravel/framework/src/Illuminate/Pipeline/Pipeline.php(127): Illuminate\\Pipeline\\Pipeline->Illuminate\\Pipeline\\{closure}()
#31 /var/www/woodson/thehub/vendor/laravel/framework/src/Illuminate/Routing/Router.php(807): Illuminate\\Pipeline\\Pipeline->then()
#32 /var/www/woodson/thehub/vendor/laravel/framework/src/Illuminate/Routing/Router.php(786): Illuminate\\Routing\\Router->runRouteWithinStack()
#33 /var/www/woodson/thehub/vendor/laravel/framework/src/Illuminate/Routing/Router.php(750): Illuminate\\Routing\\Router->runRoute()
#34 /var/www/woodson/thehub/vendor/laravel/framework/src/Illuminate/Routing/Router.php(739): Illuminate\\Routing\\Router->dispatchToRoute()
#35 /var/www/woodson/thehub/vendor/laravel/framework/src/Illuminate/Foundation/Http/Kernel.php(201): Illuminate\\Routing\\Router->dispatch()
#36 /var/www/woodson/thehub/vendor/laravel/framework/src/Illuminate/Pipeline/Pipeline.php(170): Illuminate\\Foundation\\Http\\Kernel->Illuminate\\Foundation\\Http\\{closure}()
#37 /var/www/woodson/thehub/vendor/laravel/framework/src/Illuminate/Foundation/Http/Middleware/TransformsRequest.php(21): Illuminate\\Pipeline\\Pipeline->Illuminate\\Pipeline\\{closure}()
#38 /var/www/woodson/thehub/vendor/laravel/framework/src/Illuminate/Foundation/Http/Middleware/ConvertEmptyStringsToNull.php(31): Illuminate\\Foundation\\Http\\Middleware\\TransformsRequest->handle()
#39 /var/www/woodson/thehub/vendor/laravel/framework/src/Illuminate/Pipeline/Pipeline.php(209): Illuminate\\Foundation\\Http\\Middleware\\ConvertEmptyStringsToNull->handle()
#40 /var/www/woodson/thehub/vendor/laravel/framework/src/Illuminate/Foundation/Http/Middleware/TransformsRequest.php(21): Illuminate\\Pipeline\\Pipeline->Illuminate\\Pipeline\\{closure}()
#41 /var/www/woodson/thehub/vendor/laravel/framework/src/Illuminate/Foundation/Http/Middleware/TrimStrings.php(51): Illuminate\\Foundation\\Http\\Middleware\\TransformsRequest->handle()
#42 /var/www/woodson/thehub/vendor/laravel/framework/src/Illuminate/Pipeline/Pipeline.php(209): Illuminate\\Foundation\\Http\\Middleware\\TrimStrings->handle()
#43 /var/www/woodson/thehub/vendor/laravel/framework/src/Illuminate/Http/Middleware/ValidatePostSize.php(27): Illuminate\\Pipeline\\Pipeline->Illuminate\\Pipeline\\{closure}()
#44 /var/www/woodson/thehub/vendor/laravel/framework/src/Illuminate/Pipeline/Pipeline.php(209): Illuminate\\Http\\Middleware\\ValidatePostSize->handle()
#45 /var/www/woodson/thehub/vendor/laravel/framework/src/Illuminate/Foundation/Http/Middleware/PreventRequestsDuringMaintenance.php(110): Illuminate\\Pipeline\\Pipeline->Illuminate\\Pipeline\\{closure}()
#46 /var/www/woodson/thehub/vendor/laravel/framework/src/Illuminate/Pipeline/Pipeline.php(209): Illuminate\\Foundation\\Http\\Middleware\\PreventRequestsDuringMaintenance->handle()
#47 /var/www/woodson/thehub/vendor/laravel/framework/src/Illuminate/Http/Middleware/HandleCors.php(49): Illuminate\\Pipeline\\Pipeline->Illuminate\\Pipeline\\{closure}()
#48 /var/www/woodson/thehub/vendor/laravel/framework/src/Illuminate/Pipeline/Pipeline.php(209): Illuminate\\Http\\Middleware\\HandleCors->handle()
#49 /var/www/woodson/thehub/vendor/laravel/framework/src/Illuminate/Http/Middleware/TrustProxies.php(58): Illuminate\\Pipeline\\Pipeline->Illuminate\\Pipeline\\{closure}()
#50 /var/www/woodson/thehub/vendor/laravel/framework/src/Illuminate/Pipeline/Pipeline.php(209): Illuminate\\Http\\Middleware\\TrustProxies->handle()
#51 /var/www/woodson/thehub/vendor/laravel/framework/src/Illuminate/Foundation/Http/Middleware/InvokeDeferredCallbacks.php(22): Illuminate\\Pipeline\\Pipeline->Illuminate\\Pipeline\\{closure}()
#52 /var/www/woodson/thehub/vendor/laravel/framework/src/Illuminate/Pipeline/Pipeline.php(209): Illuminate\\Foundation\\Http\\Middleware\\InvokeDeferredCallbacks->handle()
#53 /var/www/woodson/thehub/vendor/laravel/framework/src/Illuminate/Pipeline/Pipeline.php(127): Illuminate\\Pipeline\\Pipeline->Illuminate\\Pipeline\\{closure}()
#54 /var/www/woodson/thehub/vendor/laravel/framework/src/Illuminate/Foundation/Http/Kernel.php(176): Illuminate\\Pipeline\\Pipeline->then()
#55 /var/www/woodson/thehub/vendor/laravel/framework/src/Illuminate/Foundation/Http/Kernel.php(145): Illuminate\\Foundation\\Http\\Kernel->sendRequestThroughRouter()
#56 /var/www/woodson/thehub/public/laravel.php(34): Illuminate\\Foundation\\Http\\Kernel->handle()
#57 {main}
"} 
[2026-02-12 12:23:10] production.ERROR: Route [admin.users] not defined. (View: /var/www/woodson/thehub/resources/views/admin/dashboard.blade.php) {"exception":"[object] (Illuminate\\View\\ViewException(code: 0): Route [admin.users] not defined. (View: /var/www/woodson/thehub/resources/views/admin/dashboard.blade.php) at /var/www/woodson/thehub/vendor/laravel/framework/src/Illuminate/Routing/UrlGenerator.php:517)
[stacktrace]
#0 /var/www/woodson/thehub/vendor/laravel/framework/src/Illuminate/View/Engines/PhpEngine.php(60): Illuminate\\View\\Engines\\CompilerEngine->handleViewException()
#1 /var/www/woodson/thehub/vendor/laravel/framework/src/Illuminate/View/Engines/CompilerEngine.php(75): Illuminate\\View\\Engines\\PhpEngine->evaluatePath()
#2 /var/www/woodson/thehub/vendor/laravel/framework/src/Illuminate/View/View.php(209): Illuminate\\View\\Engines\\CompilerEngine->get()
#3 /var/www/woodson/thehub/vendor/laravel/framework/src/Illuminate/View/View.php(192): Illuminate\\View\\View->getContents()
#4 /var/www/woodson/thehub/vendor/laravel/framework/src/Illuminate/View/View.php(161): Illuminate\\View\\View->renderContents()
#5 /var/www/woodson/thehub/vendor/laravel/framework/src/Illuminate/Http/Response.php(79): Illuminate\\View\\View->render()
#6 /var/www/woodson/thehub/vendor/laravel/framework/src/Illuminate/Http/Response.php(35): Illuminate\\Http\\Response->setContent()
#7 /var/www/woodson/thehub/vendor/laravel/framework/src/Illuminate/Routing/Router.php(920): Illuminate\\Http\\Response->__construct()
#8 /var/www/woodson/thehub/vendor/laravel/framework/src/Illuminate/Routing/Router.php(887): Illuminate\\Routing\\Router::toResponse()
#9 /var/www/woodson/thehub/vendor/laravel/framework/src/Illuminate/Routing/Router.php(807): Illuminate\\Routing\\Router->prepareResponse()
#10 /var/www/woodson/thehub/vendor/laravel/framework/src/Illuminate/Pipeline/Pipeline.php(170): Illuminate\\Routing\\Router->Illuminate\\Routing\\{closure}()
#11 /var/www/woodson/thehub/app/Http/Middleware/Authenticate.php(50): Illuminate\\Pipeline\\Pipeline->Illuminate\\Pipeline\\{closure}()
#12 /var/www/woodson/thehub/vendor/laravel/framework/src/Illuminate/Pipeline/Pipeline.php(209): App\\Http\\Middleware\\Authenticate->handle()
#13 /var/www/woodson/thehub/vendor/laravel/framework/src/Illuminate/Routing/Middleware/SubstituteBindings.php(51): Illuminate\\Pipeline\\Pipeline->Illuminate\\Pipeline\\{closure}()
#14 /var/www/woodson/thehub/vendor/laravel/framework/src/Illuminate/Pipeline/Pipeline.php(209): Illuminate\\Routing\\Middleware\\SubstituteBindings->handle()
#15 /var/www/woodson/thehub/vendor/laravel/framework/src/Illuminate/Foundation/Http/Middleware/VerifyCsrfToken.php(88): Illuminate\\Pipeline\\Pipeline->Illuminate\\Pipeline\\{closure}()
#16 /var/www/woodson/thehub/vendor/laravel/framework/src/Illuminate/Pipeline/Pipeline.php(209): Illuminate\\Foundation\\Http\\Middleware\\VerifyCsrfToken->handle()
#17 /var/www/woodson/thehub/vendor/laravel/framework/src/Illuminate/View/Middleware/ShareErrorsFromSession.php(49): Illuminate\\Pipeline\\Pipeline->Illuminate\\Pipeline\\{closure}()
#18 /var/www/woodson/thehub/vendor/laravel/framework/src/Illuminate/Pipeline/Pipeline.php(209): Illuminate\\View\\Middleware\\ShareErrorsFromSession->handle()
#19 /var/www/woodson/thehub/vendor/laravel/framework/src/Illuminate/Session/Middleware/StartSession.php(121): Illuminate\\Pipeline\\Pipeline->Illuminate\\Pipeline\\{closure}()
#20 /var/www/woodson/thehub/vendor/laravel/framework/src/Illuminate/Session/Middleware/StartSession.php(64): Illuminate\\Session\\Middleware\\StartSession->handleStatefulRequest()
#21 /var/www/woodson/thehub/vendor/laravel/framework/src/Illuminate/Pipeline/Pipeline.php(209): Illuminate\\Session\\Middleware\\StartSession->handle()
#22 /var/www/woodson/thehub/vendor/laravel/framework/src/Illuminate/Cookie/Middleware/AddQueuedCookiesToResponse.php(37): Illuminate\\Pipeline\\Pipeline->Illuminate\\Pipeline\\{closure}()
#23 /var/www/woodson/thehub/vendor/laravel/framework/src/Illuminate/Pipeline/Pipeline.php(209): Illuminate\\Cookie\\Middleware\\AddQueuedCookiesToResponse->handle()
#24 /var/www/woodson/thehub/vendor/laravel/framework/src/Illuminate/Cookie/Middleware/EncryptCookies.php(75): Illuminate\\Pipeline\\Pipeline->Illuminate\\Pipeline\\{closure}()
#25 /var/www/woodson/thehub/vendor/laravel/framework/src/Illuminate/Pipeline/Pipeline.php(209): Illuminate\\Cookie\\Middleware\\EncryptCookies->handle()
#26 /var/www/woodson/thehub/vendor/laravel/framework/src/Illuminate/Pipeline/Pipeline.php(127): Illuminate\\Pipeline\\Pipeline->Illuminate\\Pipeline\\{closure}()
#27 /var/www/woodson/thehub/vendor/laravel/framework/src/Illuminate/Routing/Router.php(807): Illuminate\\Pipeline\\Pipeline->then()
#28 /var/www/woodson/thehub/vendor/laravel/framework/src/Illuminate/Routing/Router.php(786): Illuminate\\Routing\\Router->runRouteWithinStack()
#29 /var/www/woodson/thehub/vendor/laravel/framework/src/Illuminate/Routing/Router.php(750): Illuminate\\Routing\\Router->runRoute()
#30 /var/www/woodson/thehub/vendor/laravel/framework/src/Illuminate/Routing/Router.php(739): Illuminate\\Routing\\Router->dispatchToRoute()
#31 /var/www/woodson/thehub/vendor/laravel/framework/src/Illuminate/Foundation/Http/Kernel.php(201): Illuminate\\Routing\\Router->dispatch()
#32 /var/www/woodson/thehub/vendor/laravel/framework/src/Illuminate/Pipeline/Pipeline.php(170): Illuminate\\Foundation\\Http\\Kernel->Illuminate\\Foundation\\Http\\{closure}()
#33 /var/www/woodson/thehub/vendor/laravel/framework/src/Illuminate/Foundation/Http/Middleware/TransformsRequest.php(21): Illuminate\\Pipeline\\Pipeline->Illuminate\\Pipeline\\{closure}()
#34 /var/www/woodson/thehub/vendor/laravel/framework/src/Illuminate/Foundation/Http/Middleware/ConvertEmptyStringsToNull.php(31): Illuminate\\Foundation\\Http\\Middleware\\TransformsRequest->handle()
#35 /var/www/woodson/thehub/vendor/laravel/framework/src/Illuminate/Pipeline/Pipeline.php(209): Illuminate\\Foundation\\Http\\Middleware\\ConvertEmptyStringsToNull->handle()
#36 /var/www/woodson/thehub/vendor/laravel/framework/src/Illuminate/Foundation/Http/Middleware/TransformsRequest.php(21): Illuminate\\Pipeline\\Pipeline->Illuminate\\Pipeline\\{closure}()
#37 /var/www/woodson/thehub/vendor/laravel/framework/src/Illuminate/Foundation/Http/Middleware/TrimStrings.php(51): Illuminate\\Foundation\\Http\\Middleware\\TransformsRequest->handle()
#38 /var/www/woodson/thehub/vendor/laravel/framework/src/Illuminate/Pipeline/Pipeline.php(209): Illuminate\\Foundation\\Http\\Middleware\\TrimStrings->handle()
#39 /var/www/woodson/thehub/vendor/laravel/framework/src/Illuminate/Http/Middleware/ValidatePostSize.php(27): Illuminate\\Pipeline\\Pipeline->Illuminate\\Pipeline\\{closure}()
#40 /var/www/woodson/thehub/vendor/laravel/framework/src/Illuminate/Pipeline/Pipeline.php(209): Illuminate\\Http\\Middleware\\ValidatePostSize->handle()
#41 /var/www/woodson/thehub/vendor/laravel/framework/src/Illuminate/Foundation/Http/Middleware/PreventRequestsDuringMaintenance.php(110): Illuminate\\Pipeline\\Pipeline->Illuminate\\Pipeline\\{closure}()
#42 /var/www/woodson/thehub/vendor/laravel/framework/src/Illuminate/Pipeline/Pipeline.php(209): Illuminate\\Foundation\\Http\\Middleware\\PreventRequestsDuringMaintenance->handle()
#43 /var/www/woodson/thehub/vendor/laravel/framework/src/Illuminate/Http/Middleware/HandleCors.php(49): Illuminate\\Pipeline\\Pipeline->Illuminate\\Pipeline\\{closure}()
#44 /var/www/woodson/thehub/vendor/laravel/framework/src/Illuminate/Pipeline/Pipeline.php(209): Illuminate\\Http\\Middleware\\HandleCors->handle()
#45 /var/www/woodson/thehub/vendor/laravel/framework/src/Illuminate/Http/Middleware/TrustProxies.php(58): Illuminate\\Pipeline\\Pipeline->Illuminate\\Pipeline\\{closure}()
#46 /var/www/woodson/thehub/vendor/laravel/framework/src/Illuminate/Pipeline/Pipeline.php(209): Illuminate\\Http\\Middleware\\TrustProxies->handle()
#47 /var/www/woodson/thehub/vendor/laravel/framework/src/Illuminate/Foundation/Http/Middleware/InvokeDeferredCallbacks.php(22): Illuminate\\Pipeline\\Pipeline->Illuminate\\Pipeline\\{closure}()
#48 /var/www/woodson/thehub/vendor/laravel/framework/src/Illuminate/Pipeline/Pipeline.php(209): Illuminate\\Foundation\\Http\\Middleware\\InvokeDeferredCallbacks->handle()
#49 /var/www/woodson/thehub/vendor/laravel/framework/src/Illuminate/Pipeline/Pipeline.php(127): Illuminate\\Pipeline\\Pipeline->Illuminate\\Pipeline\\{closure}()
#50 /var/www/woodson/thehub/vendor/laravel/framework/src/Illuminate/Foundation/Http/Kernel.php(176): Illuminate\\Pipeline\\Pipeline->then()
#51 /var/www/woodson/thehub/vendor/laravel/framework/src/Illuminate/Foundation/Http/Kernel.php(145): Illuminate\\Foundation\\Http\\Kernel->sendRequestThroughRouter()
#52 /var/www/woodson/thehub/public/laravel.php(34): Illuminate\\Foundation\\Http\\Kernel->handle()
#53 {main}

[previous exception] [object] (Symfony\\Component\\Routing\\Exception\\RouteNotFoundException(code: 0): Route [admin.users] not defined. at /var/www/woodson/thehub/vendor/laravel/framework/src/Illuminate/Routing/UrlGenerator.php:517)
[stacktrace]
#0 /var/www/woodson/thehub/vendor/laravel/framework/src/Illuminate/Foundation/helpers.php(853): Illuminate\\Routing\\UrlGenerator->route()
#1 /var/www/woodson/thehub/storage/framework/views/658ea57cc115bf339aa6dba94fb64026.php(7): route()
#2 /var/www/woodson/thehub/vendor/laravel/framework/src/Illuminate/Filesystem/Filesystem.php(123): require('...')
#3 /var/www/woodson/thehub/vendor/laravel/framework/src/Illuminate/Filesystem/Filesystem.php(124): Illuminate\\Filesystem\\Filesystem::Illuminate\\Filesystem\\{closure}()
#4 /var/www/woodson/thehub/vendor/laravel/framework/src/Illuminate/View/Engines/PhpEngine.php(58): Illuminate\\Filesystem\\Filesystem->getRequire()
#5 /var/www/woodson/thehub/vendor/laravel/framework/src/Illuminate/View/Engines/CompilerEngine.php(75): Illuminate\\View\\Engines\\PhpEngine->evaluatePath()
#6 /var/www/woodson/thehub/vendor/laravel/framework/src/Illuminate/View/View.php(209): Illuminate\\View\\Engines\\CompilerEngine->get()
#7 /var/www/woodson/thehub/vendor/laravel/framework/src/Illuminate/View/View.php(192): Illuminate\\View\\View->getContents()
#8 /var/www/woodson/thehub/vendor/laravel/framework/src/Illuminate/View/View.php(161): Illuminate\\View\\View->renderContents()
#9 /var/www/woodson/thehub/vendor/laravel/framework/src/Illuminate/Http/Response.php(79): Illuminate\\View\\View->render()
#10 /var/www/woodson/thehub/vendor/laravel/framework/src/Illuminate/Http/Response.php(35): Illuminate\\Http\\Response->setContent()
#11 /var/www/woodson/thehub/vendor/laravel/framework/src/Illuminate/Routing/Router.php(920): Illuminate\\Http\\Response->__construct()
#12 /var/www/woodson/thehub/vendor/laravel/framework/src/Illuminate/Routing/Router.php(887): Illuminate\\Routing\\Router::toResponse()
#13 /var/www/woodson/thehub/vendor/laravel/framework/src/Illuminate/Routing/Router.php(807): Illuminate\\Routing\\Router->prepareResponse()
#14 /var/www/woodson/thehub/vendor/laravel/framework/src/Illuminate/Pipeline/Pipeline.php(170): Illuminate\\Routing\\Router->Illuminate\\Routing\\{closure}()
#15 /var/www/woodson/thehub/app/Http/Middleware/Authenticate.php(50): Illuminate\\Pipeline\\Pipeline->Illuminate\\Pipeline\\{closure}()
#16 /var/www/woodson/thehub/vendor/laravel/framework/src/Illuminate/Pipeline/Pipeline.php(209): App\\Http\\Middleware\\Authenticate->handle()
#17 /var/www/woodson/thehub/vendor/laravel/framework/src/Illuminate/Routing/Middleware/SubstituteBindings.php(51): Illuminate\\Pipeline\\Pipeline->Illuminate\\Pipeline\\{closure}()
#18 /var/www/woodson/thehub/vendor/laravel/framework/src/Illuminate/Pipeline/Pipeline.php(209): Illuminate\\Routing\\Middleware\\SubstituteBindings->handle()
#19 /var/www/woodson/thehub/vendor/laravel/framework/src/Illuminate/Foundation/Http/Middleware/VerifyCsrfToken.php(88): Illuminate\\Pipeline\\Pipeline->Illuminate\\Pipeline\\{closure}()
#20 /var/www/woodson/thehub/vendor/laravel/framework/src/Illuminate/Pipeline/Pipeline.php(209): Illuminate\\Foundation\\Http\\Middleware\\VerifyCsrfToken->handle()
#21 /var/www/woodson/thehub/vendor/laravel/framework/src/Illuminate/View/Middleware/ShareErrorsFromSession.php(49): Illuminate\\Pipeline\\Pipeline->Illuminate\\Pipeline\\{closure}()
#22 /var/www/woodson/thehub/vendor/laravel/framework/src/Illuminate/Pipeline/Pipeline.php(209): Illuminate\\View\\Middleware\\ShareErrorsFromSession->handle()
#23 /var/www/woodson/thehub/vendor/laravel/framework/src/Illuminate/Session/Middleware/StartSession.php(121): Illuminate\\Pipeline\\Pipeline->Illuminate\\Pipeline\\{closure}()
#24 /var/www/woodson/thehub/vendor/laravel/framework/src/Illuminate/Session/Middleware/StartSession.php(64): Illuminate\\Session\\Middleware\\StartSession->handleStatefulRequest()
#25 /var/www/woodson/thehub/vendor/laravel/framework/src/Illuminate/Pipeline/Pipeline.php(209): Illuminate\\Session\\Middleware\\StartSession->handle()
#26 /var/www/woodson/thehub/vendor/laravel/framework/src/Illuminate/Cookie/Middleware/AddQueuedCookiesToResponse.php(37): Illuminate\\Pipeline\\Pipeline->Illuminate\\Pipeline\\{closure}()
#27 /var/www/woodson/thehub/vendor/laravel/framework/src/Illuminate/Pipeline/Pipeline.php(209): Illuminate\\Cookie\\Middleware\\AddQueuedCookiesToResponse->handle()
#28 /var/www/woodson/thehub/vendor/laravel/framework/src/Illuminate/Cookie/Middleware/EncryptCookies.php(75): Illuminate\\Pipeline\\Pipeline->Illuminate\\Pipeline\\{closure}()
#29 /var/www/woodson/thehub/vendor/laravel/framework/src/Illuminate/Pipeline/Pipeline.php(209): Illuminate\\Cookie\\Middleware\\EncryptCookies->handle()
#30 /var/www/woodson/thehub/vendor/laravel/framework/src/Illuminate/Pipeline/Pipeline.php(127): Illuminate\\Pipeline\\Pipeline->Illuminate\\Pipeline\\{closure}()
#31 /var/www/woodson/thehub/vendor/laravel/framework/src/Illuminate/Routing/Router.php(807): Illuminate\\Pipeline\\Pipeline->then()
#32 /var/www/woodson/thehub/vendor/laravel/framework/src/Illuminate/Routing/Router.php(786): Illuminate\\Routing\\Router->runRouteWithinStack()
#33 /var/www/woodson/thehub/vendor/laravel/framework/src/Illuminate/Routing/Router.php(750): Illuminate\\Routing\\Router->runRoute()
#34 /var/www/woodson/thehub/vendor/laravel/framework/src/Illuminate/Routing/Router.php(739): Illuminate\\Routing\\Router->dispatchToRoute()
#35 /var/www/woodson/thehub/vendor/laravel/framework/src/Illuminate/Foundation/Http/Kernel.php(201): Illuminate\\Routing\\Router->dispatch()
#36 /var/www/woodson/thehub/vendor/laravel/framework/src/Illuminate/Pipeline/Pipeline.php(170): Illuminate\\Foundation\\Http\\Kernel->Illuminate\\Foundation\\Http\\{closure}()
#37 /var/www/woodson/thehub/vendor/laravel/framework/src/Illuminate/Foundation/Http/Middleware/TransformsRequest.php(21): Illuminate\\Pipeline\\Pipeline->Illuminate\\Pipeline\\{closure}()
#38 /var/www/woodson/thehub/vendor/laravel/framework/src/Illuminate/Foundation/Http/Middleware/ConvertEmptyStringsToNull.php(31): Illuminate\\Foundation\\Http\\Middleware\\TransformsRequest->handle()
#39 /var/www/woodson/thehub/vendor/laravel/framework/src/Illuminate/Pipeline/Pipeline.php(209): Illuminate\\Foundation\\Http\\Middleware\\ConvertEmptyStringsToNull->handle()
#40 /var/www/woodson/thehub/vendor/laravel/framework/src/Illuminate/Foundation/Http/Middleware/TransformsRequest.php(21): Illuminate\\Pipeline\\Pipeline->Illuminate\\Pipeline\\{closure}()
#41 /var/www/woodson/thehub/vendor/laravel/framework/src/Illuminate/Foundation/Http/Middleware/TrimStrings.php(51): Illuminate\\Foundation\\Http\\Middleware\\TransformsRequest->handle()
#42 /var/www/woodson/thehub/vendor/laravel/framework/src/Illuminate/Pipeline/Pipeline.php(209): Illuminate\\Foundation\\Http\\Middleware\\TrimStrings->handle()
#43 /var/www/woodson/thehub/vendor/laravel/framework/src/Illuminate/Http/Middleware/ValidatePostSize.php(27): Illuminate\\Pipeline\\Pipeline->Illuminate\\Pipeline\\{closure}()
#44 /var/www/woodson/thehub/vendor/laravel/framework/src/Illuminate/Pipeline/Pipeline.php(209): Illuminate\\Http\\Middleware\\ValidatePostSize->handle()
#45 /var/www/woodson/thehub/vendor/laravel/framework/src/Illuminate/Foundation/Http/Middleware/PreventRequestsDuringMaintenance.php(110): Illuminate\\Pipeline\\Pipeline->Illuminate\\Pipeline\\{closure}()
#46 /var/www/woodson/thehub/vendor/laravel/framework/src/Illuminate/Pipeline/Pipeline.php(209): Illuminate\\Foundation\\Http\\Middleware\\PreventRequestsDuringMaintenance->handle()
#47 /var/www/woodson/thehub/vendor/laravel/framework/src/Illuminate/Http/Middleware/HandleCors.php(49): Illuminate\\Pipeline\\Pipeline->Illuminate\\Pipeline\\{closure}()
#48 /var/www/woodson/thehub/vendor/laravel/framework/src/Illuminate/Pipeline/Pipeline.php(209): Illuminate\\Http\\Middleware\\HandleCors->handle()
#49 /var/www/woodson/thehub/vendor/laravel/framework/src/Illuminate/Http/Middleware/TrustProxies.php(58): Illuminate\\Pipeline\\Pipeline->Illuminate\\Pipeline\\{closure}()
#50 /var/www/woodson/thehub/vendor/laravel/framework/src/Illuminate/Pipeline/Pipeline.php(209): Illuminate\\Http\\Middleware\\TrustProxies->handle()
#51 /var/www/woodson/thehub/vendor/laravel/framework/src/Illuminate/Foundation/Http/Middleware/InvokeDeferredCallbacks.php(22): Illuminate\\Pipeline\\Pipeline->Illuminate\\Pipeline\\{closure}()
#52 /var/www/woodson/thehub/vendor/laravel/framework/src/Illuminate/Pipeline/Pipeline.php(209): Illuminate\\Foundation\\Http\\Middleware\\InvokeDeferredCallbacks->handle()
#53 /var/www/woodson/thehub/vendor/laravel/framework/src/Illuminate/Pipeline/Pipeline.php(127): Illuminate\\Pipeline\\Pipeline->Illuminate\\Pipeline\\{closure}()
#54 /var/www/woodson/thehub/vendor/laravel/framework/src/Illuminate/Foundation/Http/Kernel.php(176): Illuminate\\Pipeline\\Pipeline->then()
#55 /var/www/woodson/thehub/vendor/laravel/framework/src/Illuminate/Foundation/Http/Kernel.php(145): Illuminate\\Foundation\\Http\\Kernel->sendRequestThroughRouter()
#56 /var/www/woodson/thehub/public/laravel.php(34): Illuminate\\Foundation\\Http\\Kernel->handle()
#57 {main}
"} 
[2026-02-12 12:23:29] production.ERROR: Unable to detect application namespace. {"exception":"[object] (RuntimeException(code: 0): Unable to detect application namespace. at /var/www/woodson/thehub/vendor/laravel/framework/src/Illuminate/Foundation/Application.php:1717)
[stacktrace]
#0 /var/www/woodson/thehub/vendor/laravel/framework/src/Illuminate/Foundation/Console/RouteListCommand.php(432): Illuminate\\Foundation\\Application->getNamespace()
#1 /var/www/woodson/thehub/vendor/laravel/framework/src/Illuminate/Foundation/Console/RouteListCommand.php(356): Illuminate\\Foundation\\Console\\RouteListCommand->formatActionForCli()
#2 [internal function]: Illuminate\\Foundation\\Console\\RouteListCommand->Illuminate\\Foundation\\Console\\{closure}()
#3 /var/www/woodson/thehub/vendor/laravel/framework/src/Illuminate/Collections/Arr.php(609): array_map()
#4 /var/www/woodson/thehub/vendor/laravel/framework/src/Illuminate/Collections/Collection.php(799): Illuminate\\Support\\Arr::map()
#5 /var/www/woodson/thehub/vendor/laravel/framework/src/Illuminate/Foundation/Console/RouteListCommand.php(354): Illuminate\\Support\\Collection->map()
#6 /var/www/woodson/thehub/vendor/laravel/framework/src/Illuminate/Foundation/Console/RouteListCommand.php(199): Illuminate\\Foundation\\Console\\RouteListCommand->forCli()
#7 /var/www/woodson/thehub/vendor/laravel/framework/src/Illuminate/Foundation/Console/RouteListCommand.php(107): Illuminate\\Foundation\\Console\\RouteListCommand->displayRoutes()
#8 /var/www/woodson/thehub/vendor/laravel/framework/src/Illuminate/Container/BoundMethod.php(36): Illuminate\\Foundation\\Console\\RouteListCommand->handle()
#9 /var/www/woodson/thehub/vendor/laravel/framework/src/Illuminate/Container/Util.php(43): Illuminate\\Container\\BoundMethod::Illuminate\\Container\\{closure}()
#10 /var/www/woodson/thehub/vendor/laravel/framework/src/Illuminate/Container/BoundMethod.php(95): Illuminate\\Container\\Util::unwrapIfClosure()
#11 /var/www/woodson/thehub/vendor/laravel/framework/src/Illuminate/Container/BoundMethod.php(35): Illuminate\\Container\\BoundMethod::callBoundMethod()
#12 /var/www/woodson/thehub/vendor/laravel/framework/src/Illuminate/Container/Container.php(696): Illuminate\\Container\\BoundMethod::call()
#13 /var/www/woodson/thehub/vendor/laravel/framework/src/Illuminate/Console/Command.php(213): Illuminate\\Container\\Container->call()
#14 /var/www/woodson/thehub/vendor/symfony/console/Command/Command.php(318): Illuminate\\Console\\Command->execute()
#15 /var/www/woodson/thehub/vendor/laravel/framework/src/Illuminate/Console/Command.php(182): Symfony\\Component\\Console\\Command\\Command->run()
#16 /var/www/woodson/thehub/vendor/symfony/console/Application.php(1073): Illuminate\\Console\\Command->run()
#17 /var/www/woodson/thehub/vendor/symfony/console/Application.php(356): Symfony\\Component\\Console\\Application->doRunCommand()
#18 /var/www/woodson/thehub/vendor/symfony/console/Application.php(195): Symfony\\Component\\Console\\Application->doRun()
#19 /var/www/woodson/thehub/vendor/laravel/framework/src/Illuminate/Foundation/Console/Kernel.php(198): Symfony\\Component\\Console\\Application->run()
#20 /var/www/woodson/thehub/vendor/laravel/framework/src/Illuminate/Foundation/Application.php(1235): Illuminate\\Foundation\\Console\\Kernel->handle()
#21 /var/www/woodson/thehub/artisan(16): Illuminate\\Foundation\\Application->handleCommand()
#22 {main}
"} 
[2026-02-12 12:24:28] production.ERROR: Unable to detect application namespace. {"exception":"[object] (RuntimeException(code: 0): Unable to detect application namespace. at /var/www/woodson/thehub/vendor/laravel/framework/src/Illuminate/Foundation/Application.php:1717)
[stacktrace]
#0 /var/www/woodson/thehub/vendor/laravel/framework/src/Illuminate/Foundation/Console/RouteListCommand.php(432): Illuminate\\Foundation\\Application->getNamespace()
#1 /var/www/woodson/thehub/vendor/laravel/framework/src/Illuminate/Foundation/Console/RouteListCommand.php(356): Illuminate\\Foundation\\Console\\RouteListCommand->formatActionForCli()
#2 [internal function]: Illuminate\\Foundation\\Console\\RouteListCommand->Illuminate\\Foundation\\Console\\{closure}()
#3 /var/www/woodson/thehub/vendor/laravel/framework/src/Illuminate/Collections/Arr.php(609): array_map()
#4 /var/www/woodson/thehub/vendor/laravel/framework/src/Illuminate/Collections/Collection.php(799): Illuminate\\Support\\Arr::map()
#5 /var/www/woodson/thehub/vendor/laravel/framework/src/Illuminate/Foundation/Console/RouteListCommand.php(354): Illuminate\\Support\\Collection->map()
#6 /var/www/woodson/thehub/vendor/laravel/framework/src/Illuminate/Foundation/Console/RouteListCommand.php(199): Illuminate\\Foundation\\Console\\RouteListCommand->forCli()
#7 /var/www/woodson/thehub/vendor/laravel/framework/src/Illuminate/Foundation/Console/RouteListCommand.php(107): Illuminate\\Foundation\\Console\\RouteListCommand->displayRoutes()
#8 /var/www/woodson/thehub/vendor/laravel/framework/src/Illuminate/Container/BoundMethod.php(36): Illuminate\\Foundation\\Console\\RouteListCommand->handle()
#9 /var/www/woodson/thehub/vendor/laravel/framework/src/Illuminate/Container/Util.php(43): Illuminate\\Container\\BoundMethod::Illuminate\\Container\\{closure}()
#10 /var/www/woodson/thehub/vendor/laravel/framework/src/Illuminate/Container/BoundMethod.php(95): Illuminate\\Container\\Util::unwrapIfClosure()
#11 /var/www/woodson/thehub/vendor/laravel/framework/src/Illuminate/Container/BoundMethod.php(35): Illuminate\\Container\\BoundMethod::callBoundMethod()
#12 /var/www/woodson/thehub/vendor/laravel/framework/src/Illuminate/Container/Container.php(696): Illuminate\\Container\\BoundMethod::call()
#13 /var/www/woodson/thehub/vendor/laravel/framework/src/Illuminate/Console/Command.php(213): Illuminate\\Container\\Container->call()
#14 /var/www/woodson/thehub/vendor/symfony/console/Command/Command.php(318): Illuminate\\Console\\Command->execute()
#15 /var/www/woodson/thehub/vendor/laravel/framework/src/Illuminate/Console/Command.php(182): Symfony\\Component\\Console\\Command\\Command->run()
#16 /var/www/woodson/thehub/vendor/symfony/console/Application.php(1073): Illuminate\\Console\\Command->run()
#17 /var/www/woodson/thehub/vendor/symfony/console/Application.php(356): Symfony\\Component\\Console\\Application->doRunCommand()
#18 /var/www/woodson/thehub/vendor/symfony/console/Application.php(195): Symfony\\Component\\Console\\Application->doRun()
#19 /var/www/woodson/thehub/vendor/laravel/framework/src/Illuminate/Foundation/Console/Kernel.php(198): Symfony\\Component\\Console\\Application->run()
#20 /var/www/woodson/thehub/vendor/laravel/framework/src/Illuminate/Foundation/Application.php(1235): Illuminate\\Foundation\\Console\\Kernel->handle()
#21 /var/www/woodson/thehub/artisan(16): Illuminate\\Foundation\\Application->handleCommand()
#22 {main}
"} 
[2026-02-12 12:28:43] production.ERROR: Call to undefined method App\Http\Controllers\Admin\PackageController::available() {"exception":"[object] (Error(code: 0): Call to undefined method App\\Http\\Controllers\\Admin\\PackageController::available() at /var/www/woodson/thehub/vendor/laravel/framework/src/Illuminate/Routing/ControllerDispatcher.php:47)
[stacktrace]
#0 /var/www/woodson/thehub/vendor/laravel/framework/src/Illuminate/Routing/Route.php(266): Illuminate\\Routing\\ControllerDispatcher->dispatch()
#1 /var/www/woodson/thehub/vendor/laravel/framework/src/Illuminate/Routing/Route.php(212): Illuminate\\Routing\\Route->runController()
#2 /var/www/woodson/thehub/vendor/laravel/framework/src/Illuminate/Routing/Router.php(808): Illuminate\\Routing\\Route->run()
#3 /var/www/woodson/thehub/vendor/laravel/framework/src/Illuminate/Pipeline/Pipeline.php(170): Illuminate\\Routing\\Router->Illuminate\\Routing\\{closure}()
#4 /var/www/woodson/thehub/app/Http/Middleware/Authenticate.php(50): Illuminate\\Pipeline\\Pipeline->Illuminate\\Pipeline\\{closure}()
#5 /var/www/woodson/thehub/vendor/laravel/framework/src/Illuminate/Pipeline/Pipeline.php(209): App\\Http\\Middleware\\Authenticate->handle()
#6 /var/www/woodson/thehub/vendor/laravel/framework/src/Illuminate/Routing/Middleware/SubstituteBindings.php(51): Illuminate\\Pipeline\\Pipeline->Illuminate\\Pipeline\\{closure}()
#7 /var/www/woodson/thehub/vendor/laravel/framework/src/Illuminate/Pipeline/Pipeline.php(209): Illuminate\\Routing\\Middleware\\SubstituteBindings->handle()
#8 /var/www/woodson/thehub/vendor/laravel/framework/src/Illuminate/Foundation/Http/Middleware/VerifyCsrfToken.php(88): Illuminate\\Pipeline\\Pipeline->Illuminate\\Pipeline\\{closure}()
#9 /var/www/woodson/thehub/vendor/laravel/framework/src/Illuminate/Pipeline/Pipeline.php(209): Illuminate\\Foundation\\Http\\Middleware\\VerifyCsrfToken->handle()
#10 /var/www/woodson/thehub/vendor/laravel/framework/src/Illuminate/View/Middleware/ShareErrorsFromSession.php(49): Illuminate\\Pipeline\\Pipeline->Illuminate\\Pipeline\\{closure}()
#11 /var/www/woodson/thehub/vendor/laravel/framework/src/Illuminate/Pipeline/Pipeline.php(209): Illuminate\\View\\Middleware\\ShareErrorsFromSession->handle()
#12 /var/www/woodson/thehub/vendor/laravel/framework/src/Illuminate/Session/Middleware/StartSession.php(121): Illuminate\\Pipeline\\Pipeline->Illuminate\\Pipeline\\{closure}()
#13 /var/www/woodson/thehub/vendor/laravel/framework/src/Illuminate/Session/Middleware/StartSession.php(64): Illuminate\\Session\\Middleware\\StartSession->handleStatefulRequest()
#14 /var/www/woodson/thehub/vendor/laravel/framework/src/Illuminate/Pipeline/Pipeline.php(209): Illuminate\\Session\\Middleware\\StartSession->handle()
#15 /var/www/woodson/thehub/vendor/laravel/framework/src/Illuminate/Cookie/Middleware/AddQueuedCookiesToResponse.php(37): Illuminate\\Pipeline\\Pipeline->Illuminate\\Pipeline\\{closure}()
#16 /var/www/woodson/thehub/vendor/laravel/framework/src/Illuminate/Pipeline/Pipeline.php(209): Illuminate\\Cookie\\Middleware\\AddQueuedCookiesToResponse->handle()
#17 /var/www/woodson/thehub/vendor/laravel/framework/src/Illuminate/Cookie/Middleware/EncryptCookies.php(75): Illuminate\\Pipeline\\Pipeline->Illuminate\\Pipeline\\{closure}()
#18 /var/www/woodson/thehub/vendor/laravel/framework/src/Illuminate/Pipeline/Pipeline.php(209): Illuminate\\Cookie\\Middleware\\EncryptCookies->handle()
#19 /var/www/woodson/thehub/vendor/laravel/framework/src/Illuminate/Pipeline/Pipeline.php(127): Illuminate\\Pipeline\\Pipeline->Illuminate\\Pipeline\\{closure}()
#20 /var/www/woodson/thehub/vendor/laravel/framework/src/Illuminate/Routing/Router.php(807): Illuminate\\Pipeline\\Pipeline->then()
#21 /var/www/woodson/thehub/vendor/laravel/framework/src/Illuminate/Routing/Router.php(786): Illuminate\\Routing\\Router->runRouteWithinStack()
#22 /var/www/woodson/thehub/vendor/laravel/framework/src/Illuminate/Routing/Router.php(750): Illuminate\\Routing\\Router->runRoute()
#23 /var/www/woodson/thehub/vendor/laravel/framework/src/Illuminate/Routing/Router.php(739): Illuminate\\Routing\\Router->dispatchToRoute()
#24 /var/www/woodson/thehub/vendor/laravel/framework/src/Illuminate/Foundation/Http/Kernel.php(201): Illuminate\\Routing\\Router->dispatch()
#25 /var/www/woodson/thehub/vendor/laravel/framework/src/Illuminate/Pipeline/Pipeline.php(170): Illuminate\\Foundation\\Http\\Kernel->Illuminate\\Foundation\\Http\\{closure}()
#26 /var/www/woodson/thehub/vendor/laravel/framework/src/Illuminate/Foundation/Http/Middleware/TransformsRequest.php(21): Illuminate\\Pipeline\\Pipeline->Illuminate\\Pipeline\\{closure}()
#27 /var/www/woodson/thehub/vendor/laravel/framework/src/Illuminate/Foundation/Http/Middleware/ConvertEmptyStringsToNull.php(31): Illuminate\\Foundation\\Http\\Middleware\\TransformsRequest->handle()
#28 /var/www/woodson/thehub/vendor/laravel/framework/src/Illuminate/Pipeline/Pipeline.php(209): Illuminate\\Foundation\\Http\\Middleware\\ConvertEmptyStringsToNull->handle()
#29 /var/www/woodson/thehub/vendor/laravel/framework/src/Illuminate/Foundation/Http/Middleware/TransformsRequest.php(21): Illuminate\\Pipeline\\Pipeline->Illuminate\\Pipeline\\{closure}()
#30 /var/www/woodson/thehub/vendor/laravel/framework/src/Illuminate/Foundation/Http/Middleware/TrimStrings.php(51): Illuminate\\Foundation\\Http\\Middleware\\TransformsRequest->handle()
#31 /var/www/woodson/thehub/vendor/laravel/framework/src/Illuminate/Pipeline/Pipeline.php(209): Illuminate\\Foundation\\Http\\Middleware\\TrimStrings->handle()
#32 /var/www/woodson/thehub/vendor/laravel/framework/src/Illuminate/Http/Middleware/ValidatePostSize.php(27): Illuminate\\Pipeline\\Pipeline->Illuminate\\Pipeline\\{closure}()
#33 /var/www/woodson/thehub/vendor/laravel/framework/src/Illuminate/Pipeline/Pipeline.php(209): Illuminate\\Http\\Middleware\\ValidatePostSize->handle()
#34 /var/www/woodson/thehub/vendor/laravel/framework/src/Illuminate/Foundation/Http/Middleware/PreventRequestsDuringMaintenance.php(110): Illuminate\\Pipeline\\Pipeline->Illuminate\\Pipeline\\{closure}()
#35 /var/www/woodson/thehub/vendor/laravel/framework/src/Illuminate/Pipeline/Pipeline.php(209): Illuminate\\Foundation\\Http\\Middleware\\PreventRequestsDuringMaintenance->handle()
#36 /var/www/woodson/thehub/vendor/laravel/framework/src/Illuminate/Http/Middleware/HandleCors.php(49): Illuminate\\Pipeline\\Pipeline->Illuminate\\Pipeline\\{closure}()
#37 /var/www/woodson/thehub/vendor/laravel/framework/src/Illuminate/Pipeline/Pipeline.php(209): Illuminate\\Http\\Middleware\\HandleCors->handle()
#38 /var/www/woodson/thehub/vendor/laravel/framework/src/Illuminate/Http/Middleware/TrustProxies.php(58): Illuminate\\Pipeline\\Pipeline->Illuminate\\Pipeline\\{closure}()
#39 /var/www/woodson/thehub/vendor/laravel/framework/src/Illuminate/Pipeline/Pipeline.php(209): Illuminate\\Http\\Middleware\\TrustProxies->handle()
#40 /var/www/woodson/thehub/vendor/laravel/framework/src/Illuminate/Foundation/Http/Middleware/InvokeDeferredCallbacks.php(22): Illuminate\\Pipeline\\Pipeline->Illuminate\\Pipeline\\{closure}()
#41 /var/www/woodson/thehub/vendor/laravel/framework/src/Illuminate/Pipeline/Pipeline.php(209): Illuminate\\Foundation\\Http\\Middleware\\InvokeDeferredCallbacks->handle()
#42 /var/www/woodson/thehub/vendor/laravel/framework/src/Illuminate/Pipeline/Pipeline.php(127): Illuminate\\Pipeline\\Pipeline->Illuminate\\Pipeline\\{closure}()
#43 /var/www/woodson/thehub/vendor/laravel/framework/src/Illuminate/Foundation/Http/Kernel.php(176): Illuminate\\Pipeline\\Pipeline->then()
#44 /var/www/woodson/thehub/vendor/laravel/framework/src/Illuminate/Foundation/Http/Kernel.php(145): Illuminate\\Foundation\\Http\\Kernel->sendRequestThroughRouter()
#45 /var/www/woodson/thehub/public/laravel.php(34): Illuminate\\Foundation\\Http\\Kernel->handle()
#46 {main}
"} 
[2026-02-12 12:32:38] production.ERROR: Target class [role] does not exist. {"exception":"[object] (Illuminate\\Contracts\\Container\\BindingResolutionException(code: 0): Target class [role] does not exist. at /var/www/woodson/thehub/vendor/laravel/framework/src/Illuminate/Container/Container.php:961)
[stacktrace]
#0 /var/www/woodson/thehub/vendor/laravel/framework/src/Illuminate/Container/Container.php(832): Illuminate\\Container\\Container->build()
#1 /var/www/woodson/thehub/vendor/laravel/framework/src/Illuminate/Foundation/Application.php(1078): Illuminate\\Container\\Container->resolve()
#2 /var/www/woodson/thehub/vendor/laravel/framework/src/Illuminate/Container/Container.php(763): Illuminate\\Foundation\\Application->resolve()
#3 /var/www/woodson/thehub/vendor/laravel/framework/src/Illuminate/Foundation/Application.php(1058): Illuminate\\Container\\Container->make()
#4 /var/www/woodson/thehub/vendor/laravel/framework/src/Illuminate/Pipeline/Pipeline.php(198): Illuminate\\Foundation\\Application->make()
#5 /var/www/woodson/thehub/app/Http/Middleware/Authenticate.php(50): Illuminate\\Pipeline\\Pipeline->Illuminate\\Pipeline\\{closure}()
#6 /var/www/woodson/thehub/vendor/laravel/framework/src/Illuminate/Pipeline/Pipeline.php(209): App\\Http\\Middleware\\Authenticate->handle()
#7 /var/www/woodson/thehub/vendor/laravel/framework/src/Illuminate/Routing/Middleware/SubstituteBindings.php(51): Illuminate\\Pipeline\\Pipeline->Illuminate\\Pipeline\\{closure}()
#8 /var/www/woodson/thehub/vendor/laravel/framework/src/Illuminate/Pipeline/Pipeline.php(209): Illuminate\\Routing\\Middleware\\SubstituteBindings->handle()
#9 /var/www/woodson/thehub/vendor/laravel/framework/src/Illuminate/Foundation/Http/Middleware/VerifyCsrfToken.php(88): Illuminate\\Pipeline\\Pipeline->Illuminate\\Pipeline\\{closure}()
#10 /var/www/woodson/thehub/vendor/laravel/framework/src/Illuminate/Pipeline/Pipeline.php(209): Illuminate\\Foundation\\Http\\Middleware\\VerifyCsrfToken->handle()
#11 /var/www/woodson/thehub/vendor/laravel/framework/src/Illuminate/View/Middleware/ShareErrorsFromSession.php(49): Illuminate\\Pipeline\\Pipeline->Illuminate\\Pipeline\\{closure}()
#12 /var/www/woodson/thehub/vendor/laravel/framework/src/Illuminate/Pipeline/Pipeline.php(209): Illuminate\\View\\Middleware\\ShareErrorsFromSession->handle()
#13 /var/www/woodson/thehub/vendor/laravel/framework/src/Illuminate/Session/Middleware/StartSession.php(121): Illuminate\\Pipeline\\Pipeline->Illuminate\\Pipeline\\{closure}()
#14 /var/www/woodson/thehub/vendor/laravel/framework/src/Illuminate/Session/Middleware/StartSession.php(64): Illuminate\\Session\\Middleware\\StartSession->handleStatefulRequest()
#15 /var/www/woodson/thehub/vendor/laravel/framework/src/Illuminate/Pipeline/Pipeline.php(209): Illuminate\\Session\\Middleware\\StartSession->handle()
#16 /var/www/woodson/thehub/vendor/laravel/framework/src/Illuminate/Cookie/Middleware/AddQueuedCookiesToResponse.php(37): Illuminate\\Pipeline\\Pipeline->Illuminate\\Pipeline\\{closure}()
#17 /var/www/woodson/thehub/vendor/laravel/framework/src/Illuminate/Pipeline/Pipeline.php(209): Illuminate\\Cookie\\Middleware\\AddQueuedCookiesToResponse->handle()
#18 /var/www/woodson/thehub/vendor/laravel/framework/src/Illuminate/Cookie/Middleware/EncryptCookies.php(75): Illuminate\\Pipeline\\Pipeline->Illuminate\\Pipeline\\{closure}()
#19 /var/www/woodson/thehub/vendor/laravel/framework/src/Illuminate/Pipeline/Pipeline.php(209): Illuminate\\Cookie\\Middleware\\EncryptCookies->handle()
#20 /var/www/woodson/thehub/vendor/laravel/framework/src/Illuminate/Pipeline/Pipeline.php(127): Illuminate\\Pipeline\\Pipeline->Illuminate\\Pipeline\\{closure}()
#21 /var/www/woodson/thehub/vendor/laravel/framework/src/Illuminate/Routing/Router.php(807): Illuminate\\Pipeline\\Pipeline->then()
#22 /var/www/woodson/thehub/vendor/laravel/framework/src/Illuminate/Routing/Router.php(786): Illuminate\\Routing\\Router->runRouteWithinStack()
#23 /var/www/woodson/thehub/vendor/laravel/framework/src/Illuminate/Routing/Router.php(750): Illuminate\\Routing\\Router->runRoute()
#24 /var/www/woodson/thehub/vendor/laravel/framework/src/Illuminate/Routing/Router.php(739): Illuminate\\Routing\\Router->dispatchToRoute()
#25 /var/www/woodson/thehub/vendor/laravel/framework/src/Illuminate/Foundation/Http/Kernel.php(201): Illuminate\\Routing\\Router->dispatch()
#26 /var/www/woodson/thehub/vendor/laravel/framework/src/Illuminate/Pipeline/Pipeline.php(170): Illuminate\\Foundation\\Http\\Kernel->Illuminate\\Foundation\\Http\\{closure}()
#27 /var/www/woodson/thehub/vendor/laravel/framework/src/Illuminate/Foundation/Http/Middleware/TransformsRequest.php(21): Illuminate\\Pipeline\\Pipeline->Illuminate\\Pipeline\\{closure}()
#28 /var/www/woodson/thehub/vendor/laravel/framework/src/Illuminate/Foundation/Http/Middleware/ConvertEmptyStringsToNull.php(31): Illuminate\\Foundation\\Http\\Middleware\\TransformsRequest->handle()
#29 /var/www/woodson/thehub/vendor/laravel/framework/src/Illuminate/Pipeline/Pipeline.php(209): Illuminate\\Foundation\\Http\\Middleware\\ConvertEmptyStringsToNull->handle()
#30 /var/www/woodson/thehub/vendor/laravel/framework/src/Illuminate/Foundation/Http/Middleware/TransformsRequest.php(21): Illuminate\\Pipeline\\Pipeline->Illuminate\\Pipeline\\{closure}()
#31 /var/www/woodson/thehub/vendor/laravel/framework/src/Illuminate/Foundation/Http/Middleware/TrimStrings.php(51): Illuminate\\Foundation\\Http\\Middleware\\TransformsRequest->handle()
#32 /var/www/woodson/thehub/vendor/laravel/framework/src/Illuminate/Pipeline/Pipeline.php(209): Illuminate\\Foundation\\Http\\Middleware\\TrimStrings->handle()
#33 /var/www/woodson/thehub/vendor/laravel/framework/src/Illuminate/Http/Middleware/ValidatePostSize.php(27): Illuminate\\Pipeline\\Pipeline->Illuminate\\Pipeline\\{closure}()
#34 /var/www/woodson/thehub/vendor/laravel/framework/src/Illuminate/Pipeline/Pipeline.php(209): Illuminate\\Http\\Middleware\\ValidatePostSize->handle()
#35 /var/www/woodson/thehub/vendor/laravel/framework/src/Illuminate/Foundation/Http/Middleware/PreventRequestsDuringMaintenance.php(110): Illuminate\\Pipeline\\Pipeline->Illuminate\\Pipeline\\{closure}()
#36 /var/www/woodson/thehub/vendor/laravel/framework/src/Illuminate/Pipeline/Pipeline.php(209): Illuminate\\Foundation\\Http\\Middleware\\PreventRequestsDuringMaintenance->handle()
#37 /var/www/woodson/thehub/vendor/laravel/framework/src/Illuminate/Http/Middleware/HandleCors.php(49): Illuminate\\Pipeline\\Pipeline->Illuminate\\Pipeline\\{closure}()
#38 /var/www/woodson/thehub/vendor/laravel/framework/src/Illuminate/Pipeline/Pipeline.php(209): Illuminate\\Http\\Middleware\\HandleCors->handle()
#39 /var/www/woodson/thehub/vendor/laravel/framework/src/Illuminate/Http/Middleware/TrustProxies.php(58): Illuminate\\Pipeline\\Pipeline->Illuminate\\Pipeline\\{closure}()
#40 /var/www/woodson/thehub/vendor/laravel/framework/src/Illuminate/Pipeline/Pipeline.php(209): Illuminate\\Http\\Middleware\\TrustProxies->handle()
#41 /var/www/woodson/thehub/vendor/laravel/framework/src/Illuminate/Foundation/Http/Middleware/InvokeDeferredCallbacks.php(22): Illuminate\\Pipeline\\Pipeline->Illuminate\\Pipeline\\{closure}()
#42 /var/www/woodson/thehub/vendor/laravel/framework/src/Illuminate/Pipeline/Pipeline.php(209): Illuminate\\Foundation\\Http\\Middleware\\InvokeDeferredCallbacks->handle()
#43 /var/www/woodson/thehub/vendor/laravel/framework/src/Illuminate/Pipeline/Pipeline.php(127): Illuminate\\Pipeline\\Pipeline->Illuminate\\Pipeline\\{closure}()
#44 /var/www/woodson/thehub/vendor/laravel/framework/src/Illuminate/Foundation/Http/Kernel.php(176): Illuminate\\Pipeline\\Pipeline->then()
#45 /var/www/woodson/thehub/vendor/laravel/framework/src/Illuminate/Foundation/Http/Kernel.php(145): Illuminate\\Foundation\\Http\\Kernel->sendRequestThroughRouter()
#46 /var/www/woodson/thehub/public/laravel.php(34): Illuminate\\Foundation\\Http\\Kernel->handle()
#47 {main}

[previous exception] [object] (ReflectionException(code: -1): Class \"role\" does not exist at /var/www/woodson/thehub/vendor/laravel/framework/src/Illuminate/Container/Container.php:959)
[stacktrace]
#0 /var/www/woodson/thehub/vendor/laravel/framework/src/Illuminate/Container/Container.php(959): ReflectionClass->__construct()
#1 /var/www/woodson/thehub/vendor/laravel/framework/src/Illuminate/Container/Container.php(832): Illuminate\\Container\\Container->build()
#2 /var/www/woodson/thehub/vendor/laravel/framework/src/Illuminate/Foundation/Application.php(1078): Illuminate\\Container\\Container->resolve()
#3 /var/www/woodson/thehub/vendor/laravel/framework/src/Illuminate/Container/Container.php(763): Illuminate\\Foundation\\Application->resolve()
#4 /var/www/woodson/thehub/vendor/laravel/framework/src/Illuminate/Foundation/Application.php(1058): Illuminate\\Container\\Container->make()
#5 /var/www/woodson/thehub/vendor/laravel/framework/src/Illuminate/Pipeline/Pipeline.php(198): Illuminate\\Foundation\\Application->make()
#6 /var/www/woodson/thehub/app/Http/Middleware/Authenticate.php(50): Illuminate\\Pipeline\\Pipeline->Illuminate\\Pipeline\\{closure}()
#7 /var/www/woodson/thehub/vendor/laravel/framework/src/Illuminate/Pipeline/Pipeline.php(209): App\\Http\\Middleware\\Authenticate->handle()
#8 /var/www/woodson/thehub/vendor/laravel/framework/src/Illuminate/Routing/Middleware/SubstituteBindings.php(51): Illuminate\\Pipeline\\Pipeline->Illuminate\\Pipeline\\{closure}()
#9 /var/www/woodson/thehub/vendor/laravel/framework/src/Illuminate/Pipeline/Pipeline.php(209): Illuminate\\Routing\\Middleware\\SubstituteBindings->handle()
#10 /var/www/woodson/thehub/vendor/laravel/framework/src/Illuminate/Foundation/Http/Middleware/VerifyCsrfToken.php(88): Illuminate\\Pipeline\\Pipeline->Illuminate\\Pipeline\\{closure}()
#11 /var/www/woodson/thehub/vendor/laravel/framework/src/Illuminate/Pipeline/Pipeline.php(209): Illuminate\\Foundation\\Http\\Middleware\\VerifyCsrfToken->handle()
#12 /var/www/woodson/thehub/vendor/laravel/framework/src/Illuminate/View/Middleware/ShareErrorsFromSession.php(49): Illuminate\\Pipeline\\Pipeline->Illuminate\\Pipeline\\{closure}()
#13 /var/www/woodson/thehub/vendor/laravel/framework/src/Illuminate/Pipeline/Pipeline.php(209): Illuminate\\View\\Middleware\\ShareErrorsFromSession->handle()
#14 /var/www/woodson/thehub/vendor/laravel/framework/src/Illuminate/Session/Middleware/StartSession.php(121): Illuminate\\Pipeline\\Pipeline->Illuminate\\Pipeline\\{closure}()
#15 /var/www/woodson/thehub/vendor/laravel/framework/src/Illuminate/Session/Middleware/StartSession.php(64): Illuminate\\Session\\Middleware\\StartSession->handleStatefulRequest()
#16 /var/www/woodson/thehub/vendor/laravel/framework/src/Illuminate/Pipeline/Pipeline.php(209): Illuminate\\Session\\Middleware\\StartSession->handle()
#17 /var/www/woodson/thehub/vendor/laravel/framework/src/Illuminate/Cookie/Middleware/AddQueuedCookiesToResponse.php(37): Illuminate\\Pipeline\\Pipeline->Illuminate\\Pipeline\\{closure}()
#18 /var/www/woodson/thehub/vendor/laravel/framework/src/Illuminate/Pipeline/Pipeline.php(209): Illuminate\\Cookie\\Middleware\\AddQueuedCookiesToResponse->handle()
#19 /var/www/woodson/thehub/vendor/laravel/framework/src/Illuminate/Cookie/Middleware/EncryptCookies.php(75): Illuminate\\Pipeline\\Pipeline->Illuminate\\Pipeline\\{closure}()
#20 /var/www/woodson/thehub/vendor/laravel/framework/src/Illuminate/Pipeline/Pipeline.php(209): Illuminate\\Cookie\\Middleware\\EncryptCookies->handle()
#21 /var/www/woodson/thehub/vendor/laravel/framework/src/Illuminate/Pipeline/Pipeline.php(127): Illuminate\\Pipeline\\Pipeline->Illuminate\\Pipeline\\{closure}()
#22 /var/www/woodson/thehub/vendor/laravel/framework/src/Illuminate/Routing/Router.php(807): Illuminate\\Pipeline\\Pipeline->then()
#23 /var/www/woodson/thehub/vendor/laravel/framework/src/Illuminate/Routing/Router.php(786): Illuminate\\Routing\\Router->runRouteWithinStack()
#24 /var/www/woodson/thehub/vendor/laravel/framework/src/Illuminate/Routing/Router.php(750): Illuminate\\Routing\\Router->runRoute()
#25 /var/www/woodson/thehub/vendor/laravel/framework/src/Illuminate/Routing/Router.php(739): Illuminate\\Routing\\Router->dispatchToRoute()
#26 /var/www/woodson/thehub/vendor/laravel/framework/src/Illuminate/Foundation/Http/Kernel.php(201): Illuminate\\Routing\\Router->dispatch()
#27 /var/www/woodson/thehub/vendor/laravel/framework/src/Illuminate/Pipeline/Pipeline.php(170): Illuminate\\Foundation\\Http\\Kernel->Illuminate\\Foundation\\Http\\{closure}()
#28 /var/www/woodson/thehub/vendor/laravel/framework/src/Illuminate/Foundation/Http/Middleware/TransformsRequest.php(21): Illuminate\\Pipeline\\Pipeline->Illuminate\\Pipeline\\{closure}()
#29 /var/www/woodson/thehub/vendor/laravel/framework/src/Illuminate/Foundation/Http/Middleware/ConvertEmptyStringsToNull.php(31): Illuminate\\Foundation\\Http\\Middleware\\TransformsRequest->handle()
#30 /var/www/woodson/thehub/vendor/laravel/framework/src/Illuminate/Pipeline/Pipeline.php(209): Illuminate\\Foundation\\Http\\Middleware\\ConvertEmptyStringsToNull->handle()
#31 /var/www/woodson/thehub/vendor/laravel/framework/src/Illuminate/Foundation/Http/Middleware/TransformsRequest.php(21): Illuminate\\Pipeline\\Pipeline->Illuminate\\Pipeline\\{closure}()
#32 /var/www/woodson/thehub/vendor/laravel/framework/src/Illuminate/Foundation/Http/Middleware/TrimStrings.php(51): Illuminate\\Foundation\\Http\\Middleware\\TransformsRequest->handle()
#33 /var/www/woodson/thehub/vendor/laravel/framework/src/Illuminate/Pipeline/Pipeline.php(209): Illuminate\\Foundation\\Http\\Middleware\\TrimStrings->handle()
#34 /var/www/woodson/thehub/vendor/laravel/framework/src/Illuminate/Http/Middleware/ValidatePostSize.php(27): Illuminate\\Pipeline\\Pipeline->Illuminate\\Pipeline\\{closure}()
#35 /var/www/woodson/thehub/vendor/laravel/framework/src/Illuminate/Pipeline/Pipeline.php(209): Illuminate\\Http\\Middleware\\ValidatePostSize->handle()
#36 /var/www/woodson/thehub/vendor/laravel/framework/src/Illuminate/Foundation/Http/Middleware/PreventRequestsDuringMaintenance.php(110): Illuminate\\Pipeline\\Pipeline->Illuminate\\Pipeline\\{closure}()
#37 /var/www/woodson/thehub/vendor/laravel/framework/src/Illuminate/Pipeline/Pipeline.php(209): Illuminate\\Foundation\\Http\\Middleware\\PreventRequestsDuringMaintenance->handle()
#38 /var/www/woodson/thehub/vendor/laravel/framework/src/Illuminate/Http/Middleware/HandleCors.php(49): Illuminate\\Pipeline\\Pipeline->Illuminate\\Pipeline\\{closure}()
#39 /var/www/woodson/thehub/vendor/laravel/framework/src/Illuminate/Pipeline/Pipeline.php(209): Illuminate\\Http\\Middleware\\HandleCors->handle()
#40 /var/www/woodson/thehub/vendor/laravel/framework/src/Illuminate/Http/Middleware/TrustProxies.php(58): Illuminate\\Pipeline\\Pipeline->Illuminate\\Pipeline\\{closure}()
#41 /var/www/woodson/thehub/vendor/laravel/framework/src/Illuminate/Pipeline/Pipeline.php(209): Illuminate\\Http\\Middleware\\TrustProxies->handle()
#42 /var/www/woodson/thehub/vendor/laravel/framework/src/Illuminate/Foundation/Http/Middleware/InvokeDeferredCallbacks.php(22): Illuminate\\Pipeline\\Pipeline->Illuminate\\Pipeline\\{closure}()
#43 /var/www/woodson/thehub/vendor/laravel/framework/src/Illuminate/Pipeline/Pipeline.php(209): Illuminate\\Foundation\\Http\\Middleware\\InvokeDeferredCallbacks->handle()
#44 /var/www/woodson/thehub/vendor/laravel/framework/src/Illuminate/Pipeline/Pipeline.php(127): Illuminate\\Pipeline\\Pipeline->Illuminate\\Pipeline\\{closure}()
#45 /var/www/woodson/thehub/vendor/laravel/framework/src/Illuminate/Foundation/Http/Kernel.php(176): Illuminate\\Pipeline\\Pipeline->then()
#46 /var/www/woodson/thehub/vendor/laravel/framework/src/Illuminate/Foundation/Http/Kernel.php(145): Illuminate\\Foundation\\Http\\Kernel->sendRequestThroughRouter()
#47 /var/www/woodson/thehub/public/laravel.php(34): Illuminate\\Foundation\\Http\\Kernel->handle()
#48 {main}
"} 
[2026-02-12 12:32:38] production.ERROR: Target class [role] does not exist. {"exception":"[object] (Illuminate\\Contracts\\Container\\BindingResolutionException(code: 0): Target class [role] does not exist. at /var/www/woodson/thehub/vendor/laravel/framework/src/Illuminate/Container/Container.php:961)
[stacktrace]
#0 /var/www/woodson/thehub/vendor/laravel/framework/src/Illuminate/Container/Container.php(832): Illuminate\\Container\\Container->build()
#1 /var/www/woodson/thehub/vendor/laravel/framework/src/Illuminate/Foundation/Application.php(1078): Illuminate\\Container\\Container->resolve()
#2 /var/www/woodson/thehub/vendor/laravel/framework/src/Illuminate/Container/Container.php(763): Illuminate\\Foundation\\Application->resolve()
#3 /var/www/woodson/thehub/vendor/laravel/framework/src/Illuminate/Foundation/Application.php(1058): Illuminate\\Container\\Container->make()
#4 /var/www/woodson/thehub/vendor/laravel/framework/src/Illuminate/Foundation/Http/Kernel.php(258): Illuminate\\Foundation\\Application->make()
#5 /var/www/woodson/thehub/vendor/laravel/framework/src/Illuminate/Foundation/Http/Kernel.php(216): Illuminate\\Foundation\\Http\\Kernel->terminateMiddleware()
#6 /var/www/woodson/thehub/public/laravel.php(40): Illuminate\\Foundation\\Http\\Kernel->terminate()
#7 {main}

[previous exception] [object] (ReflectionException(code: -1): Class \"role\" does not exist at /var/www/woodson/thehub/vendor/laravel/framework/src/Illuminate/Container/Container.php:959)
[stacktrace]
#0 /var/www/woodson/thehub/vendor/laravel/framework/src/Illuminate/Container/Container.php(959): ReflectionClass->__construct()
#1 /var/www/woodson/thehub/vendor/laravel/framework/src/Illuminate/Container/Container.php(832): Illuminate\\Container\\Container->build()
#2 /var/www/woodson/thehub/vendor/laravel/framework/src/Illuminate/Foundation/Application.php(1078): Illuminate\\Container\\Container->resolve()
#3 /var/www/woodson/thehub/vendor/laravel/framework/src/Illuminate/Container/Container.php(763): Illuminate\\Foundation\\Application->resolve()
#4 /var/www/woodson/thehub/vendor/laravel/framework/src/Illuminate/Foundation/Application.php(1058): Illuminate\\Container\\Container->make()
#5 /var/www/woodson/thehub/vendor/laravel/framework/src/Illuminate/Foundation/Http/Kernel.php(258): Illuminate\\Foundation\\Application->make()
#6 /var/www/woodson/thehub/vendor/laravel/framework/src/Illuminate/Foundation/Http/Kernel.php(216): Illuminate\\Foundation\\Http\\Kernel->terminateMiddleware()
#7 /var/www/woodson/thehub/public/laravel.php(40): Illuminate\\Foundation\\Http\\Kernel->terminate()
#8 {main}
"} 
[2026-02-12 12:45:24] production.ERROR: Command "tinker" is not defined. {"exception":"[object] (Symfony\\Component\\Console\\Exception\\CommandNotFoundException(code: 0): Command \"tinker\" is not defined. at /var/www/woodson/thehub/vendor/symfony/console/Application.php:740)
[stacktrace]
#0 /var/www/woodson/thehub/vendor/symfony/console/Application.php(298): Symfony\\Component\\Console\\Application->find()
#1 /var/www/woodson/thehub/vendor/symfony/console/Application.php(195): Symfony\\Component\\Console\\Application->doRun()
#2 /var/www/woodson/thehub/vendor/laravel/framework/src/Illuminate/Foundation/Console/Kernel.php(198): Symfony\\Component\\Console\\Application->run()
#3 /var/www/woodson/thehub/vendor/laravel/framework/src/Illuminate/Foundation/Application.php(1235): Illuminate\\Foundation\\Console\\Kernel->handle()
#4 /var/www/woodson/thehub/artisan(16): Illuminate\\Foundation\\Application->handleCommand()
#5 {main}
"} 
[2026-02-12 13:01:01] production.ERROR: Command "tinker" is not defined. {"exception":"[object] (Symfony\\Component\\Console\\Exception\\CommandNotFoundException(code: 0): Command \"tinker\" is not defined. at /var/www/woodson/thehub/vendor/symfony/console/Application.php:740)
[stacktrace]
#0 /var/www/woodson/thehub/vendor/symfony/console/Application.php(298): Symfony\\Component\\Console\\Application->find()
#1 /var/www/woodson/thehub/vendor/symfony/console/Application.php(195): Symfony\\Component\\Console\\Application->doRun()
#2 /var/www/woodson/thehub/vendor/laravel/framework/src/Illuminate/Foundation/Console/Kernel.php(198): Symfony\\Component\\Console\\Application->run()
#3 /var/www/woodson/thehub/vendor/laravel/framework/src/Illuminate/Foundation/Application.php(1235): Illuminate\\Foundation\\Console\\Kernel->handle()
#4 /var/www/woodson/thehub/artisan(16): Illuminate\\Foundation\\Application->handleCommand()
#5 {main}
"} 
[2026-02-12 13:01:14] production.ERROR: Uncaught Error: Undefined constant "CSP_NONCE" in /var/www/woodson/thehub/storage/framework/views/cc80d00ba90c7f45f8b2ce7b9237491b.php:886
Stack trace:
#0 /var/www/woodson/thehub/vendor/laravel/framework/src/Illuminate/Filesystem/Filesystem.php(123): require()
#1 /var/www/woodson/thehub/vendor/laravel/framework/src/Illuminate/Filesystem/Filesystem.php(124): Illuminate\Filesystem\Filesystem::Illuminate\Filesystem\{closure}()
#2 /var/www/woodson/thehub/vendor/laravel/framework/src/Illuminate/View/Engines/PhpEngine.php(58): Illuminate\Filesystem\Filesystem->getRequire()
#3 /var/www/woodson/thehub/vendor/laravel/framework/src/Illuminate/View/Engines/CompilerEngine.php(75): Illuminate\View\Engines\PhpEngine->evaluatePath()
#4 /var/www/woodson/thehub/vendor/laravel/framework/src/Illuminate/View/View.php(209): Illuminate\View\Engines\CompilerEngine->get()
#5 /var/www/woodson/thehub/vendor/laravel/framework/src/Illuminate/View/View.php(192): Illuminate\View\View->getContents()
#6 /var/www/woodson/thehub/vendor/laravel/framework/src/Illuminate/View/View.php(161): Illuminate\View\View->renderContents()
#7 Command line code(8): Illuminate\View\View->render()
#8 {main}

Next Illuminate\View\ViewException: Undefined constant "CSP_NONCE" (View: /var/www/woodson/thehub/resources/views/admin/settings.blade.php) in /var/www/woodson/thehub/storage/framework/views/cc80d00ba90c7f45f8b2ce7b9237491b.php:886
Stack trace:
#0 /var/www/woodson/thehub/vendor/laravel/framework/src/Illuminate/View/Engines/PhpEngine.php(60): Illuminate\View\Engines\CompilerEngine->handleViewException()
#1 /var/www/woodson/thehub/vendor/laravel/framework/src/Illuminate/View/Engines/CompilerEngine.php(75): Illuminate\View\Engines\PhpEngine->evaluatePath()
#2 /var/www/woodson/thehub/vendor/laravel/framework/src/Illuminate/View/View.php(209): Illuminate\View\Engines\CompilerEngine->get()
#3 /var/www/woodson/thehub/vendor/laravel/framework/src/Illuminate/View/View.php(192): Illuminate\View\View->getContents()
#4 /var/www/woodson/thehub/vendor/laravel/framework/src/Illuminate/View/View.php(161): Illuminate\View\View->renderContents()
#5 Command line code(8): Illuminate\View\View->render()
#6 {main}
  thrown {"exception":"[object] (Symfony\\Component\\ErrorHandler\\Error\\FatalError(code: 0): Uncaught Error: Undefined constant \"CSP_NONCE\" in /var/www/woodson/thehub/storage/framework/views/cc80d00ba90c7f45f8b2ce7b9237491b.php:886
Stack trace:
#0 /var/www/woodson/thehub/vendor/laravel/framework/src/Illuminate/Filesystem/Filesystem.php(123): require()
#1 /var/www/woodson/thehub/vendor/laravel/framework/src/Illuminate/Filesystem/Filesystem.php(124): Illuminate\\Filesystem\\Filesystem::Illuminate\\Filesystem\\{closure}()
#2 /var/www/woodson/thehub/vendor/laravel/framework/src/Illuminate/View/Engines/PhpEngine.php(58): Illuminate\\Filesystem\\Filesystem->getRequire()
#3 /var/www/woodson/thehub/vendor/laravel/framework/src/Illuminate/View/Engines/CompilerEngine.php(75): Illuminate\\View\\Engines\\PhpEngine->evaluatePath()
#4 /var/www/woodson/thehub/vendor/laravel/framework/src/Illuminate/View/View.php(209): Illuminate\\View\\Engines\\CompilerEngine->get()
#5 /var/www/woodson/thehub/vendor/laravel/framework/src/Illuminate/View/View.php(192): Illuminate\\View\\View->getContents()
#6 /var/www/woodson/thehub/vendor/laravel/framework/src/Illuminate/View/View.php(161): Illuminate\\View\\View->renderContents()
#7 Command line code(8): Illuminate\\View\\View->render()
#8 {main}

Next Illuminate\\View\\ViewException: Undefined constant \"CSP_NONCE\" (View: /var/www/woodson/thehub/resources/views/admin/settings.blade.php) in /var/www/woodson/thehub/storage/framework/views/cc80d00ba90c7f45f8b2ce7b9237491b.php:886
Stack trace:
#0 /var/www/woodson/thehub/vendor/laravel/framework/src/Illuminate/View/Engines/PhpEngine.php(60): Illuminate\\View\\Engines\\CompilerEngine->handleViewException()
#1 /var/www/woodson/thehub/vendor/laravel/framework/src/Illuminate/View/Engines/CompilerEngine.php(75): Illuminate\\View\\Engines\\PhpEngine->evaluatePath()
#2 /var/www/woodson/thehub/vendor/laravel/framework/src/Illuminate/View/View.php(209): Illuminate\\View\\Engines\\CompilerEngine->get()
#3 /var/www/woodson/thehub/vendor/laravel/framework/src/Illuminate/View/View.php(192): Illuminate\\View\\View->getContents()
#4 /var/www/woodson/thehub/vendor/laravel/framework/src/Illuminate/View/View.php(161): Illuminate\\View\\View->renderContents()
#5 Command line code(8): Illuminate\\View\\View->render()
#6 {main}
  thrown at /var/www/woodson/thehub/storage/framework/views/cc80d00ba90c7f45f8b2ce7b9237491b.php:886)
[stacktrace]
#0 /var/www/woodson/thehub/vendor/laravel/framework/src/Illuminate/Foundation/Bootstrap/HandleExceptions.php(247): Symfony\\Component\\ErrorHandler\\Error\\FatalError->__construct(message: '...', code: '...', error: '...', traceOffset: '...', traceArgs: '...', trace: '...')
#1 /var/www/woodson/thehub/vendor/laravel/framework/src/Illuminate/Foundation/Bootstrap/HandleExceptions.php(234): Illuminate\\Foundation\\Bootstrap\\HandleExceptions->fatalErrorFromPhpError(error: '...', traceOffset: '...')
#2 /var/www/woodson/thehub/vendor/laravel/framework/src/Illuminate/Foundation/Bootstrap/HandleExceptions.php(258): Illuminate\\Foundation\\Bootstrap\\HandleExceptions->handleShutdown()
#3 /var/www/woodson/thehub/vendor/laravel/framework/src/Illuminate/Foundation/Bootstrap/HandleExceptions.php(0): Illuminate\\Foundation\\Bootstrap\\HandleExceptions->Illuminate\\Foundation\\Bootstrap\\{closure:/var/www/woodson/thehub/vendor/laravel/framework/src/Illuminate/Foundation/Bootstrap/HandleExceptions.php:257-259}()
#4 {main}
"} 
[2026-02-12 13:01:21] production.ERROR: Uncaught Error: Undefined constant "CSP_NONCE" in /var/www/woodson/thehub/storage/framework/views/cc80d00ba90c7f45f8b2ce7b9237491b.php:886
Stack trace:
#0 /var/www/woodson/thehub/vendor/laravel/framework/src/Illuminate/Filesystem/Filesystem.php(123): require()
#1 /var/www/woodson/thehub/vendor/laravel/framework/src/Illuminate/Filesystem/Filesystem.php(124): Illuminate\Filesystem\Filesystem::Illuminate\Filesystem\{closure}()
#2 /var/www/woodson/thehub/vendor/laravel/framework/src/Illuminate/View/Engines/PhpEngine.php(58): Illuminate\Filesystem\Filesystem->getRequire()
#3 /var/www/woodson/thehub/vendor/laravel/framework/src/Illuminate/View/Engines/CompilerEngine.php(75): Illuminate\View\Engines\PhpEngine->evaluatePath()
#4 /var/www/woodson/thehub/vendor/laravel/framework/src/Illuminate/View/View.php(209): Illuminate\View\Engines\CompilerEngine->get()
#5 /var/www/woodson/thehub/vendor/laravel/framework/src/Illuminate/View/View.php(192): Illuminate\View\View->getContents()
#6 /var/www/woodson/thehub/vendor/laravel/framework/src/Illuminate/View/View.php(161): Illuminate\View\View->renderContents()
#7 Command line code(8): Illuminate\View\View->render()
#8 {main}

Next Illuminate\View\ViewException: Undefined constant "CSP_NONCE" (View: /var/www/woodson/thehub/resources/views/admin/settings.blade.php) in /var/www/woodson/thehub/storage/framework/views/cc80d00ba90c7f45f8b2ce7b9237491b.php:886
Stack trace:
#0 /var/www/woodson/thehub/vendor/laravel/framework/src/Illuminate/View/Engines/PhpEngine.php(60): Illuminate\View\Engines\CompilerEngine->handleViewException()
#1 /var/www/woodson/thehub/vendor/laravel/framework/src/Illuminate/View/Engines/CompilerEngine.php(75): Illuminate\View\Engines\PhpEngine->evaluatePath()
#2 /var/www/woodson/thehub/vendor/laravel/framework/src/Illuminate/View/View.php(209): Illuminate\View\Engines\CompilerEngine->get()
#3 /var/www/woodson/thehub/vendor/laravel/framework/src/Illuminate/View/View.php(192): Illuminate\View\View->getContents()
#4 /var/www/woodson/thehub/vendor/laravel/framework/src/Illuminate/View/View.php(161): Illuminate\View\View->renderContents()
#5 Command line code(8): Illuminate\View\View->render()
#6 {main}
  thrown {"exception":"[object] (Symfony\\Component\\ErrorHandler\\Error\\FatalError(code: 0): Uncaught Error: Undefined constant \"CSP_NONCE\" in /var/www/woodson/thehub/storage/framework/views/cc80d00ba90c7f45f8b2ce7b9237491b.php:886
Stack trace:
#0 /var/www/woodson/thehub/vendor/laravel/framework/src/Illuminate/Filesystem/Filesystem.php(123): require()
#1 /var/www/woodson/thehub/vendor/laravel/framework/src/Illuminate/Filesystem/Filesystem.php(124): Illuminate\\Filesystem\\Filesystem::Illuminate\\Filesystem\\{closure}()
#2 /var/www/woodson/thehub/vendor/laravel/framework/src/Illuminate/View/Engines/PhpEngine.php(58): Illuminate\\Filesystem\\Filesystem->getRequire()
#3 /var/www/woodson/thehub/vendor/laravel/framework/src/Illuminate/View/Engines/CompilerEngine.php(75): Illuminate\\View\\Engines\\PhpEngine->evaluatePath()
#4 /var/www/woodson/thehub/vendor/laravel/framework/src/Illuminate/View/View.php(209): Illuminate\\View\\Engines\\CompilerEngine->get()
#5 /var/www/woodson/thehub/vendor/laravel/framework/src/Illuminate/View/View.php(192): Illuminate\\View\\View->getContents()
#6 /var/www/woodson/thehub/vendor/laravel/framework/src/Illuminate/View/View.php(161): Illuminate\\View\\View->renderContents()
#7 Command line code(8): Illuminate\\View\\View->render()
#8 {main}

Next Illuminate\\View\\ViewException: Undefined constant \"CSP_NONCE\" (View: /var/www/woodson/thehub/resources/views/admin/settings.blade.php) in /var/www/woodson/thehub/storage/framework/views/cc80d00ba90c7f45f8b2ce7b9237491b.php:886
Stack trace:
#0 /var/www/woodson/thehub/vendor/laravel/framework/src/Illuminate/View/Engines/PhpEngine.php(60): Illuminate\\View\\Engines\\CompilerEngine->handleViewException()
#1 /var/www/woodson/thehub/vendor/laravel/framework/src/Illuminate/View/Engines/CompilerEngine.php(75): Illuminate\\View\\Engines\\PhpEngine->evaluatePath()
#2 /var/www/woodson/thehub/vendor/laravel/framework/src/Illuminate/View/View.php(209): Illuminate\\View\\Engines\\CompilerEngine->get()
#3 /var/www/woodson/thehub/vendor/laravel/framework/src/Illuminate/View/View.php(192): Illuminate\\View\\View->getContents()
#4 /var/www/woodson/thehub/vendor/laravel/framework/src/Illuminate/View/View.php(161): Illuminate\\View\\View->renderContents()
#5 Command line code(8): Illuminate\\View\\View->render()
#6 {main}
  thrown at /var/www/woodson/thehub/storage/framework/views/cc80d00ba90c7f45f8b2ce7b9237491b.php:886)
[stacktrace]
#0 /var/www/woodson/thehub/vendor/laravel/framework/src/Illuminate/Foundation/Bootstrap/HandleExceptions.php(247): Symfony\\Component\\ErrorHandler\\Error\\FatalError->__construct(message: '...', code: '...', error: '...', traceOffset: '...', traceArgs: '...', trace: '...')
#1 /var/www/woodson/thehub/vendor/laravel/framework/src/Illuminate/Foundation/Bootstrap/HandleExceptions.php(234): Illuminate\\Foundation\\Bootstrap\\HandleExceptions->fatalErrorFromPhpError(error: '...', traceOffset: '...')
#2 /var/www/woodson/thehub/vendor/laravel/framework/src/Illuminate/Foundation/Bootstrap/HandleExceptions.php(258): Illuminate\\Foundation\\Bootstrap\\HandleExceptions->handleShutdown()
#3 /var/www/woodson/thehub/vendor/laravel/framework/src/Illuminate/Foundation/Bootstrap/HandleExceptions.php(0): Illuminate\\Foundation\\Bootstrap\\HandleExceptions->Illuminate\\Foundation\\Bootstrap\\{closure:/var/www/woodson/thehub/vendor/laravel/framework/src/Illuminate/Foundation/Bootstrap/HandleExceptions.php:257-259}()
#4 {main}
"} 
